example_id,subset,input_snr,input_si_sdr,input_stoi,input_pesq,l1_output_snr,l1_output_si_sdr,l1_output_stoi,l1_output_pesq,mrstft_output_snr,mrstft_output_si_sdr,mrstft_output_stoi,mrstft_output_pesq,combined_output_snr,combined_output_si_sdr,combined_output_stoi,combined_output_pesq
0,EXISTING_PROXY,-9.446361064910889,-10.00088397520749,0.6639386326113634,1.065703272819519,-2.5555363297462463,-11.746092955848757,0.4532729355146938,1.046144962310791,-8.487886190414429,-10.235762393710457,0.6641808403141043,1.0946316719055176,-9.12025511264801,-10.359526353840971,0.6641191971487926,1.0606492757797241
1,IoBT_GUNFIRE,15.268360376358032,14.960515932990656,0.9573041802461482,1.6599745750427246,7.535555362701416,6.891062842119874,0.93586984362647,1.7196307182312012,13.75331163406372,14.548042446519515,0.9573022950465687,1.678114414215088,14.791394472122192,14.721120087224328,0.9573227438148055,1.6700763702392578
2,IoBT_GUNFIRE,2.499198764562607,-0.1008081349223382,0.6675555144120368,1.1110472679138184,4.058835208415985,-1.2430039724821835,0.7732885350318918,1.1791374683380127,3.1875094771385193,-0.7150722593084863,0.6680752440043443,1.1164618730545044,2.7789393067359924,-0.6134991373841033,0.6679216688724022,1.1163250207901
3,EXISTING_PROXY,1.658085435628891,-0.002463403397562492,0.3914255469396406,1.2384345531463623,6.4666712284088135,3.094820029691905,0.2955176960822091,1.4207226037979126,2.2579239308834076,-0.39696598592288124,0.39168805419609515,1.251708745956421,2.214011996984482,-0.03536428232090735,0.3914371074672868,1.2424631118774414
4,IoBT_GUNFIRE,5.60377836227417,4.9749572053828475,0.8215823712838415,1.2263762950897217,11.169571876525879,10.167090023363638,0.8805346225528413,1.2991523742675781,6.622140407562256,5.247677878624383,0.8223006486734336,1.2402710914611816,6.18560254573822,5.0757586884240276,0.8220399472495109,1.2352604866027832
5,EXISTING_PROXY,0.26756010949611664,-0.036748527036225644,0.7764997679530121,1.183814287185669,3.7335604429244995,1.4707986263426291,0.658367230590204,1.1162608861923218,1.1982955783605576,-0.031491463448820825,0.7768323636961744,1.1871463060379028,0.8085024356842041,-0.045675658349597255,0.7768645227966204,1.1860045194625854
6,EXISTING_PROXY,10.358999967575073,10.110573312257205,0.943262302243764,3.1549627780914307,9.076287150382996,8.110364168172898,0.908372727123916,2.0750038623809814,9.77401077747345,8.901125931722385,0.9431936442340269,3.1640310287475586,9.583695530891418,8.864572649455654,0.9433070574576198,3.163198471069336
7,EXISTING_PROXY,21.798977851867676,20.003650387279272,0.8556119807694297,2.0556182861328125,20.39097547531128,18.540951495333907,0.8703725460869395,2.0893630981445312,18.59141707420349,19.126234770058204,0.8556912007820939,2.0593221187591553,20.025763511657715,18.93691368704401,0.8556356734805011,2.0574686527252197
8,IoBT_GUNFIRE,5.602538585662842,5.027141035910319,0.7924730925718024,1.260322093963623,11.444555521011353,10.560731990427554,0.8333378476442616,1.3285682201385498,6.663258075714111,5.275202812314626,0.793116258440935,1.2714717388153076,6.103561520576477,5.0051334536614,0.7929342028374942,1.2693815231323242
9,IoBT_GUNFIRE,20.043094158172607,16.56894390584459,0.7097905831851101,1.255425214767456,17.5714111328125,14.054489297839048,0.7104994491539467,1.3521275520324707,13.677985668182373,15.225222660297694,0.7100056445661358,1.2656102180480957,16.525070667266846,15.679347593600694,0.7100254729100588,1.2624614238739014
10,IoBT_GUNFIRE,14.99997854232788,6.389118169531783,0.9797703862413722,2.3023154735565186,15.383886098861694,5.977818030129811,0.9922004107270462,2.8121049404144287,12.466802597045898,6.288268103658226,0.9798553862758785,2.352792263031006,13.580689430236816,5.707546365869028,0.9797889050276269,2.329080104827881
11,IoBT_GUNFIRE,6.020785570144653,5.1045704356018415,0.9438322073849634,2.379096031188965,12.106801271438599,10.866620902289426,0.9733362583469464,2.354949951171875,6.700600981712341,4.966237992068296,0.9440488716993364,2.347639560699463,6.4488571882247925,5.016513064526828,0.943928010069421,2.3603708744049072
12,IoBT_GUNFIRE,0.043497662991285324,0.006520989382785471,0.6917680365720615,1.131441354751587,0.15981579199433327,-1.7267321575888146,0.6958231243348277,1.1298353672027588,0.8718058466911316,-0.33737665498254027,0.6917053647410996,1.1302043199539185,0.5415588617324829,-0.18771994704883668,0.6917517864801214,1.131052851676941
13,IoBT_GUNFIRE,17.07003355026245,14.976906042791494,0.691350029126192,2.3110764026641846,18.942506313323975,16.886664686885947,0.6945697912184599,2.3925437927246094,16.850837469100952,15.549508069547247,0.6914313038597615,2.3573687076568604,17.251570224761963,15.172179629599277,0.6914257472676087,2.3144545555114746
14,IoBT_GUNFIRE,6.67293906211853,5.011411145161522,0.9785969185616236,1.8133565187454224,10.682052373886108,8.762485001774724,0.9795763325238891,1.991711139678955,7.7011412382125854,5.24350826784868,0.9786311417514456,1.8282063007354736,7.3155295848846436,5.154273544085953,0.9786100198503551,1.8206744194030762
15,EXISTING_PROXY,0.36112699657678604,0.02027675465164347,0.8714482614511536,1.1166770458221436,5.918771028518677,4.357619202813681,0.8759375239560461,1.2237650156021118,1.4895425736904144,0.22399988901215384,0.8717027632357417,1.123929738998413,0.5285228043794632,-0.29771124720278086,0.8715730898106101,1.1283503770828247
16,IoBT_GUNFIRE,5.000011920928955,5.014885799431685,0.7206696484922673,1.2581785917282104,0.315522663295269,-0.6316828860937335,0.7605255529664599,1.3551068305969238,4.752184152603149,3.9770030776602128,0.7212918149492593,1.3029378652572632,1.7973321676254272,1.3114529977316745,0.7210769396551272,1.3351051807403564
17,IoBT_GUNFIRE,0.5542906746268272,-0.21510591574966914,0.7953744453635422,1.087267518043518,4.801004528999329,2.4605922071500563,0.7322108326928083,1.1696542501449585,1.8392008543014526,0.10357833232425158,0.7956342793869465,1.0891616344451904,1.2857414782047272,-0.06029301611347674,0.7955632915756414,1.0887255668640137
18,EXISTING_PROXY,1.0354386148492267e-06,0.09609867542403261,0.7776845776039307,1.2720329761505127,0.2742847241461277,-1.9300973315048473,0.7242090753452408,1.183703064918518,0.8936403691768646,-0.12103022548078793,0.7773627186728209,1.2748621702194214,0.4248000308871269,-0.13396279917019746,0.7775084873040007,1.275061011314392
19,IoBT_GUNFIRE,16.86853289604187,15.013363983532454,0.8242706629851934,1.5012595653533936,14.931986331939697,12.848354489875346,0.8482866273944532,1.5033526420593262,15.602631568908691,14.207410960677915,0.8242495490339498,1.505436658859253,11.514053344726562,9.231129366323284,0.8242651620851262,1.5177512168884277
20,IoBT_GUNFIRE,15.222421884536743,14.980988547326453,0.9520873470715835,2.9167239665985107,13.829023838043213,13.452245951367479,0.9540172291849629,2.2909281253814697,13.559516668319702,13.808637336347818,0.9521151923478864,2.939981698989868,10.286478996276855,9.663008889500336,0.9520611632943009,2.9540748596191406
21,EXISTING_PROXY,12.288843393325806,9.976769812967461,0.9390554861893149,2.0591156482696533,10.103341341018677,7.332254909902158,0.932736781321226,2.128265857696533,11.650176048278809,8.836607638076476,0.9390471054964138,2.074594736099243,12.428592443466187,9.716568679101737,0.9390175664549972,2.0625975131988525
22,IoBT_GUNFIRE,5.000063180923462,4.974334748936943,0.8457734608350229,1.4039629697799683,4.381134212017059,2.472109765483759,0.7764544883696551,1.4030439853668213,5.684309601783752,4.7095912006171226,0.8459338871454236,1.4071170091629028,5.482805967330933,4.834698111722765,0.8458136042050781,1.406456708908081
23,IoBT_GUNFIRE,10.221692323684692,10.029338856259205,0.9145826863651645,1.405883550643921,9.714557528495789,9.321877260944195,0.9183308738713633,1.4111357927322388,10.624210834503174,9.994336807194133,0.9148572862049662,1.3998644351959229,10.639196634292603,10.063923597981265,0.9147390641140163,1.4022328853607178
24,IoBT_GUNFIRE,0.3136754408478737,0.025590250207946936,0.6825372005341064,1.1437650918960571,3.717065155506134,1.5624115370366516,0.5504301226885167,1.1932350397109985,0.5588646978139877,-0.6089947881138784,0.6828653583794033,1.1823636293411255,-1.1557582765817642,-1.9567526457278583,0.6828077007665241,1.2002873420715332
25,IoBT_GUNFIRE,15.604236125946045,15.018546279534984,0.987616090845094,2.048214912414551,12.19510555267334,11.415025945435886,0.9859535339888791,2.2304863929748535,14.634146690368652,14.724071090021287,0.9875631102469046,2.076979398727417,7.209969162940979,6.124302304727988,0.9875800385683882,2.1420202255249023
26,EXISTING_PROXY,15.36134123802185,15.00304176577379,0.9643011940280302,1.7139132022857666,14.44344162940979,13.90902506895088,0.9672922204123586,2.1116669178009033,14.069260358810425,14.481445324106483,0.964343636746084,1.9573149681091309,14.239951372146606,13.806516817590978,0.964324806157732,1.9591012001037598
27,IoBT_GUNFIRE,0.13156121596693993,-0.18280954194723809,0.8050585191049766,1.2239720821380615,-2.305348962545395,-3.59585998806018,0.8169143981240073,1.3024951219558716,0.5998337641358376,-0.627444197594149,0.8051173781090546,1.2238589525222778,0.30167702585458755,-0.5196755722097374,0.8051585354036956,1.224846363067627
28,EXISTING_PROXY,6.190426349639893,4.9486072491966935,0.8729709540208122,1.2293376922607422,7.668436765670776,5.5482032669055625,0.8196857884268314,1.255356788635254,6.990221738815308,4.9674591872637635,0.8734993838967289,1.2376530170440674,6.6107141971588135,4.866815030348485,0.8731686643928626,1.2343573570251465
29,IoBT_GUNFIRE,10.808502435684204,9.988319515263495,0.9320258428758554,1.5034469366073608,12.660926580429077,11.665635930528387,0.9440848586947759,1.7654030323028564,11.219713687896729,10.065660606284625,0.9320097794422465,1.6265058517456055,11.255005598068237,10.051119850903687,0.9320305690183408,1.6256871223449707
30,IoBT_GUNFIRE,1.5531578867467033e-06,0.0027306479086283038,0.6917947164088756,1.0908786058425903,4.358469247817993,2.8486810253170143,0.7831574133701833,1.1652510166168213,0.9957828372716904,-0.006652314571528955,0.6921674678772929,1.097607135772705,0.5107400566339493,-0.07401188487168343,0.6919092368671407,1.0957694053649902
31,IoBT_GUNFIRE,16.670626401901245,15.001898167794588,0.931198499964808,2.2170794010162354,25.605695247650146,24.220918685353453,0.9471396982415826,2.776702404022217,16.429513692855835,15.517839064085381,0.931234675052477,2.1645405292510986,16.95991039276123,15.317509004109596,0.9311917925429429,2.1915123462677
32,IoBT_GUNFIRE,0.00011182593880221248,-0.07078303912921315,0.7672969253243472,1.1896857023239136,4.710212349891663,3.2203788989521325,0.7779905925271894,1.16387140750885,1.3687850534915924,0.36381193025754216,0.7675015690539846,1.1938903331756592,0.7839789241552353,0.15047039956673267,0.7673292894509326,1.1925979852676392
33,IoBT_GUNFIRE,-3.451186716556549,-4.863350524636345,0.8505849553673381,1.4930576086044312,8.777412176132202,6.342256303374043,0.9147307706755778,1.7280077934265137,-2.5816932320594788,-5.031526971974046,0.8504833991218967,1.4932829141616821,-2.948434054851532,-4.959153845128618,0.8505375870596652,1.4933725595474243
34,EXISTING_PROXY,0.0,100.15511238642262,0.9999999999999987,4.643888473510742,34.49221134185791,31.64518002449342,0.9941777923705263,4.5768046379089355,22.781829833984375,30.974675756011727,0.9999637100782118,4.6398820877075195,27.463486194610596,36.42073779039979,0.9999810345879877,4.6418280601501465
35,IoBT_GUNFIRE,1.5464586019515991,0.1509789858089347,0.7836582109512303,1.1096104383468628,10.63080906867981,8.620592447246555,0.8054842342234598,1.199532151222229,2.5378984212875366,0.2197773416747849,0.7841599203771764,1.1091209650039673,2.038145512342453,0.09959814029532083,0.7840074195268605,1.109763264656067
36,IoBT_GUNFIRE,-4.445379078388214,-5.080069461063692,0.864449225591343,1.0563781261444092,0.41207876056432724,-2.3340607602500727,0.83938944684564,1.1266331672668457,-3.501344323158264,-5.143010437266694,0.8647722832933352,1.0560084581375122,-4.446704387664795,-5.626887197006033,0.8646391517540631,1.05885910987854
37,IoBT_GUNFIRE,-3.922182023525238,-4.963422579600084,0.7756388591642613,1.0546425580978394,2.014250010251999,-0.8389982114639216,0.7396382005876786,1.0756149291992188,-2.6339468359947205,-4.6522425861211305,0.7760542263481219,1.0550646781921387,-3.138561248779297,-4.748594544653234,0.7758700332334106,1.0548323392868042
38,IoBT_GUNFIRE,5.043221712112427,4.973719542762765,0.7543840374373522,1.2176525592803955,9.033679366111755,8.407791627331227,0.7936040471826741,1.4887785911560059,5.709630846977234,4.918623093956874,0.7552738031918085,1.242116093635559,4.888094663619995,4.357897652361988,0.7550616338973748,1.2351762056350708
39,IoBT_GUNFIRE,18.087444305419922,14.968154174134467,0.9093733328225377,3.0850958824157715,11.91366195678711,8.619042707546075,0.9451519994781422,3.996283769607544,16.12976312637329,13.108732711307313,0.9093197079914189,3.095662832260132,14.000774621963501,10.553308701302452,0.9093726307692895,3.118494749069214
40,IoBT_GUNFIRE,16.609410047531128,14.9804107933189,0.930681734316751,1.7834219932556152,16.74702286720276,15.032331503162624,0.8319964825474498,1.4869482517242432,14.88352656364441,14.04601960873823,0.9306787996574319,1.7941257953643799,15.372613668441772,13.735379138672934,0.930773090419845,1.7919111251831055
41,EXISTING_PROXY,1.3650761544704437,0.022502179200016157,0.6251152492963526,1.124556303024292,3.143724203109741,1.5600634868636212,0.6681608357881461,1.083293080329895,1.4243322610855103,-0.9108840975612255,0.6251147569693878,1.1163133382797241,1.5537241101264954,-0.3638537298224714,0.6250776263196852,1.1163147687911987
42,EXISTING_PROXY,5.000075101852417,4.941921765291036,0.7926095410389894,1.1826610565185547,4.798942506313324,3.1019838224235774,0.7364123718782029,1.1854934692382812,2.781842052936554,1.8123958907076902,0.7931974724337695,1.2041999101638794,1.8192647397518158,1.20724004473049,0.7930367121198667,1.2233017683029175
43,IoBT_GUNFIRE,20.268497467041016,20.013849087258304,0.9838015611886181,2.479687452316284,15.463768243789673,15.095613792438101,0.9831811247209944,2.464560031890869,13.823777437210083,13.883863547907387,0.9837055486517103,2.4376113414764404,16.359647512435913,16.27809782346561,0.9837367168762936,2.4572627544403076
44,IoBT_GUNFIRE,5.087369084358215,5.065872336174875,0.8402264335161229,1.1676149368286133,7.93353796005249,7.068657204229256,0.8722454734831275,1.1876754760742188,5.843411684036255,4.911334030987161,0.8402421206145188,1.1688332557678223,5.562005043029785,4.956534825919751,0.8402006935127098,1.1684931516647339
45,IoBT_GUNFIRE,8.763206005096436,4.9770566529112745,0.8316314998340857,1.4328482151031494,10.977368354797363,7.007321843889684,0.8402455754244104,1.463669776916504,9.11355197429657,4.535535015967617,0.83163051535998,1.4349159002304077,9.01493787765503,4.72495047464896,0.8316216774255151,1.4336694478988647
46,IoBT_GUNFIRE,-2.9262128472328186,-5.022940193064944,0.9981724515242569,1.8142846822738647,0.5007395893335342,-1.798981017821094,0.9982320090877495,2.0191845893859863,-2.127823382616043,-5.199903971182555,0.9981516807087871,1.8263514041900635,-2.444290369749069,-5.093415598187572,0.998170501258902,1.8258726596832275
47,IoBT_GUNFIRE,14.999974966049194,15.00208773877189,0.9218077116021169,2.358247756958008,11.813545227050781,11.631052490244233,0.90956458827592,2.352839946746826,14.138222932815552,14.571851216733124,0.9219204134586552,2.3709776401519775,13.7278151512146,13.571484573504101,0.9219570723500534,2.372540235519409
48,IoBT_GUNFIRE,20.652425289154053,20.002052150816034,0.9810338557471413,2.410281181335449,19.416441917419434,18.760715539184723,0.9800898827348822,2.447200298309326,17.775031328201294,19.616241654295447,0.9810662451467882,2.4047324657440186,18.953874111175537,18.985903081599396,0.9810539683003268,2.410209894180298
49,IoBT_GUNFIRE,15.360280275344849,15.012959918570807,0.8990696453250483,2.508218765258789,12.406222820281982,11.876984676808796,0.8896662769803891,2.2069125175476074,14.78299856185913,15.055712486091705,0.8991067231584887,2.5151875019073486,15.386075973510742,15.033184412160965,0.8991162443730512,2.511603355407715
50,IoBT_GUNFIRE,10.914208889007568,10.00408744539512,0.932947550776515,1.5823373794555664,10.44690728187561,9.278669483365737,0.9361203917989088,1.6002092361450195,10.004345178604126,8.529639769495724,0.9327682897880645,1.5828158855438232,9.716894626617432,8.37825369013594,0.9328916107518243,1.585667371749878
51,IoBT_GUNFIRE,16.42604112625122,14.99428913261722,0.994761349641015,2.300236225128174,11.903578042984009,10.128345569935535,0.9896845265501046,2.278550863265991,8.961607813835144,6.7757835331473135,0.9947620455159952,2.3197288513183594,13.408385515213013,11.707063892355388,0.9947597096161516,2.328657865524292
52,IoBT_GUNFIRE,15.554888248443604,14.994969938725916,0.9910487980214885,2.3494362831115723,14.83640193939209,14.12887319296277,0.9846961947015723,2.3262574672698975,13.365540504455566,12.98880990998201,0.990985718671386,2.3731424808502197,12.905662059783936,12.096453643432403,0.9909965317029625,2.365633249282837
53,IoBT_GUNFIRE,0.4575653374195099,0.020654847031000224,0.7568067443091171,1.2111886739730835,3.7212899327278137,0.7028086675598437,0.6643921441581854,1.2932411432266235,1.9272452592849731,0.5494165067604068,0.7569716243954054,1.2249460220336914,1.316104680299759,0.3225026695566723,0.75692289569126,1.2189927101135254
54,IoBT_GUNFIRE,17.217795848846436,15.000316783904712,0.9688855820137224,1.671156406402588,21.183781623840332,18.961895527643016,0.9685611269592522,1.8642139434814453,16.713452339172363,15.335648817996557,0.969012831461684,1.6766705513000488,17.334299087524414,15.191824218878718,0.9689952399657673,1.6737498044967651
55,IoBT_GUNFIRE,10.362093448638916,10.021457446030233,0.9252861911644469,2.6657304763793945,10.437164306640625,9.648558228173552,0.9620889030795479,2.5972955226898193,10.632785558700562,9.860484554006234,0.9252329754634246,2.667062759399414,10.687904357910156,9.947816187825454,0.9252814019945615,2.6671528816223145
56,EXISTING_PROXY,5.13195276260376,5.004167306909845,0.8993375422502582,1.746706247329712,5.030744671821594,3.214247427862951,0.8415106222734962,1.5590035915374756,5.552881956100464,4.521155959230691,0.8993136503674501,1.7582883834838867,4.746425449848175,4.0374667064113625,0.8992968379631823,1.7694982290267944
57,IoBT_GUNFIRE,-4.542593359947205,-5.019946405211517,0.5146394567139806,1.0380054712295532,-1.780366599559784,-9.011951460488719,0.400825272635652,1.0604561567306519,-3.0047592520713806,-4.413315075136669,0.5154567299586582,1.0404547452926636,-3.652433156967163,-4.673739322283769,0.5150906773914293,1.0394692420959473
58,IoBT_GUNFIRE,11.670200824737549,9.998509965576705,0.890095581184763,2.9054477214813232,19.047889709472656,17.512179479445436,0.9389685957977986,3.011328935623169,11.83773398399353,9.75299614782588,0.8900493401019498,2.9131479263305664,11.943742036819458,9.877972740311584,0.8900833148285741,2.908994197845459
59,IoBT_GUNFIRE,5.808319449424744,5.004787686091747,0.8663244964337108,1.2770916223526,6.363268494606018,4.426328569951334,0.8490005759992955,1.2033207416534424,6.878663897514343,5.259738632594766,0.8665652491416764,1.2811723947525024,6.361140608787537,5.031908697141044,0.8665095897668406,1.279966950416565
60,IoBT_GUNFIRE,-4.9565389752388,-5.005488669153229,0.7822108365600021,1.1405949592590332,-1.22336246073246,-2.547005726058349,0.767185108040808,1.1735230684280396,-4.108859896659851,-5.087180519748338,0.7826244098425298,1.138941764831543,-4.512113928794861,-5.087743107543056,0.7823858299660947,1.1398032903671265
61,IoBT_GUNFIRE,-7.24367082118988,-10.619174595018881,0.5081586428390229,1.0464887619018555,-2.446494549512863,-9.922387130935995,0.5082592344689371,1.0626049041748047,-5.890483260154724,-10.332420674690626,0.5086170534022099,1.0472662448883057,-6.452884078025818,-10.43410050841505,0.5085130294437303,1.0469406843185425
62,EXISTING_PROXY,15.043213367462158,14.982514988249445,0.9798930312630845,3.114784002304077,12.036352157592773,11.809220289804514,0.9789074971344383,3.1532862186431885,9.824082255363464,9.303954312077211,0.9799440340362036,3.1894397735595703,15.119723081588745,15.0450798587463,0.9799696780495786,3.142188310623169
63,EXISTING_PROXY,3.368922770023346,-0.011738741300958484,0.8537908456738729,1.1203298568725586,9.426337480545044,5.2411051255807415,0.8432282229052969,1.1025255918502808,3.8187190890312195,-0.5514546021904483,0.8540224242139799,1.1286654472351074,4.090810716152191,0.1458546343909654,0.8539684900571501,1.1210472583770752
64,IoBT_GUNFIRE,8.801220019449829e-06,-0.0009808698378871964,0.8209891518899533,1.3260202407836914,13.376762866973877,13.190890016910458,0.9127952157139858,1.824852705001831,0.7710621505975723,-0.5849982208543494,0.8208136720576024,1.3297513723373413,0.4814358428120613,-0.3408247053532397,0.8208970243917654,1.3339734077453613
65,IoBT_GUNFIRE,15.808486938476562,14.990166546686458,0.9451291473475265,1.718515396118164,7.745487093925476,6.525374574089763,0.9454185808838271,1.7524454593658447,10.948926210403442,9.70030240692666,0.9454889517614885,1.7206621170043945,4.387309551239014,3.0732922595856604,0.945434595712851,1.742440938949585
66,IoBT_GUNFIRE,-4.867990612983704,-4.998451611472486,0.607474049162104,1.1263935565948486,1.326192170381546,-0.41639809269149836,0.6919030500434772,1.1644374132156372,-3.8448190689086914,-5.005379292077176,0.607754244774391,1.1267282962799072,-4.352690279483795,-5.0806625605144955,0.6076427401150307,1.1273243427276611
67,EXISTING_PROXY,15.914603471755981,15.022882174238914,0.9790718787156951,2.0789706707000732,16.27451181411743,15.26521775808368,0.9780847190147319,2.2891786098480225,7.190466523170471,5.49828408199092,0.9790868161846752,2.1272504329681396,5.816354155540466,4.42802271995036,0.9790751008448686,2.1532938480377197
68,IoBT_GUNFIRE,-4.191077351570129,-4.705593794264988,0.8244865138647597,1.0667650699615479,-2.624717354774475,-4.568076055991357,0.8182467807411822,1.0754433870315552,-3.316141366958618,-4.918998835748359,0.8243634397991417,1.0663772821426392,-3.6843836307525635,-4.828188135354256,0.8244730581853459,1.0666441917419434
69,IoBT_GUNFIRE,7.288414239883423,5.057608076122287,0.8665307767949055,1.2895526885986328,10.499281883239746,8.084968052382296,0.89027936599835,1.2735297679901123,8.216220140457153,5.210699778886373,0.8667637929792007,1.2927476167678833,7.838660478591919,5.096647067610301,0.866654005955368,1.2911747694015503
70,EXISTING_PROXY,10.221463441848755,10.001895923804643,0.7312653226112114,1.1717172861099243,3.859187960624695,3.4785970480618373,0.7254888622981982,1.186987042427063,9.705566167831421,8.969178574997528,0.7313283396351451,1.1721336841583252,9.290347695350647,8.61067676324654,0.7312456359484636,1.1712778806686401
71,IoBT_GUNFIRE,10.861653089523315,9.980987279827845,0.8933599063610347,1.6992188692092896,13.60094666481018,12.530099323823713,0.9004856108967759,2.0990207195281982,11.447033882141113,10.21587556007525,0.8937475188810482,1.7252700328826904,11.252672672271729,10.016747284106298,0.8935488021591723,1.7168505191802979
72,IoBT_GUNFIRE,-3.5127559304237366,-4.987262130876057,0.6352710840123543,1.082180142402649,5.13538658618927,2.6384374673341533,0.7046755802247708,1.0914781093597412,-2.4750179052352905,-5.0211121857666985,0.6355733569496255,1.0830161571502686,-3.0459925532341003,-5.13713618221675,0.635341466129096,1.08341383934021
73,IoBT_GUNFIRE,12.00268030166626,9.98857330176904,0.9613944386258112,1.6224669218063354,15.601156949996948,13.405339148987878,0.9696089122656324,1.72665536403656,12.65842318534851,10.292376320914187,0.9613682006749892,1.6284376382827759,12.490580081939697,10.123017722409989,0.9613442084063865,1.626715898513794
74,IoBT_GUNFIRE,0.04332851618528366,0.09251272085625108,0.7406254132878076,1.2818857431411743,6.2148356437683105,5.183337274883998,0.7985108246216055,1.575580358505249,0.8344350010156631,-0.06283731813653474,0.7410980916375846,1.3909873962402344,0.42453475296497345,-0.07691343170636517,0.7409131123291932,1.3843291997909546
75,IoBT_GUNFIRE,-4.823828637599945,-5.112210151135789,0.7402657312085519,1.1986634731292725,3.495689630508423,1.683642349236317,0.7817141162442026,1.2410874366760254,-3.8610130548477173,-5.0321379012140675,0.7404192036060295,1.2428621053695679,-4.273276329040527,-5.0729815444772575,0.7403433423562418,1.2437913417816162
76,IoBT_GUNFIRE,16.48384928703308,14.999662602617011,0.968781953459067,1.9651994705200195,20.25425672531128,18.768395525989085,0.9735560185314494,1.906527042388916,16.238481998443604,15.423310706953295,0.9692573152920063,1.973823070526123,16.148662567138672,14.612198867594394,0.9691065559623934,1.9708185195922852
77,EXISTING_PROXY,10.654373168945312,9.880556465941922,0.8996455849495495,1.4652315378189087,7.561524510383606,6.799332909766812,0.9112920106275767,1.53782057762146,11.373434066772461,10.280592171646827,0.8997654032340623,1.4715834856033325,11.29231333732605,10.16513998366655,0.8997907603982909,1.4686545133590698
78,IoBT_GUNFIRE,-4.638822674751282,-4.922594609992089,0.7808358136936879,1.1342092752456665,-2.3106829822063446,-3.830318067495149,0.7876742082546829,1.2335054874420166,-3.6250486969947815,-4.9289003184849625,0.7807791782449816,1.1357966661453247,-4.051576256752014,-4.927836797279662,0.7807452784061525,1.1350913047790527
79,IoBT_GUNFIRE,10.859829187393188,9.94748781121732,0.9704201321856065,3.0191025733947754,11.20026707649231,10.106169107662158,0.9667159521271795,2.9663939476013184,11.122992038726807,9.846267538241278,0.9704613872829164,3.0155978202819824,11.131237745285034,9.88588713003504,0.9704471422349538,3.018496036529541
80,IoBT_GUNFIRE,-8.977123498916626,-10.095516851227684,0.4803312444298728,1.0224109888076782,-2.8459620475769043,-11.60803287108249,0.2801639222625062,1.0385853052139282,-7.613186240196228,-9.727896051983363,0.4802291195674326,1.0223662853240967,-8.229725956916809,-9.91027644742539,0.4801952413608279,1.0219229459762573
81,IoBT_GUNFIRE,6.671092510223389,5.054377952869213,0.8745929545152388,1.877486228942871,17.27234721183777,15.480684370472545,0.9294732236406483,2.3064451217651367,7.425999641418457,5.017105744333571,0.8745395051355748,1.8800617456436157,7.104631662368774,4.984402683692572,0.8745864674086216,1.8792694807052612
82,IoBT_GUNFIRE,10.754715204238892,10.056523782501808,0.8636108109191856,1.707674503326416,6.5674251317977905,4.685073755684154,0.8935676846047864,1.8560422658920288,10.66917896270752,9.4848822003479,0.8637087224344708,1.720314621925354,11.105083227157593,9.952045446656914,0.8636786643802538,1.7114100456237793
83,IoBT_GUNFIRE,16.423407793045044,15.00860608948209,0.8924398054836711,2.0198607444763184,15.185244083404541,13.577338804020403,0.8892372718859939,1.91510009765625,10.681039094924927,8.713990323971368,0.8924051145357897,2.0298609733581543,12.56171703338623,10.80470685390966,0.8924593063272206,2.0243449211120605
84,IoBT_GUNFIRE,10.000011920928955,10.013474505223277,0.8959401108571949,1.4953867197036743,8.001250624656677,7.637925574166633,0.9031577609534598,1.570854663848877,9.429417252540588,8.922503231270515,0.8960035357347917,1.503434181213379,8.378006219863892,7.86166678112206,0.8959996424506166,1.5126019716262817
85,EXISTING_PROXY,20.222129821777344,19.988384758547966,0.935636174738449,1.6812573671340942,17.71298050880432,17.4228068250286,0.9296050438215862,1.6609156131744385,15.120320320129395,18.309254089591985,0.9356025961486567,1.6746681928634644,16.4168381690979,17.057143772794397,0.9356335356541458,1.6825413703918457
86,IoBT_GUNFIRE,0.17670447006821632,0.04957968573975683,0.7984864586199557,1.146350383758545,2.840876877307892,1.6861246528713054,0.7950378222534731,1.2203655242919922,1.688217967748642,0.7745378117578119,0.7987487790849962,1.1526015996932983,0.9924666583538055,0.39370522744701286,0.7987391556200153,1.1506034135818481
87,IoBT_GUNFIRE,15.861241817474365,14.984185893568467,0.9704686871871316,1.860190510749817,16.10255002975464,15.165791466334614,0.9698478711082882,1.9101572036743164,14.88409161567688,14.961447954486964,0.9704313717841524,1.8664283752441406,15.75284719467163,15.009807952402571,0.9704954565311127,1.8644726276397705
88,IoBT_GUNFIRE,-1.73442542552948,-5.010288684831657,0.5295116579010227,1.078758716583252,4.204147458076477,0.06023656504554231,0.518616601454002,1.052178978919983,-0.36002371460199356,-4.54813698731824,0.5300884145499742,1.0801012516021729,-0.9189631044864655,-4.726463379968559,0.5298568440613666,1.0768696069717407
89,IoBT_GUNFIRE,6.738517880439758,5.0502329952810445,0.9441105800330788,1.5017393827438354,12.331078052520752,10.220210391057227,0.8980993753272771,1.7353713512420654,5.592323541641235,2.9389296330947783,0.9441787897361992,1.5345263481140137,7.20615029335022,4.962990075281528,0.9441167481823061,1.5044705867767334
90,IoBT_GUNFIRE,5.000004172325134,-3.068155738388869,0.6916846570796443,1.0253483057022095,9.440966248512268,-2.1469966767199193,0.7006372750848894,1.024072527885437,5.798087120056152,-2.7252928888589185,0.6923107199466718,1.0255227088928223,5.387495160102844,-3.0816611725562657,0.6919922921798075,1.0257220268249512
91,IoBT_GUNFIRE,10.806900262832642,9.982565455532995,0.9516920422136016,2.5745418071746826,-4.4658395648002625,-5.580310665597368,0.9527539491925304,2.849677801132202,2.944207489490509,1.2390949666140108,0.9516859867688131,2.650979995727539,4.559010863304138,3.257303304174842,0.951690913928972,2.620717763900757
92,EXISTING_PROXY,4.999969005584717,4.83595936845325,0.9153803901383994,1.4267096519470215,4.600091278553009,4.138895602789411,0.9172159736272703,1.4428503513336182,5.4031902551651,4.450139267589666,0.9151727305646642,1.432663083076477,5.198605060577393,4.539044016021874,0.9152857799564883,1.4301788806915283
93,EXISTING_PROXY,5.314399003982544,5.003987460617042,0.9823630910179585,3.075648784637451,9.335079789161682,8.69370017967057,0.9809103547985771,2.8075811862945557,6.5138185024261475,5.331916624314622,0.9823567477858745,3.1329152584075928,6.171586513519287,5.28436497323667,0.9823728594031639,3.104434013366699
94,IoBT_GUNFIRE,11.607445478439331,9.999397859817766,0.8769844166505499,1.7947773933410645,17.604957818984985,15.897959569902739,0.8913800842512026,2.1128265857696533,11.897310018539429,9.869861018294605,0.87711370990682,1.7973507642745972,11.972095966339111,9.998521572164986,0.8771169339286147,1.7958145141601562
95,EXISTING_PROXY,2.2181417047977448,-0.22946999264456772,0.6953923076943654,1.170005202293396,5.500321984291077,0.5748940672722878,0.6374781412942598,1.2202032804489136,3.0876576900482178,-0.3807584368591202,0.6951574972929462,1.1735203266143799,2.5381922721862793,-0.5148754853668622,0.6953891724676519,1.175108551979065
96,IoBT_GUNFIRE,-4.999995529651642,-4.882603475191968,0.6114165280511249,1.0599509477615356,1.9573891162872314,-1.950392324403729,0.5305315361107501,1.0594186782836914,-3.5872992873191833,-4.48813336940319,0.611862575755345,1.0628329515457153,-4.208759665489197,-4.687673568795804,0.6115057392714864,1.061987042427063
97,IoBT_GUNFIRE,-4.447656571865082,-4.994299520867116,0.6308221306674181,1.2108749151229858,-2.0575952529907227,-3.6600005791472725,0.5892322997438174,1.1668221950531006,-3.48992258310318,-5.027483778458587,0.6308206700646658,1.2092715501785278,-3.9255639910697937,-5.0413714497104944,0.6309234541095189,1.2101131677627563
98,IoBT_GUNFIRE,6.188008189201355,4.986765632286122,0.6415237868464536,1.1404904127120972,14.307806491851807,12.907065871597261,0.7052081755317354,1.567619800567627,7.178027033805847,5.197241593881694,0.6420173409963318,1.154664158821106,6.7595744132995605,5.062859491105952,0.641784998475636,1.1487067937850952
99,EXISTING_PROXY,16.66514277458191,14.989534545574472,0.918588624327649,1.9022586345672607,17.779662609100342,16.01850750621414,0.9238648894480445,1.9414187669754028,15.83292841911316,14.734516394344372,0.9188930140530533,1.9156399965286255,16.411244869232178,14.71932283415792,0.9187095084513096,1.9109221696853638
100,IoBT_GUNFIRE,0.3616943955421448,-0.05277154550124866,0.8373798488400879,1.1118295192718506,3.7096500396728516,2.1501865696988984,0.8045838742312285,1.175548791885376,1.6022717952728271,0.27105559009843194,0.83771152067036,1.1154201030731201,1.0721901804208755,0.11767378906318376,0.8375114561494076,1.1134045124053955
101,EXISTING_PROXY,5.505200624465942,4.951070708093903,0.9692801865158883,1.3753606081008911,4.837229549884796,3.2749877018204594,0.9057405344344474,1.3519313335418701,6.587372422218323,5.249903914862973,0.969455179690752,1.4040348529815674,4.155844449996948,3.0170655321022863,0.9693833654331531,1.4411472082138062
102,IoBT_GUNFIRE,20.267436504364014,20.005286221055943,0.9640031522332377,3.48844051361084,14.919767379760742,14.936947280329807,0.9702308966711553,3.4545254707336426,15.968104600906372,17.226901165829386,0.9639784682784791,3.4892539978027344,15.015276670455933,14.745893084606251,0.9639498636347219,3.493990182876587
103,IoBT_GUNFIRE,10.968674421310425,9.996673638231316,0.9510606532184637,1.5157368183135986,7.328784465789795,5.752392016304189,0.9477510995401124,1.7588510513305664,10.978025197982788,9.581991458604511,0.9509866601328014,1.5203440189361572,11.076481342315674,9.698103510981365,0.9510833267235067,1.5197997093200684
104,IoBT_GUNFIRE,21.673998832702637,19.99469987213037,0.996810982539778,2.3713204860687256,19.19023633003235,17.4701604423805,0.996600465186969,2.3291494846343994,15.075193643569946,13.718574003643816,0.9967880579635077,2.366037607192993,16.097280979156494,14.362628047719497,0.9967848892280642,2.3706352710723877
105,EXISTING_PROXY,-9.192067384719849,-10.242066636244989,0.3769025593497313,1.3905436992645264,-1.4022983610630035,-21.527731080723036,0.27720564888413063,1.6719801425933838,-8.240892887115479,-10.25904758971505,0.3769513674214225,2.089421272277832,-10.011289119720459,-11.286611432909865,0.37678477515488207,1.8539855480194092
106,EXISTING_PROXY,0.0,105.58154570041283,0.9999999999999991,4.643888473510742,22.41528034210205,20.637326823427937,0.9304956398190704,4.366749286651611,22.65540838241577,32.85095734503507,0.9999740645885404,4.639970779418945,27.181613445281982,36.18190301925116,0.9999844506580143,4.6417155265808105
107,EXISTING_PROXY,20.807406902313232,19.997468393214774,0.9722805877067237,2.7205467224121094,18.444844484329224,17.568069870307113,0.9733667092188992,2.7764124870300293,15.817569494247437,16.83102383287696,0.9722251200309775,2.7419421672821045,15.392038822174072,14.654575408497898,0.9722573887583401,2.7403314113616943
108,IoBT_GUNFIRE,-9.542633891105652,-9.912425567883082,0.628493950656208,1.0343968868255615,-5.411273241043091,-9.069759068258048,0.6794218247597803,1.0498039722442627,-7.966561913490295,-9.409004710836427,0.6289775266385628,1.0348669290542603,-8.617393374443054,-9.592989974725386,0.6288278592563914,1.0349361896514893
109,IoBT_GUNFIRE,0.6542659550905228,-0.06671819239551126,0.7610250285778863,1.0735740661621094,2.480142116546631,0.6186527191232526,0.768253540517128,1.151837706565857,1.5882737934589386,-0.13859582027201633,0.7609124795901585,1.0766915082931519,1.1806870251893997,-0.1307327004848988,0.7608554600364064,1.0751546621322632
110,IoBT_GUNFIRE,1.8038436770439148,-0.050289663113628105,0.8396435997028592,1.0619920492172241,5.813464522361755,2.525230514656423,0.7971485607723776,1.113329529762268,3.2027867436408997,0.14134138003499178,0.8395551227711303,1.060826063156128,2.6275023818016052,0.04408978801044766,0.8396974622867966,1.0613698959350586
111,IoBT_GUNFIRE,11.022157669067383,10.010259796128938,0.9806577311985302,1.1954762935638428,10.425007343292236,8.99983557532668,0.9725294237663921,1.1975123882293701,10.727887153625488,9.243872731351688,0.9806791189217139,1.1789789199829102,11.114895343780518,9.667377700638625,0.9806976183050936,1.1852656602859497
112,IoBT_GUNFIRE,0.5055136978626251,-0.053162115581861104,0.6839546664417547,1.1144235134124756,1.5479055047035217,0.274020619733935,0.6915519106237432,1.1349570751190186,1.86414435505867,0.39950179204250763,0.6838421099473605,1.1149924993515015,1.2833482027053833,0.19402779465961864,0.6839355682834397,1.114916443824768
113,IoBT_GUNFIRE,-7.924378514289856,-10.970865361290548,0.5150865950181437,1.079756498336792,-1.2342693656682968,-17.209052497738732,0.2746148265853231,1.131583333015442,-6.571664214134216,-10.767527950658016,0.5152313714956537,1.0808488130569458,-7.1970534324646,-10.924231499889112,0.515009592942887,1.0808380842208862
114,EXISTING_PROXY,1.6720061004161835,-0.014692596565260537,0.6237195213677075,1.2419238090515137,4.984913468360901,1.3771141940261775,0.609406401444079,1.1995762586593628,2.057325392961502,-0.526439076373068,0.6238064203421678,1.2541260719299316,2.08891361951828,-0.1458890797622044,0.6237519586596592,1.2460575103759766
115,IoBT_GUNFIRE,1.610415130853653,-0.0558603357008748,0.7544955923688411,1.148144006729126,5.758796334266663,3.255204686657784,0.8021509442528506,1.2811346054077148,2.528182864189148,-0.157335423596022,0.754531326413889,1.1496849060058594,2.1197953820228577,-0.14635677109176048,0.7545022545179543,1.1497077941894531
116,EXISTING_PROXY,-4.140752851963043,-4.963316049183745,0.664472363933047,1.0815914869308472,1.0825332254171371,-5.784675742047568,0.49719524176696794,1.086830496788025,-3.498198390007019,-5.212245928465214,0.6643172790959737,1.0850931406021118,-5.324288606643677,-6.681008947230397,0.6644583565733084,1.0966541767120361
117,IoBT_GUNFIRE,7.675080895423889,4.937746248288127,0.8007945938538614,1.1131091117858887,8.234608769416809,5.40880157832339,0.8061262022367515,1.1247762441635132,8.23657214641571,4.6071748791603335,0.8006629663163924,1.111829400062561,8.069959282875061,4.766844381805105,0.8007423845148136,1.112618327140808
118,IoBT_GUNFIRE,20.454821586608887,19.998068332876684,0.947985065331285,2.197040557861328,17.52488374710083,17.0302139665603,0.9498238794015073,3.4089009761810303,17.43852734565735,19.074988620709888,0.9483623525338047,2.207000732421875,19.131563901901245,19.452423791468593,0.9482172854559145,2.1918816566467285
119,IoBT_GUNFIRE,16.48533582687378,15.002959657063117,0.9731965612048824,1.7759535312652588,20.651497840881348,19.11542523868009,0.9821951939663386,2.1646926403045654,15.943807363510132,15.076003590651151,0.9731813565675599,1.9772156476974487,16.455836296081543,14.96398807488547,0.9731955887895922,1.9715582132339478
120,IoBT_GUNFIRE,5.408855080604553,4.9853572689221135,0.8261234655701986,1.130114197731018,10.320862531661987,9.497603691681086,0.8628401069985766,1.176033854484558,6.150824427604675,4.821934598751463,0.82618995192072,1.1314479112625122,5.843973159790039,4.827376546342092,0.8261994491630344,1.1310194730758667
121,IoBT_GUNFIRE,5.553643703460693,4.98607790870023,0.8249315579978879,1.166459321975708,10.55692195892334,9.717841051070854,0.8317950682191989,1.5099742412567139,6.237207055091858,4.665156158542797,0.8248875693787389,1.162786841392517,6.011449098587036,4.779345741605588,0.8249209042106307,1.164243221282959
122,IoBT_GUNFIRE,-4.999334216117859,-5.2096178933471595,0.7351753738620446,1.2238030433654785,-0.271101426333189,-1.2661576383810487,0.7120208578192825,1.8424445390701294,-4.413412809371948,-5.497618802710578,0.7351760119114157,1.2287622690200806,-5.631794333457947,-6.380074011015325,0.7351615156951193,1.2440149784088135
123,IoBT_GUNFIRE,0.36018121987581253,-0.10035647132676076,0.6853100728972628,1.2674616575241089,8.000973463058472,6.821727821298316,0.8256031946653596,1.2505487203598022,1.4353741705417633,-0.02028056371584519,0.6858905210682257,1.2732383012771606,0.977863073348999,-0.06919520303624642,0.6856531157278735,1.271363615989685
124,IoBT_GUNFIRE,5.604541897773743,5.044400999113099,0.8555359193886932,1.4906104803085327,5.682306885719299,5.12900881793656,0.8550575160939731,1.5441807508468628,6.267063617706299,4.87773937160987,0.8554535439321553,1.4943861961364746,6.036120057106018,4.947472238007498,0.8555052770947694,1.4910476207733154
125,EXISTING_PROXY,-7.32752799987793,-10.300704024324954,0.5443582153992218,1.1760116815567017,0.8459222316741943,-11.449028779817827,0.42744136362704893,1.0588871240615845,-6.357162594795227,-10.298732320757118,0.5446582457233675,1.1777573823928833,-6.749814748764038,-10.294362529509177,0.5443643447716542,1.1766669750213623
126,EXISTING_PROXY,1.7127697169780731,-0.024669490897474125,0.8686200272138981,1.9548227787017822,5.024445652961731,0.7658020921882194,0.8018775625382616,1.3985929489135742,2.345510870218277,-0.3386738939580878,0.8686009872420506,1.9774367809295654,2.222834676504135,-0.08009630064898093,0.868653463456616,1.9630467891693115
127,IoBT_GUNFIRE,10.703588724136353,9.99478921128792,0.7727402937095963,1.236196517944336,12.425841093063354,12.245390677397099,0.7458010258819605,1.1963005065917969,9.921270608901978,8.674132001825969,0.7727633233662669,1.242608666419983,10.075969696044922,8.909706166332445,0.7727515492628894,1.2429660558700562
128,EXISTING_PROXY,6.248287558555603,4.961996547294855,0.8718553797379648,1.2176707983016968,7.838683128356934,5.530267405589839,0.7949710891944687,1.3189237117767334,6.911128759384155,4.788396232524676,0.8718712602348917,1.222671627998352,6.6402870416641235,4.817797362435108,0.8719891328156681,1.2210454940795898
129,IoBT_GUNFIRE,16.93608522415161,15.019654199686167,0.9918190934985951,2.1954870223999023,14.811958074569702,12.672032950227226,0.9925100607883663,2.235121250152588,15.527698993682861,14.111559643739897,0.9917922356828665,2.206869125366211,15.426218509674072,13.345992674347894,0.9918181404236793,2.208390712738037
130,IoBT_GUNFIRE,6.485224962234497,5.058068743948007,0.8646324874682472,1.4655866622924805,10.174148082733154,8.406955582676115,0.8557414866780947,1.427323579788208,7.280858159065247,4.945303503566293,0.8646018683283896,1.4518141746520996,7.0151132345199585,5.012160510951985,0.8647089143180628,1.4572186470031738
131,IoBT_GUNFIRE,-4.347064793109894,-5.204958132915368,0.5484905462303213,1.0504233837127686,0.9113835543394089,-5.029282802783772,0.5025938432325573,1.0628889799118042,-2.9212692379951477,-4.808409724058392,0.548842410338811,1.0528302192687988,-3.751848042011261,-5.201393347841781,0.5487082470256008,1.0551176071166992
132,EXISTING_PROXY,16.543684005737305,15.008372270028868,0.8532773235425549,1.8139560222625732,12.949304580688477,11.173865015426363,0.8613580805707599,1.8396862745285034,10.579628944396973,8.473590123152754,0.853578503007034,1.8404693603515625,6.246929168701172,4.216119079231658,0.8534994393111979,1.8858444690704346
133,IoBT_GUNFIRE,5.861412882804871,5.021536033567199,0.7659057368855103,1.1894956827163696,8.55362355709076,7.545883304664541,0.7589056690244778,1.310302734375,7.0472025871276855,5.402939077600598,0.7661154670944282,1.194197654724121,6.614653468132019,5.24765361376004,0.765982452035118,1.192167043685913
134,IoBT_GUNFIRE,5.131893157958984,4.858167685362983,0.9045380460838017,1.5391769409179688,6.010783314704895,5.04331091527545,0.9081986626610945,1.704538106918335,4.509526491165161,3.3423398623177167,0.9046398264823345,1.565040946006775,5.0434428453445435,4.256548314938039,0.9045847713797046,1.5510166883468628
135,IoBT_GUNFIRE,10.861377716064453,9.948781690247433,0.9621089164941192,1.962275505065918,2.826489508152008,-0.34125656418407946,0.9419260110678688,1.8698878288269043,10.68321704864502,9.429298625069478,0.96211766166334,1.960254192352295,11.159191131591797,9.874350929522786,0.9621234347947544,1.9618818759918213
136,IoBT_GUNFIRE,15.00001072883606,14.97421438313333,0.9521473342366797,2.5836522579193115,8.879749178886414,8.654151223480538,0.914536286684384,1.9530816078186035,13.700369596481323,14.54644843361811,0.95226514564046,2.153384208679199,14.46775197982788,14.551291335607582,0.9521527733826122,2.603787899017334
137,IoBT_GUNFIRE,3.831106369034387e-05,0.29829757826022285,0.8693223351372864,1.156061053276062,11.465718746185303,11.233123570989918,0.9334215558512416,1.8580987453460693,1.1420446634292603,0.35033539618927956,0.8692916657369086,1.1454877853393555,0.6619221717119217,0.3151124899071251,0.8693176420957596,1.149784803390503
138,IoBT_GUNFIRE,11.736170053482056,10.016110318248694,0.9453822648044224,1.9362996816635132,11.679937839508057,9.579595683193517,0.9341297785709163,2.1892378330230713,11.228065490722656,8.974613419689,0.9455257414899345,1.9794976711273193,12.154545783996582,10.04997668893953,0.9454823400265231,1.955000638961792
139,IoBT_GUNFIRE,1.7379911243915558,-0.08139195171639281,0.667058832263414,1.12514328956604,4.286020398139954,1.8736697050636109,0.6771072888215152,1.1913015842437744,2.6599645614624023,-0.09719933914590696,0.6671015231085754,1.122813105583191,2.284858822822571,-0.08692093979262185,0.6670247465012604,1.1238981485366821
140,IoBT_GUNFIRE,5.91410219669342,5.017963305209179,0.8766527485416883,1.5044541358947754,0.4948872700333595,-5.477894776542669,0.8195103147547329,1.5251579284667969,3.92868310213089,1.860344347579562,0.8768088172912535,1.622554063796997,5.55166482925415,3.975140261947328,0.8768559766121756,1.5371193885803223
141,IoBT_GUNFIRE,5.755440592765808,4.998698431735377,0.9225366266022132,1.3987174034118652,11.774380207061768,10.742951625900119,0.9092237499912592,1.5088186264038086,6.34030818939209,4.826927457561699,0.9227647029074519,1.3988724946975708,6.12606942653656,4.897953526196367,0.9226260701960417,1.3991458415985107
142,EXISTING_PROXY,1.7344866693019867,0.0022035592513849015,0.6432806730541446,1.2158098220825195,3.288950026035309,-2.4926530968318095,0.5558821916543079,1.169346570968628,2.469768673181534,-0.18098974305933846,0.6434447938175798,1.2209340333938599,2.260735183954239,-0.00877748586288569,0.6432832623339023,1.2175943851470947
143,IoBT_GUNFIRE,11.13396167755127,9.968254563520793,0.9263265862375489,1.8822567462921143,12.318967580795288,11.026231864425913,0.9276269635300249,1.9386674165725708,11.629667282104492,10.121008097775785,0.9264952763949573,1.8837974071502686,11.531745195388794,10.011188427325845,0.9264068016628647,1.8823902606964111
144,EXISTING_PROXY,16.133089065551758,14.996606895188492,0.9497594590260899,1.8645339012145996,17.33845829963684,16.15819286015124,0.9594966105368339,2.0805282592773438,15.443177223205566,14.935965803673387,0.9497670162764125,1.8629539012908936,15.94550371170044,14.797326198289563,0.9497000549976057,1.8643418550491333
145,IoBT_GUNFIRE,-2.405681312084198,-5.087212587935637,0.7427897836653027,1.1070611476898193,5.302863121032715,0.9970033517243581,0.739521850157079,1.2384803295135498,-1.1121118813753128,-4.631303820621866,0.7430221640838582,1.1159299612045288,-2.012990564107895,-5.089279627191359,0.7430648811023619,1.1180325746536255
146,IoBT_GUNFIRE,-2.5737273693084717,-5.1740394584017215,0.70497964793263,1.0556392669677734,3.8757073879241943,0.8773515407895381,0.7424784340704296,1.1012693643569946,-1.6760967671871185,-5.278095819159269,0.7054143894456291,1.0526840686798096,-2.0163509249687195,-5.1466513787502475,0.7051925116672723,1.0539824962615967
147,IoBT_GUNFIRE,-3.574018180370331,-5.043766705970033,0.7334568668406187,1.2065200805664062,5.64113974571228,2.6955936979836785,0.7048817017159666,1.1532487869262695,-2.557743787765503,-5.0459336247668976,0.7336836891116643,1.2285346984863281,-2.979883551597595,-5.035799981068213,0.7338078384364238,1.2088305950164795
148,IoBT_GUNFIRE,12.216815948486328,10.013724849246486,0.9036825362282441,1.3699581623077393,18.11091423034668,15.858696409720945,0.9111004137689078,1.3264071941375732,12.854915857315063,10.26314236691817,0.9041525192584461,1.36765718460083,12.355512380599976,9.763830421024851,0.9040929500585551,1.3650063276290894
149,IoBT_GUNFIRE,6.737453937530518,5.047530854683654,0.6249198904350599,1.4093033075332642,10.84304690361023,8.553397584245168,0.6174284642737109,1.454723596572876,7.4780261516571045,4.954120645812218,0.6251944063003836,1.4072755575180054,7.104983925819397,4.876735167902283,0.6249931623683801,1.4091053009033203
150,IoBT_GUNFIRE,15.313520431518555,14.855621671947103,0.8158193952293648,1.9822111129760742,16.12854242324829,15.608620891681458,0.8480822611522689,2.0530409812927246,14.994986057281494,15.293164755334733,0.8161292402459955,1.992620825767517,15.341038703918457,14.896952555721018,0.8158862842041215,1.9893271923065186
151,IoBT_GUNFIRE,11.246955394744873,10.006946207587283,0.9505505999793022,2.6401469707489014,11.3787841796875,10.002516258354376,0.9707429218216959,2.794771432876587,10.903339385986328,9.159581229220546,0.9505424354109061,2.6547393798828125,9.012084603309631,7.3346374016907046,0.950549808021999,2.6648025512695312
152,IoBT_GUNFIRE,14.99996542930603,15.016839135356806,0.9337626979923893,2.557241678237915,10.594455003738403,10.244192515721622,0.9233072657330308,2.3633437156677246,12.861719131469727,13.139101180937294,0.9338021681207068,2.571845531463623,13.327338695526123,13.177257394751818,0.9337886590318984,2.5646443367004395
153,IoBT_GUNFIRE,11.242965459823608,9.9385255269537,0.7933749314012557,1.577955722808838,8.142598271369934,6.153481262493362,0.8003766396900923,1.6804816722869873,11.466753482818604,9.900091706483195,0.7935677932446069,1.598855972290039,11.528431177139282,9.865746005640986,0.7934555543116808,1.5887776613235474
154,IoBT_GUNFIRE,-9.594790935516357,-9.962358415439088,0.5162262568014891,1.0883572101593018,1.069556400179863,-6.74942424692132,0.4355341441732463,1.2701126337051392,-8.645354509353638,-10.124402372011698,0.5164760358896717,1.0900087356567383,-9.091851115226746,-10.104252724552348,0.5162578534539035,1.0897130966186523
155,IoBT_GUNFIRE,5.704056024551392,5.01380292205083,0.7672370339467888,1.236703634262085,13.09278130531311,12.138068898607077,0.7939871402867845,1.350692868232727,6.549012064933777,5.090735395728795,0.7677510923677104,1.245184302330017,5.845427513122559,4.674764130334628,0.7676748407970178,1.2440606355667114
156,IoBT_GUNFIRE,0.8070963621139526,-0.05256111181499448,0.7030074526939125,1.142339825630188,4.515866041183472,2.473037826090785,0.665408744059235,1.304816484451294,2.0383822917938232,0.2466517867168511,0.7033242768349743,1.1539384126663208,1.531808078289032,0.12017597048468166,0.7032074701673579,1.149142861366272
157,IoBT_GUNFIRE,1.4856022596359253,0.026601561519430553,0.7498937351908409,1.187102198600769,10.483078956604004,8.511729345708389,0.8083054642929134,1.2513278722763062,2.8720420598983765,0.5427760196728351,0.7500585257142133,1.1974313259124756,2.2952982783317566,0.31747570462364527,0.7500542937379108,1.1933047771453857
158,IoBT_GUNFIRE,10.457017421722412,10.08965451543068,0.972230194702752,1.6453008651733398,5.349173545837402,4.726067712734785,0.9695682673800955,2.0046403408050537,11.32930874824524,10.51909195925922,0.9723835534174043,1.658334493637085,9.010082483291626,8.162941449268867,0.9723361945038087,1.6629524230957031
159,IoBT_GUNFIRE,0.5549076199531555,-0.17713906722395564,0.8547820702545426,1.2957215309143066,10.040795803070068,8.968832876942091,0.8423327161926231,1.9137760400772095,1.5104055404663086,-0.3578945537550855,0.8547085408775348,1.2891911268234253,1.1291228979825974,-0.2791556460196931,0.8547220383557108,1.2921611070632935
160,IoBT_GUNFIRE,6.245981454849243,4.984137917175099,0.6043419640625363,1.2840903997421265,13.802131414413452,12.387642553332297,0.6257821865573141,1.4479708671569824,7.168747186660767,5.053406908753858,0.604273875684478,1.2768961191177368,6.834498047828674,5.0254828056315315,0.6043993884645498,1.2797812223434448
161,IoBT_GUNFIRE,-8.452314734458923,-10.139679754674603,0.6939557656146688,1.136610984802246,-4.640895426273346,-6.659551531567737,0.7315558440622248,1.303100824356079,-7.6023417711257935,-10.300282189603207,0.6939535650528784,1.1343530416488647,-7.970284819602966,-10.240193910442915,0.6939352493213803,1.135636568069458
162,IoBT_GUNFIRE,5.00364363193512,-8.358461690779906,0.7449562927994655,1.1042691469192505,17.741820812225342,3.306238588213075,0.7896562317377137,1.206249475479126,5.309928059577942,-8.749441656911378,0.7452393581119137,1.108763337135315,5.316692590713501,-8.601790921013283,0.7451737333700141,1.1051028966903687
163,IoBT_GUNFIRE,-3.513363003730774,-5.382466677762112,0.7244295444206607,1.103790044784546,1.928316354751587,-1.2819715371694524,0.8196603704711962,1.2347415685653687,-2.4136175215244293,-5.274943506576172,0.7248767043810593,1.1041762828826904,-2.8841370344161987,-5.328677344468007,0.7245747735466703,1.1041538715362549
164,EXISTING_PROXY,-8.06645154953003,-9.973825867458595,0.6544561174527055,1.0280787944793701,-6.959390640258789,-17.053430232247997,0.5539802279248681,1.0889309644699097,-6.669206619262695,-9.512847224620238,0.6546970154960009,1.0280473232269287,-7.2471195459365845,-9.684818648807022,0.6545214843371433,1.0281742811203003
165,EXISTING_PROXY,10.755735635757446,10.09808613883328,0.9393311561554413,1.5121102333068848,11.889877319335938,10.805957421946674,0.9420457420932815,1.6668226718902588,10.641285181045532,9.419166073238483,0.9393319422440507,1.5404950380325317,9.38596487045288,8.236683637133527,0.9393768349999734,1.5398838520050049
166,EXISTING_PROXY,10.000001192092896,10.008699558174746,0.8931838666212787,2.170743703842163,5.683196187019348,4.475715270496775,0.8474470416240872,2.065528154373169,9.991360902786255,9.534434944003806,0.8932730712769879,2.2074506282806396,7.506715655326843,7.050261238787263,0.8931019521607225,2.219820976257324
167,IoBT_GUNFIRE,0.6035969778895378,0.1889804177503865,0.6359713141213122,1.1805357933044434,6.297593116760254,4.334054047523833,0.6411888319367837,1.2840440273284912,1.8712645769119263,0.35964374924009745,0.6362283506989788,1.1876126527786255,1.3689595460891724,0.30549517235640505,0.6360276073205856,1.183985948562622
168,IoBT_GUNFIRE,16.54821753501892,15.007448803966117,0.9654595934425141,1.6179332733154297,15.93924880027771,14.274207137314727,0.9859279754872965,1.706709861755371,14.96008038520813,14.524078408168874,0.9654245221268136,1.6175034046173096,16.128954887390137,14.759129958092599,0.96542055106492,1.6185526847839355
169,IoBT_GUNFIRE,5.000000596046448,4.97728344526411,0.8472158110780202,1.3374074697494507,5.747544169425964,5.366150125738982,0.8528835638449578,1.3989171981811523,5.56035041809082,4.559478712841471,0.8471891884188685,1.3365622758865356,5.352123379707336,4.690468909403603,0.8472505490540976,1.3371964693069458
170,IoBT_GUNFIRE,2.752784490585327,0.004727000259428573,0.8357706808578955,1.4968301057815552,16.262840032577515,13.313094559025373,0.9566722279394667,1.779768943786621,3.78248393535614,0.11995932708096375,0.8360106759982429,1.5119441747665405,3.3300739526748657,0.03669032733644522,0.8358298294124378,1.50597083568573
171,IoBT_GUNFIRE,-9.542788863182068,-10.742098979089237,0.7763748450575204,1.0842539072036743,7.792245149612427,6.4865914545517835,0.899177695879689,1.3271684646606445,-8.660690784454346,-10.886143719337039,0.7763949741272816,1.0833640098571777,-9.106952548027039,-10.752168792336574,0.7763995387041248,1.084438681602478
172,IoBT_GUNFIRE,-4.685448408126831,-5.071654533272031,0.706362840400091,1.0522310733795166,3.5128194093704224,0.8355848280593203,0.7057869150271874,1.081778883934021,-3.3598938584327698,-4.786966800875769,0.7067251360083038,1.0551508665084839,-3.9048486948013306,-4.898013889475149,0.7065310582194411,1.0535480976104736
173,IoBT_GUNFIRE,-3.45142662525177,-5.2600179112488,0.7187452566385781,1.0913565158843994,4.72748190164566,1.422428496376122,0.7901697949495345,1.110372543334961,-2.3420128226280212,-5.270633158048025,0.7188146014905663,1.0948295593261719,-2.9428237676620483,-5.328928733209997,0.718821582208133,1.0948573350906372
174,IoBT_GUNFIRE,-4.9999189376831055,-5.340028154720247,0.8285573790075424,1.7943553924560547,2.3180709779262543,-1.5121068373203173,0.7983973180314605,1.4400224685668945,-3.5630592703819275,-5.220958046962375,0.8285754888589625,1.8150554895401,-4.154562950134277,-5.2641495558008575,0.8286073667799213,1.8087364435195923
175,IoBT_GUNFIRE,0.0021242006914690137,-13.16189400488046,0.4468492396942126,1.0236254930496216,9.070294499397278,-5.744098515927709,0.47439603432358707,1.0200467109680176,0.8641746640205383,-13.152600272044332,0.44693057102938527,1.0236873626708984,0.5346522852778435,-13.156956217091182,0.4469485141597202,1.023636817932129
176,IoBT_GUNFIRE,20.755980014801025,19.9986509001887,0.9688548685321774,2.9799702167510986,13.523458242416382,12.625953275417166,0.9679249316526469,2.9741504192352295,2.3082682490348816,0.5917709929967795,0.9689347109109225,3.1809678077697754,2.7737104892730713,1.4621828325839945,0.9688595681109649,3.136599540710449
177,IoBT_GUNFIRE,10.755345821380615,10.045211763302241,0.8833946853783508,1.4642279148101807,7.860513925552368,6.203783289112231,0.8772795871207352,1.5373525619506836,10.932725667953491,9.76951603366815,0.8833529837958909,1.4674121141433716,11.140248775482178,10.000835815957092,0.883397126236889,1.465415596961975
178,IoBT_GUNFIRE,16.24811887741089,15.01786219422359,0.9669980152387516,2.0413739681243896,15.050922632217407,13.716334346868756,0.9616335925674488,2.002746820449829,13.986365795135498,12.765440335457699,0.9669828607419879,2.045696496963501,15.733535289764404,14.406176201995626,0.9670194012166291,2.042984962463379
179,IoBT_GUNFIRE,7.0753490924835205,4.9713741338003645,0.9268627783314645,1.3221158981323242,7.682209014892578,4.2145696983991146,0.9354117346342234,1.494729995727539,8.149744272232056,5.145071078920877,0.9271227448961471,1.3181540966033936,7.797898650169373,5.096751786262461,0.927020798432303,1.3202829360961914
180,IoBT_GUNFIRE,5.966760516166687,4.970379104563058,0.8753561088308481,1.1054255962371826,7.383526563644409,5.822251269152598,0.8489520168936906,1.1983362436294556,6.4683181047439575,4.57437804464099,0.875533512289557,1.111011266708374,6.627946496009827,5.075135036033852,0.8754658133807177,1.1066803932189941
181,IoBT_GUNFIRE,5.405367016792297,4.967128924780818,0.9039510426184342,1.5497968196868896,9.586188793182373,8.843347118946838,0.8854416275754137,1.9516716003417969,6.499364376068115,5.31820453692398,0.9046467056501615,1.568483591079712,5.59884250164032,4.676982846974125,0.9044227822046308,1.5653512477874756
182,EXISTING_PROXY,2.2133344411849976,0.043346446078986384,0.835805808925736,1.1366403102874756,8.75390112400055,6.326140041392685,0.8374926712943764,1.1669949293136597,3.6107948422431946,0.5416928936436528,0.8361324624462774,1.1397056579589844,3.0293548107147217,0.3298545148820434,0.8358820329708103,1.1384532451629639
183,IoBT_GUNFIRE,20.861048698425293,19.99062004299153,0.9916075134002194,2.086864948272705,10.053014755249023,9.030224555315646,0.9885823877262984,2.1986446380615234,16.883195638656616,18.60398765654721,0.9915891891086426,2.08933424949646,12.430940866470337,11.256783848365828,0.9916048430417969,2.1123275756835938
184,EXISTING_PROXY,16.134363412857056,14.975126808003541,0.9696564790272967,1.9558072090148926,16.6654634475708,15.42076042352073,0.9712918577419994,2.005262851715088,15.382527112960815,14.900075409158184,0.9696250770873115,1.9589812755584717,15.966109037399292,14.845972059044234,0.9696774050040919,1.9580146074295044
185,IoBT_GUNFIRE,-8.262876272201538,-10.082226188149832,0.507381443631243,1.033385157585144,-2.7716070413589478,-8.828830702389945,0.4288141668341726,1.0891131162643433,-6.7659759521484375,-9.568239987727527,0.5076529374169994,1.0345072746276855,-7.396762371063232,-9.793277766427206,0.5076334138006257,1.0340838432312012
186,IoBT_GUNFIRE,10.314290523529053,9.960645770310594,0.9238134194005553,1.278968334197998,11.352803707122803,10.765584963615522,0.9251988626049209,2.2666451930999756,10.141223669052124,9.397333562173472,0.9237791060852975,2.1255288124084473,8.597663640975952,7.7435868715355305,0.9237718600187018,2.1349613666534424
187,IoBT_GUNFIRE,10.703680515289307,10.003630220655108,0.8728543584087328,1.617703914642334,11.796170473098755,10.756245282693728,0.9151764533826781,1.5871567726135254,10.582036972045898,9.418255129662212,0.8728714368327203,1.6294188499450684,10.961055755615234,9.857539485271863,0.872829440326262,1.623111605644226
188,IoBT_GUNFIRE,5.0433701276779175,4.965115484127537,0.8111332617077975,1.2430310249328613,6.248944401741028,5.630507457037574,0.8670005703730042,1.370795488357544,2.4996131658554077,1.531778632566797,0.8115789197479614,1.262599229812622,4.4038620591163635,3.8146893734678966,0.8114269392839965,1.2529833316802979
189,IoBT_GUNFIRE,2.4373091757297516,0.006133868445617449,0.8549376926150012,1.3422226905822754,9.477434158325195,6.296733030276535,0.7962257927123145,1.3056954145431519,3.194490969181061,-0.14963923422300635,0.855068954472083,1.3433467149734497,2.9535457491874695,-0.014986269903529447,0.8551030593017956,1.343470573425293
190,IoBT_GUNFIRE,15.754131078720093,14.945980555557234,0.9705898004366684,2.0023605823516846,9.055901169776917,8.14417732409755,0.9589709238277703,1.8231079578399658,14.118479490280151,14.467266482711814,0.9706358324588916,2.02384352684021,15.362777709960938,14.876660180308674,0.9705901547398098,2.0163512229919434
191,IoBT_GUNFIRE,11.801166534423828,10.00065052430832,0.9180771104980067,2.510371208190918,14.670231342315674,12.643441437727649,0.9628897124884762,2.55839204788208,11.081317663192749,8.741994470214262,0.9181696373013397,2.522019147872925,10.577824115753174,8.351984663694525,0.91820306424807,2.5188424587249756
192,IoBT_GUNFIRE,10.756433010101318,10.02290402710517,0.9129647840420984,1.7380561828613281,6.333891153335571,5.41386449341236,0.932419638759252,2.0806875228881836,9.73052978515625,8.388016546489606,0.9129861691284895,1.7667741775512695,10.778970718383789,9.596247951345928,0.9130603220256687,1.7481744289398193
193,IoBT_GUNFIRE,5.806757807731628,4.949383319779088,0.8184300629777568,1.3052995204925537,8.81248950958252,7.377195889013964,0.8754619868245519,1.3532476425170898,6.426687836647034,4.734815703962793,0.8186167046359186,1.3055343627929688,5.944327712059021,4.533748977086646,0.818459372632465,1.3073171377182007
194,EXISTING_PROXY,10.45623779296875,9.966242724423498,0.8610459928225609,1.9171524047851562,7.224424481391907,6.041502387361311,0.8544594304492034,2.1466827392578125,10.715889930725098,9.847513192922046,0.8611250050205534,1.9198912382125854,10.11064887046814,9.250943946264648,0.860934256734124,1.920812726020813
195,EXISTING_PROXY,-9.778032302856445,-9.955552793332068,0.21239848711748138,1.0598180294036865,-9.244620203971863,-31.935336696148795,0.22777272750374042,1.251960039138794,-8.824294209480286,-10.174096946523628,0.21227430768782665,1.0617600679397583,-9.543851613998413,-10.390542041051706,0.21222327153887477,1.063459873199463
196,EXISTING_PROXY,7.072271108627319,5.022080794642026,0.8382491725537952,1.1607141494750977,8.677827715873718,5.579987279249425,0.794708789493457,1.2650226354599,7.794188857078552,4.930409481153951,0.8383464571181726,1.158523678779602,6.938825845718384,4.3472433696743265,0.8383642128264379,1.1600894927978516
197,IoBT_GUNFIRE,10.650070905685425,9.981812862461544,0.8472551341546365,2.1883323192596436,19.406815767288208,18.79062080626993,0.9266768108605615,2.2380430698394775,11.219136714935303,10.16461990799515,0.8473463812111596,2.1974518299102783,11.129242181777954,10.094544212869653,0.8473720251219302,2.1947240829467773
198,EXISTING_PROXY,5.504260063171387,4.925274268166358,0.6975699758625117,1.3551197052001953,6.993556618690491,5.316535511582558,0.6826329379243663,1.3505783081054688,6.293299198150635,4.94019796492914,0.6976060846583498,1.3597480058670044,5.632127523422241,4.563984773795743,0.6976647569993117,1.359919548034668
199,IoBT_GUNFIRE,5.131686329841614,4.983676350378004,0.7928421717255655,1.3916313648223877,7.301358580589294,7.021950522529367,0.8229480537629744,1.422136664390564,5.856310725212097,4.983447716250783,0.7933251457504404,1.398123860359192,5.481744408607483,4.876053061320768,0.7929857438110275,1.3955004215240479
200,IoBT_GUNFIRE,15.408002138137817,14.992555616548449,0.9609870164324766,1.8120636940002441,12.467091083526611,11.819001527909592,0.9548828555885818,2.0095622539520264,14.038879871368408,14.048851207188148,0.9610151245140922,1.8228654861450195,15.005109310150146,14.587096697869718,0.9610122700736069,1.818336844444275
201,IoBT_GUNFIRE,6.019437909126282,5.020569850124166,0.7074510868740109,1.4206382036209106,14.093643426895142,12.915136859208669,0.7869981059807855,1.4698364734649658,7.174657583236694,5.4197431114912495,0.7077487102679251,1.4215779304504395,6.754318475723267,5.278745337806495,0.7076638485040379,1.4219454526901245
202,EXISTING_PROXY,21.247611045837402,19.997435802993532,0.9854453722500867,3.3356306552886963,4.6472784876823425,2.9953453936072094,0.9761688705585824,3.200065851211548,13.724638223648071,12.446808822267467,0.9856308627121334,3.3660993576049805,13.98122787475586,12.501192149733665,0.9855335612640139,3.3611156940460205
203,EXISTING_PROXY,-9.822937250137329,-9.759797236910465,0.639193887623077,1.0203365087509155,-7.957625985145569,-12.911686655966584,0.5958248569593072,1.0179471969604492,-8.546028137207031,-9.610737942632802,0.6395675799062491,1.0204870700836182,-9.127506613731384,-9.73061070851222,0.6394969729907573,1.020467758178711
204,IoBT_GUNFIRE,-3.2624396681785583,-4.999870751109398,0.9990050354669384,2.430941581726074,9.528738260269165,7.6035486426346495,0.9978742763509808,2.713970184326172,-2.4347367882728577,-5.098315881767875,0.9989552107628699,2.4363882541656494,-2.7814528346061707,-5.048821159400928,0.9989775883776595,2.4329469203948975
205,IoBT_GUNFIRE,7.289586067199707,5.020564821669115,0.7169781155908364,1.356370449066162,10.880962610244751,8.209344206985431,0.7893400080823562,1.4517897367477417,4.662963151931763,1.377028525722456,0.7169906342385719,1.3941742181777954,5.171685814857483,2.363844787165595,0.7169845179376811,1.3875038623809814
206,EXISTING_PROXY,10.268305540084839,10.011388634190633,0.919041753264467,1.3652724027633667,11.417375802993774,10.958100570588904,0.9186577181657554,1.5148494243621826,10.46001672744751,9.76900574236684,0.9190880080235302,1.366165041923523,10.040253400802612,9.374843052524959,0.9191357891915989,1.3676799535751343
207,EXISTING_PROXY,15.553863048553467,15.001619775995415,0.9938289666663649,3.188074827194214,11.352837085723877,10.526929221561414,0.9923494394225734,3.1526737213134766,14.497432708740234,14.641580534392805,0.9938042964387495,3.189030408859253,15.44204592704773,14.942756777379813,0.9938035153333439,3.1871743202209473
208,EXISTING_PROXY,-4.823382198810577,-4.622725546342345,0.38159048840787174,1.0296381711959839,-2.6616069674491882,-10.344756034743183,0.3432943445847482,1.0718919038772583,-4.259478151798248,-5.211527437746463,0.38153034713212214,1.0313665866851807,-4.458973407745361,-4.923570346341045,0.381410097329294,1.0308815240859985
209,IoBT_GUNFIRE,5.9689414501190186,4.998653486405596,0.983233554981705,2.2269949913024902,14.465522766113281,13.299521690586305,0.9889219379934873,2.868386745452881,6.336259841918945,4.4922903721273,0.9832378823897138,2.227570056915283,6.315879821777344,4.816321023721589,0.9832655633767557,2.224931240081787
210,IoBT_GUNFIRE,-4.63910311460495,-5.028785110164128,0.6005805309576955,1.0369199514389038,1.4761753380298615,-1.72350553882892,0.5888896335785185,1.0576356649398804,-3.209332227706909,-4.535214761106029,0.6011233579256625,1.0385733842849731,-3.8744428753852844,-4.794960623309877,0.600741288418109,1.0384677648544312
211,IoBT_GUNFIRE,-9.544775485992432,-10.038878691105905,0.7759952522379016,1.108534336090088,2.2146546840667725,0.23099825277818678,0.7749075347226427,1.2002075910568237,-8.3358895778656,-9.801699072878712,0.7763149362837559,1.1085419654846191,-8.82287323474884,-9.878927778857873,0.7762147645011193,1.1083530187606812
212,IoBT_GUNFIRE,2.1421846747398376,-0.15593599526011617,0.7570174473685273,1.1221129894256592,4.513997435569763,1.3628770213181896,0.7363240358540888,1.2735285758972168,3.4895193576812744,0.2455602076593785,0.7571936762312137,1.1262516975402832,2.924182415008545,0.05683531233466729,0.757152625386793,1.1246976852416992
213,IoBT_GUNFIRE,5.705662965774536,4.955527216769231,0.8694816154279545,1.335295557975769,9.975406527519226,8.780653240805234,0.8953634354391101,1.4851272106170654,6.597498655319214,5.006879948677864,0.8695563499282192,1.347756266593933,6.1486828327178955,4.853648433787899,0.8696261210640391,1.3446141481399536
214,IoBT_GUNFIRE,-3.393225073814392,-4.837916419641011,0.6753889051417997,1.1516711711883545,4.337602853775024,-0.45544201990945715,0.665036804611854,1.1449971199035645,-2.61957585811615,-5.240285449450899,0.6754075095885141,1.1481571197509766,-3.2054519653320312,-5.3421752113688115,0.6754450531514049,1.1543502807617188
215,IoBT_GUNFIRE,3.466481566429138,0.014755118439731279,0.9286944367164406,1.1718230247497559,12.714791297912598,8.863198101420481,0.9319338828346643,1.2472386360168457,4.413062632083893,0.042893239526250036,0.9291252399084419,1.1778602600097656,3.843758702278137,-0.14576097784239583,0.9289613593225982,1.176169514656067
216,IoBT_GUNFIRE,16.485886573791504,15.042998556599937,0.8779394874295636,1.9350935220718384,6.958963871002197,4.062834321572771,0.8460094645500955,1.4576548337936401,14.842618703842163,14.312012236745279,0.8781039526756367,1.953627347946167,14.090497493743896,12.4117974673126,0.8779451387945668,1.9629579782485962
217,IoBT_GUNFIRE,5.653693675994873,5.135824098532149,0.8010461324242772,1.3651645183563232,8.59796941280365,7.242050968955283,0.8116886894731706,1.3964412212371826,6.679490804672241,5.321240830442301,0.8012049410349261,1.3733410835266113,6.216759085655212,5.16226716948559,0.8011945958229394,1.3715500831604004
218,IoBT_GUNFIRE,-4.140482842922211,-5.214970850358314,0.721448532730513,1.0749504566192627,4.1774192452430725,1.0850392450024924,0.7247794671759843,1.161946177482605,-3.1020578742027283,-5.29498958313274,0.7214416912410292,1.0862420797348022,-3.4703129529953003,-5.1927952348035955,0.7214772875554945,1.0746269226074219
219,EXISTING_PROXY,0.22168291732668877,-0.1629057879204322,0.5385269876073094,1.1409790515899658,2.9192596673965454,-0.6720553242490629,0.5016410814979928,1.248295783996582,0.7919826358556747,-0.590056592846852,0.5385800617246322,1.1473329067230225,0.5523745343089104,-0.4300183757825011,0.5386839821070211,1.1448532342910767
220,IoBT_GUNFIRE,1.0749153792858124,-0.12025621864845472,0.6040663528410607,1.156454086303711,3.014741837978363,1.0067085571823706,0.612334836925627,1.2543243169784546,1.8672703206539154,-0.4164579299315501,0.6041941937765126,1.1576242446899414,1.559138149023056,-0.2866216847968518,0.6041013105223632,1.1569974422454834
221,IoBT_GUNFIRE,10.000001192092896,9.993011190344873,0.9201495375727283,1.3344448804855347,10.323317050933838,9.900459574200335,0.907655443610419,1.3273234367370605,10.503385066986084,10.185792720820432,0.920189797048288,1.3170108795166016,10.420410633087158,10.020763310620975,0.9201873751414095,1.3243165016174316
222,EXISTING_PROXY,15.807814598083496,15.001751402624118,0.9819452571776275,2.011549711227417,14.719012975692749,13.779158417962723,0.9783856286709531,1.9865496158599854,14.034134149551392,13.5378458805406,0.9819679418247191,1.9988408088684082,15.537264347076416,14.745624865187422,0.981972767216879,2.0042903423309326
223,IoBT_GUNFIRE,0.13228642754256725,0.01163023951106658,0.824391115934865,1.432551622390747,15.539717674255371,15.336092651292603,0.9335959483771296,2.7219908237457275,1.1987599730491638,0.08555021781839171,0.8244971778467947,1.4266022443771362,0.7741431891918182,0.06633927388807168,0.8244172343438704,1.4298670291900635
224,EXISTING_PROXY,10.043271780014038,10.063406954074365,0.944273135954951,2.7272145748138428,11.601027250289917,11.258737992344567,0.9413833741406012,2.7039060592651367,10.9358811378479,10.616225163244433,0.9443432872898957,2.7379939556121826,10.816470384597778,10.411280078919248,0.9443144429450906,2.7340662479400635
225,IoBT_GUNFIRE,10.966702699661255,10.001310574152457,0.9441390503189477,1.9269678592681885,6.025345325469971,4.827759223132102,0.9492879611562478,2.0934271812438965,10.616607666015625,9.157131388927715,0.9442180846693246,1.9334150552749634,10.652674436569214,9.262126104695868,0.9441521506189754,1.9314301013946533
226,EXISTING_PROXY,7.364836931228638,5.0311450718686626,0.9703146840098356,1.4383940696716309,8.826557397842407,5.7863655661143,0.9692879502260447,1.6263841390609741,8.536763787269592,5.276507765715714,0.970409374075047,1.4381221532821655,8.09022307395935,5.1366135742834995,0.9703719059260547,1.4440215826034546
227,IoBT_GUNFIRE,-7.080132365226746,-9.891561555066076,0.6207238361148429,1.0894299745559692,9.098585844039917,4.984095678572183,0.625283805005162,1.111956238746643,-6.023755669593811,-9.755195940152179,0.6213601857577445,1.0893833637237549,-6.475207209587097,-9.816598141748937,0.6209571892408899,1.0894829034805298
228,IoBT_GUNFIRE,0.3133387863636017,0.018736279123403535,0.7212561680969785,1.3569692373275757,6.689990162849426,5.504903126484732,0.7189784864640585,1.6233525276184082,1.3894742727279663,0.15378661990652337,0.7213270816304208,1.3778046369552612,1.0344919562339783,0.18744697879441846,0.7212315193314203,1.3663585186004639
229,IoBT_GUNFIRE,15.653930902481079,14.999205272343094,0.9464034308248583,1.9533531665802002,12.726598978042603,11.841454529892083,0.9365642360371889,1.7905797958374023,9.713150262832642,8.488318489536772,0.9464101956952756,1.9705297946929932,12.409306764602661,11.46599974199308,0.946384909262465,1.968113660812378
230,EXISTING_PROXY,0.177192073315382,0.014987657309517607,0.9853700200198653,1.0445709228515625,-0.03608596045523882,-3.4524287324068044,0.8438392652021045,1.0427989959716797,0.4544973745942116,-0.7904026903788975,0.9853692434090421,1.0441511869430542,-0.13510928489267826,-0.9667961761655476,0.985362405657164,1.049477458000183
231,IoBT_GUNFIRE,5.504986643791199,5.000162138785363,0.8761328702359206,1.3491204977035522,13.559693098068237,12.910249208231843,0.9139527543864708,1.5858571529388428,6.419413089752197,5.125173105896815,0.876330835196004,1.3595370054244995,6.057559251785278,5.049081778121584,0.8762745680982374,1.353506326675415
232,EXISTING_PROXY,0.08748246356844902,0.08164837968627661,0.9762979022124795,1.178017020225525,-18.287112712860107,-19.24613702591182,0.9527317103735954,3.392913818359375,-4.614048600196838,-5.864357174002358,0.9762873744810705,1.2023473978042603,-4.74317342042923,-5.448007286971467,0.9762805865675123,1.2037262916564941
233,IoBT_GUNFIRE,11.133558750152588,9.982563362922605,0.9300314602639917,1.381345510482788,8.099939823150635,6.475468586334672,0.9374967056174806,1.4244505167007446,6.724145412445068,4.7528787512106705,0.9302329327103334,1.4054749011993408,8.3064866065979,6.670088800102004,0.9302179561964407,1.3932135105133057
234,IoBT_GUNFIRE,15.603655576705933,14.98775063532616,0.9479914468597354,2.585819959640503,9.049292802810669,7.961101467146191,0.9442491723603241,2.8114259243011475,13.267841339111328,12.942332801622777,0.9479866558506322,2.5710973739624023,10.981628894805908,9.987366951225404,0.9480430629044518,2.591764211654663
235,IoBT_GUNFIRE,6.132714152336121,4.959507029004965,0.8091297279939272,1.708780288696289,14.780076742172241,13.462018877928003,0.8122798741493837,1.6146235466003418,7.063817977905273,5.1580997699451645,0.8091776246400864,1.7111079692840576,6.713340878486633,5.071482689982344,0.8092086207743001,1.710533857345581
236,IoBT_GUNFIRE,-9.542507529258728,-10.069161098470982,0.7074046008396808,1.0318782329559326,-1.6682617366313934,-5.89751506487511,0.6013629294142588,1.0371317863464355,-8.002541661262512,-9.487012281911335,0.7075747764848421,1.0336925983428955,-8.66626262664795,-9.725855961014906,0.7074307447122483,1.0332013368606567
237,IoBT_GUNFIRE,0.6033550202846527,-0.026767203486459522,0.7824978439642282,1.217205286026001,2.4459753930568695,0.7781092169753663,0.8088358598771588,1.2442634105682373,1.4023429155349731,-0.3522136820681226,0.7825418744556512,1.21954345703125,1.0214736312627792,-0.2939357759188649,0.7826321182684869,1.220518708229065
238,EXISTING_PROXY,5.176600217819214,4.97436716383158,0.8759114986430304,1.6544153690338135,5.055208802223206,3.243372230551322,0.8270203314054925,1.4887974262237549,5.595219135284424,4.578146761746656,0.875977958691234,1.6663355827331543,2.103700339794159,1.3483299073507704,0.8758744621798783,1.7217952013015747
239,IoBT_GUNFIRE,10.221675634384155,9.992689800642605,0.8411310966863162,1.4585280418395996,9.365608096122742,8.676696659741612,0.8667536108148337,1.6014080047607422,10.330318212509155,9.764467940515074,0.8412736535433986,1.4656153917312622,10.128217935562134,9.459551270778057,0.8411267697739792,1.4672483205795288
240,IoBT_GUNFIRE,21.13333225250244,19.99385065770184,0.9628879869798859,3.1920251846313477,16.808756589889526,15.634760273466883,0.9607615188393663,3.2717247009277344,17.79309630393982,19.206700484871032,0.9628605454158773,3.1955935955047607,18.107268810272217,17.424889112520987,0.9628923050390653,3.1917617321014404
241,IoBT_GUNFIRE,6.936394572257996,4.987793075083789,0.7818961723037599,1.5252275466918945,13.884861469268799,11.668163576524508,0.8129009322991122,1.9952822923660278,8.060432076454163,5.3409775271200495,0.7821737035072669,1.5393736362457275,7.186765670776367,4.729413472663829,0.7819796698869393,1.5379364490509033
242,EXISTING_PROXY,0.0,105.94800850734329,0.9999999999999999,4.643888473510742,13.281669616699219,12.755033683545138,0.996597985983031,4.618869781494141,12.317969799041748,11.849064878462928,0.9999656813059501,4.617574691772461,9.751010537147522,8.995862692705405,0.999981409432335,4.633082389831543
243,EXISTING_PROXY,5.1319968700408936,4.937365035690783,0.7809769788758744,1.1384406089782715,5.154470205307007,4.387403547856275,0.7557250427664031,1.1786969900131226,5.697534680366516,4.545233372141148,0.7811125483087591,1.140650987625122,5.092175006866455,4.260765733401309,0.7809736071573449,1.1439403295516968
244,EXISTING_PROXY,12.07243800163269,10.03081184310587,0.9282830972969001,1.4099587202072144,6.5180569887161255,4.203613685580466,0.9295381367006429,1.6687207221984863,10.585592985153198,7.926860988666324,0.9284090821599571,1.4426947832107544,11.802963018417358,9.373981554186216,0.9283009968715963,1.4202982187271118
245,IoBT_GUNFIRE,21.190621852874756,19.99336727290675,0.9691926988361447,2.806546688079834,15.496163368225098,14.220852261955738,0.9673796008384093,2.8509790897369385,17.11782932281494,17.40558324441399,0.9691683901688903,2.796346664428711,14.912755489349365,13.577140806404657,0.9691624655106545,2.8024685382843018
246,IoBT_GUNFIRE,6.365463137626648,4.9845808024157705,0.7736088307986199,1.1816809177398682,10.65004587173462,8.876618434006224,0.8145324865758029,1.2816416025161743,7.086542844772339,4.9141438885784074,0.7736756241069053,1.183060646057129,6.814929246902466,4.929287797779168,0.7737223512448788,1.1823384761810303
247,IoBT_GUNFIRE,0.807504802942276,0.05662579582878372,0.9008186074164276,1.3114423751831055,-2.6986300945281982,-6.47700950896783,0.896861442378119,1.7420889139175415,-0.509137287735939,-2.56911122363831,0.9008102166449012,1.3518946170806885,0.305541530251503,-1.215356062717702,0.9007895371968745,1.3286617994308472
248,IoBT_GUNFIRE,5.80820620059967,5.029580079648072,0.9376948148055817,2.093996524810791,9.16976809501648,7.9424835113179215,0.9602740846916046,2.174388885498047,6.538347601890564,4.835824959760815,0.9376790485097058,2.099358081817627,6.347678899765015,4.969019380963076,0.9375899991743221,2.0967342853546143
249,IoBT_GUNFIRE,5.002639889717102,0.9111402256515226,0.5004132188623649,2.256624221801758,16.520458459854126,12.213175797873376,0.5439177492643837,2.401081085205078,5.5154359340667725,0.8965652359183429,0.5003532679346033,2.2824676036834717,5.334559082984924,0.8541753072723626,0.500424436558608,2.271591901779175
250,EXISTING_PROXY,19.999394416809082,19.748423986188598,0.9490735817216895,3.0524466037750244,19.62221384048462,19.354938672785213,0.9600800994819962,3.155935287475586,17.06230640411377,19.91080734431858,0.9490415295783708,3.048117160797119,18.853031396865845,19.700282614091254,0.9490979727586583,3.0416808128356934
251,EXISTING_PROXY,0.4565545544028282,0.014735116494855862,0.6740167712258373,1.037432312965393,2.4700210988521576,-0.8025897632009038,0.6395071572908547,1.044409990310669,0.03619113005697727,-1.5085371028664105,0.6737180310894557,1.0400043725967407,0.5117548629641533,-0.5439829500079867,0.6737896959949587,1.0384784936904907
252,EXISTING_PROXY,5.456888675689697,5.085620439824252,0.8731700407630787,1.4553889036178589,2.4454613029956818,1.8408922000215928,0.8724145148610802,1.5093297958374023,5.317410826683044,4.0442119491389015,0.8730301999422351,1.4663729667663574,3.9616116881370544,3.0104349363058085,0.8730430937053366,1.4597840309143066
253,EXISTING_PROXY,16.023125648498535,15.00855238863608,0.8251010582050184,1.2230079174041748,12.864010334014893,11.683031898918008,0.8325869014882996,1.2842634916305542,6.106494069099426,4.136152967232104,0.8253453993404721,1.4347593784332275,14.96738314628601,13.903065752742098,0.8252088484995064,1.2258167266845703
254,IoBT_GUNFIRE,7.674785256385803,5.015407316985463,0.8798655389429855,1.245444416999817,9.965412616729736,7.131013752222709,0.8904165778862516,1.2781853675842285,5.952022671699524,2.3906733655044308,0.8805808069507689,1.2347631454467773,7.963106632232666,4.81238251130745,0.8803668417228021,1.2256746292114258
255,IoBT_GUNFIRE,5.913844704627991,4.963756928683902,0.8213334394357774,1.1258996725082397,6.957964301109314,4.979374553379921,0.737617553546113,1.1246733665466309,6.853883862495422,5.037897964480043,0.8214630601080252,1.1267024278640747,6.525470018386841,5.013711009131648,0.8214426982053527,1.1264549493789673
256,IoBT_GUNFIRE,15.2216637134552,14.993141234559085,0.8166008675632549,1.6489338874816895,15.401300191879272,15.088396716671198,0.8781235375448684,1.7102932929992676,13.651134967803955,14.250407925495631,0.8165888009976071,1.6483478546142578,14.795255661010742,14.701321137952075,0.816579997786078,1.6476260423660278
257,EXISTING_PROXY,10.603933334350586,9.986301410539964,0.873679003770098,1.3824756145477295,9.783328771591187,8.70190674113148,0.8501146945983334,1.592637062072754,10.576400756835938,9.596577320158488,0.8737036091225179,1.3836803436279297,10.747977495193481,9.715150953785297,0.873736101991812,1.3833792209625244
258,IoBT_GUNFIRE,-3.7204673886299133,-5.172062396296577,0.141131293050497,1.4907327890396118,8.575995564460754,7.692059105883866,0.10405592268415548,1.798102617263794,-2.4155421555042267,-4.78685618395726,0.14120673992157481,1.5114378929138184,-2.990761697292328,-4.9666380425291035,0.14118307316306675,1.505157709121704
259,IoBT_GUNFIRE,11.306684017181396,9.998354481815497,0.821351552310832,1.6085240840911865,13.383740186691284,11.876899093602711,0.8526461359260915,1.6240100860595703,10.859640836715698,9.05500753724413,0.821443849073312,1.6140484809875488,11.47241473197937,9.752216914013449,0.8213877155196829,1.6086069345474243
260,IoBT_GUNFIRE,2.2170181572437286,-0.07380320081635752,0.8394527898921434,1.1484335660934448,7.999030947685242,5.425313608026755,0.8530735835167498,1.3094656467437744,3.5183534026145935,0.3313849204706532,0.8399147290797672,1.1495249271392822,2.978981137275696,0.14917679370405115,0.8396362224049886,1.148489236831665
261,IoBT_GUNFIRE,5.1318758726119995,4.9987717423494065,0.9264299151462192,1.839398980140686,6.051024794578552,5.563093922180743,0.9265974528159324,1.9456158876419067,6.010618209838867,5.080514099005857,0.9264729669765802,1.8384222984313965,5.690591931343079,5.045696169992092,0.9264549004503757,1.8399560451507568
262,EXISTING_PROXY,15.803570747375488,14.98225192285965,0.9569108008226481,1.6531991958618164,5.415903329849243,2.904768324360592,0.8887963924993919,1.570328712463379,14.16519045829773,14.38159527549054,0.9569517617285562,1.659495234489441,15.102475881576538,14.44435705923211,0.9569214046089735,1.6585848331451416
263,IoBT_GUNFIRE,2.6739007234573364,0.007162540474281074,0.8558949209498183,1.1930325031280518,10.232716798782349,7.0168661759619075,0.9023378443682208,1.2206181287765503,3.8903403282165527,0.3296950869780515,0.8561358607221754,1.194885015487671,3.3970806002616882,0.20207824879903355,0.8559965948291905,1.1939831972122192
264,IoBT_GUNFIRE,7.005763053894043,4.9967701650632375,0.9515122355987677,1.6278488636016846,18.33986759185791,16.283286127480025,0.9701635483091027,1.7373175621032715,7.757012248039246,4.951080382058254,0.9514179053939567,1.6173357963562012,7.485753297805786,4.976265476774735,0.9514966084881483,1.621802806854248
265,IoBT_GUNFIRE,10.131555795669556,9.962057585221228,0.9537446213775129,2.9691123962402344,11.120675802230835,10.70181691503171,0.948911176931851,2.9339797496795654,10.226985216140747,9.689976518938538,0.9537590258306028,2.9782207012176514,10.350444316864014,9.805594689921097,0.9537322121793516,2.9739632606506348
266,IoBT_GUNFIRE,-2.56069153547287,-4.983831699288329,0.7299818277398482,1.0508109331130981,6.40531063079834,1.847894901647421,0.7348124460048396,1.0862113237380981,-1.3657434284687042,-4.7691291587915465,0.7302066495049717,1.0488193035125732,-1.896844059228897,-4.879132247358907,0.7301865955238246,1.0496734380722046
267,IoBT_GUNFIRE,6.022828221321106,4.989752027966373,0.9944347924713892,2.7997283935546875,12.036927938461304,10.647206827091127,0.9880990753833897,2.7863199710845947,7.090534567832947,5.224190676651745,0.9944403845498038,2.802675247192383,6.6931939125061035,5.121573748856938,0.9944470070814154,2.802988052368164
268,IoBT_GUNFIRE,15.001407861709595,11.928664920740307,0.8863843251863525,1.7431573867797852,11.54024362564087,8.340624844044108,0.9425745576682492,2.2805492877960205,12.210474014282227,10.665218263808589,0.8864132247336869,1.758901834487915,13.767944574356079,11.149455526041972,0.8863935341901664,1.7546324729919434
269,IoBT_GUNFIRE,10.807809829711914,10.090548393579564,0.9544192839620187,1.1045958995819092,8.264400362968445,6.5971485212436,0.9460783354455218,1.4503268003463745,9.618169665336609,8.223139918841527,0.9544706518180298,1.4754451513290405,10.976793766021729,9.793994881481925,0.9544396572023028,1.101198673248291
270,EXISTING_PROXY,-7.00161337852478,-10.186081914812862,0.20711647161977162,1.0931990146636963,-2.7469632029533386,-12.145927895811528,0.17947179857098472,1.0938535928726196,-5.797786712646484,-10.123871150547945,0.20697496372036275,1.0914088487625122,-6.3741642236709595,-10.224566878404884,0.2070206318434723,1.0950586795806885
271,IoBT_GUNFIRE,10.80917239189148,10.017487623853498,0.8516875964810834,1.3413705825805664,12.63099193572998,11.616189642035428,0.8703494938710827,1.3692822456359863,11.184020042419434,10.000062818637073,0.8516727367860379,1.345714807510376,11.162773370742798,9.965074064847393,0.8516658351349404,1.3437073230743408
272,IoBT_GUNFIRE,0.7052595168352127,-0.049405652091305624,0.7012337842453311,1.1425710916519165,1.3836809992790222,0.05864657602804545,0.7100013478587097,1.1586754322052002,1.9325345754623413,0.28878324799787075,0.7011028154589988,1.143944501876831,1.5110884606838226,0.21938943092096974,0.7012107748979286,1.1429721117019653
273,IoBT_GUNFIRE,0.7555581629276276,0.017583439729252723,0.6686533864771088,1.1863185167312622,5.9402841329574585,4.7944196561674435,0.7562598433170014,1.3537216186523438,1.7900697886943817,-0.15047839357337278,0.6687696651981064,1.182887077331543,1.4215202629566193,-0.03244327316650644,0.6687002319849105,1.1841468811035156
274,EXISTING_PROXY,5.000006556510925,4.912930161921557,0.9077935275696566,1.2364672422409058,6.465428471565247,5.356574900660687,0.8629376784815375,1.2194054126739502,5.854212641716003,4.968852102601654,0.9080755859516298,1.2590482234954834,5.518099665641785,4.916752143318267,0.9078769620360849,1.2515630722045898
275,IoBT_GUNFIRE,11.866525411605835,10.015672538619246,0.9432330259646956,1.7685203552246094,15.89565634727478,13.858872223169003,0.9314670781385042,1.6715372800827026,12.535252571105957,10.3166500037846,0.9433239257988753,1.7891192436218262,12.452683448791504,10.223932260793699,0.9433017297008507,1.7818315029144287
276,EXISTING_PROXY,0.9688536822795868,-0.14023435922285177,0.7741485416874138,1.1129127740859985,3.1265202164649963,-1.671013588673249,0.6472038279882896,1.1301072835922241,1.2963390350341797,-0.8679322386870789,0.7740981572326614,1.114572286605835,1.2830133736133575,-0.4435036434991363,0.7740852592385138,1.1137105226516724
277,IoBT_GUNFIRE,0.3140708804130554,-0.012734166061244424,0.6155787215884797,1.1138780117034912,6.4964210987091064,5.1311700356907295,0.7072611679844264,1.0912152528762817,0.9592622518539429,-0.4393531336228531,0.6156527851631894,1.1145368814468384,0.7027307152748108,-0.2604673932997704,0.6154988059722489,1.1141165494918823
278,IoBT_GUNFIRE,5.131814479827881,4.8258261450014635,0.6643388229604082,1.1170293092727661,7.32269287109375,6.270960691616672,0.6592867847697031,1.1517927646636963,5.942343473434448,4.752274385491439,0.6644171007688091,1.1217516660690308,5.2537840604782104,4.339033711339251,0.6644031074872225,1.1232142448425293
279,IoBT_GUNFIRE,0.22188657894730568,0.13475806222017572,0.6303445845356206,1.176796793937683,7.099200487136841,5.8995116312951525,0.7106226080952909,1.1535143852233887,1.3019488751888275,0.15297922952383144,0.6306402132460232,1.181355595588684,0.7816409319639206,0.06990756661255115,0.6305814927452899,1.1805264949798584
280,EXISTING_PROXY,15.653674602508545,14.99899582615507,0.964976334616913,1.7122176885604858,7.534088492393494,6.6160929538271365,0.9665373808607222,1.886085033416748,10.338101387023926,9.225972911433054,0.9649068358144097,1.751401424407959,14.954514503479004,14.359793380140003,0.9649368518437988,1.715437650680542
281,IoBT_GUNFIRE,-6.083245352783706e-05,0.1787002028485834,0.8266823434086548,1.2211077213287354,6.823210120201111,5.956030173152987,0.8251911874005274,1.3375849723815918,1.5372604131698608,0.8035704080317303,0.8273761114084118,1.234723687171936,0.8968307077884674,0.5392408714594075,0.8270853432718426,1.229615569114685
282,IoBT_GUNFIRE,11.07730746269226,10.005693055512682,0.9666887011622384,1.9083436727523804,9.484279155731201,8.189457118582006,0.9774397582491702,2.2480006217956543,11.28491759300232,9.778696677463932,0.9667257259000045,1.9032849073410034,10.247809886932373,8.757514580129817,0.9667341522818242,1.9047787189483643
283,IoBT_GUNFIRE,-2.348851263523102,-5.027349837843077,0.5949346751605804,1.0904659032821655,6.611400246620178,3.272999360342551,0.6346722528755759,1.091925024986267,-0.9668194502592087,-4.565301969468265,0.5949763558353868,1.0932799577713013,-1.550324559211731,-4.756850115447855,0.5950712519190735,1.0922460556030273
284,IoBT_GUNFIRE,7.363332509994507,5.006480043895326,0.7636568496145127,1.3134945631027222,9.550822377204895,7.0456334831043845,0.7682719503503859,1.5880569219589233,8.146305680274963,4.887386072944927,0.7636475015321416,1.3097213506698608,7.886626720428467,4.941818022780183,0.763639130009012,1.3113861083984375
285,IoBT_GUNFIRE,10.913338661193848,10.019479306882992,0.8826952403607653,1.4234910011291504,7.106625437736511,5.9351918531147,0.8907893745589527,1.5422229766845703,9.345821142196655,7.801838612549105,0.8826912575580196,1.429893970489502,11.186308860778809,9.897336424412984,0.8826945684667895,1.4286327362060547
286,EXISTING_PROXY,-4.243904948234558,-5.041099443117382,0.5332696790317278,1.0772737264633179,-1.9615229964256287,-4.076536383708499,0.5159666646731271,1.0550272464752197,-3.5962796211242676,-5.544223906567232,0.5331126139523168,1.077458381652832,-4.172316193580627,-5.636961452410414,0.5331158364935398,1.078294038772583
287,IoBT_GUNFIRE,20.91456890106201,19.999328537663374,0.9049431094704319,2.527596950531006,24.54547643661499,23.61341449802864,0.9201428008358277,3.1213550567626953,17.257540225982666,19.47329519607614,0.904900601643689,2.5332844257354736,19.433480501174927,19.76101838508673,0.9049203705850448,2.5306077003479004
288,IoBT_GUNFIRE,0.08676951751112938,0.1784131487987975,0.7155574011380805,1.1476043462753296,3.4963682293891907,3.1568912150245816,0.7516888731408534,1.1682063341140747,1.0891524702310562,0.2694000166178021,0.7159191082852226,1.150884985923767,0.6537056714296341,0.20346277779855035,0.7156779093871167,1.1496045589447021
289,IoBT_GUNFIRE,3.664473593235016,0.07090288317084556,0.6975957966433475,1.379096508026123,5.326623916625977,0.9853441093945483,0.7244678513705171,1.3107366561889648,2.4367618560791016,-2.202852171125617,0.6976817932347047,1.412743330001831,3.871959149837494,-0.2392560171176632,0.6975898690644674,1.3817161321640015
290,IoBT_GUNFIRE,-4.542635381221771,-5.076624555192741,0.595130430216174,1.0357048511505127,2.640189826488495,-1.71577670705835,0.5260781882559644,1.0526527166366577,-3.206798732280731,-4.851485825185165,0.5954706854308206,1.036644458770752,-3.836643695831299,-5.012458625828894,0.5953290015254111,1.0365294218063354
291,IoBT_GUNFIRE,0.5545121058821678,-0.022872956929347404,0.8551051034084526,1.374325156211853,1.327650398015976,0.40531631032913695,0.8511088779985974,1.418224573135376,1.3486339151859283,-0.24246370880830956,0.8551372626929582,1.377326488494873,1.024097129702568,-0.14787169842665318,0.855040450682761,1.3760921955108643
292,IoBT_GUNFIRE,5.604181885719299,4.976581839413044,0.883285867251583,1.3367067575454712,6.850093603134155,5.140233911831666,0.73376604756733,1.278281807899475,6.700242757797241,5.313262138611491,0.8836422192020832,1.3452327251434326,6.266476511955261,5.147506367424804,0.8835795308982443,1.341559886932373
293,IoBT_GUNFIRE,0.5053040012717247,-0.03600971249635658,0.9171815974304437,1.6243681907653809,0.2161291241645813,-0.8290213867908596,0.9731039094233973,2.3386616706848145,1.1482173204421997,-0.3789631615049942,0.9171489835191485,1.6657605171203613,0.7601376622915268,-0.36041769253819134,0.9171086230875726,1.664400339126587
294,IoBT_GUNFIRE,5.604183673858643,5.135147132797961,0.7398345042003599,1.2348487377166748,7.373862862586975,6.162443694809406,0.7685684304617142,1.322033166885376,6.090036630630493,4.655454872051308,0.7397058548715709,1.2366605997085571,5.764328241348267,4.676187173027598,0.7396829035168421,1.2359405755996704
295,EXISTING_PROXY,12.145446538925171,9.990742840501767,0.8626814292869406,1.0909819602966309,15.608813762664795,13.263225563183846,0.8809465479902602,1.1674233675003052,12.437809705734253,9.8897291871442,0.8631070525678979,1.100093960762024,12.476876974105835,9.94508604637949,0.8629876139421762,1.105499267578125
296,IoBT_GUNFIRE,9.999989867210388,10.012958210792526,0.8291509346809597,1.9673631191253662,4.487999081611633,4.0758436171304036,0.8579641688167038,2.16123104095459,8.21513295173645,7.504791403613015,0.8289907427178717,2.0046932697296143,4.981514513492584,4.263774138437213,0.8290886096442811,2.0775809288024902
297,EXISTING_PROXY,16.80391788482666,15.042036893927566,0.9729565839235073,1.5768775939941406,17.687580585479736,15.7791984613415,0.973182488559817,1.6247942447662354,15.335108041763306,13.997466237430757,0.9729121337677782,1.5931048393249512,16.013087034225464,14.137785622782232,0.9729487196565968,1.5849025249481201
298,IoBT_GUNFIRE,0.5529936030507088,-0.02743649602578562,0.7631850811281764,1.0857877731323242,6.143612265586853,4.5624032848033,0.7508800728346329,1.2025845050811768,1.6122117638587952,0.07125604755225157,0.7632377399208908,1.0897520780563354,1.2548251450061798,0.10307761668810707,0.7632366157490179,1.086100459098816
299,EXISTING_PROXY,1.3652662932872772,-0.19265279092507526,0.5989602416387596,1.0740025043487549,2.4178896844387054,-5.4702436835730275,0.5027793411050097,1.0461959838867188,2.2317595779895782,-0.45518158807177883,0.5989291714565462,1.0749876499176025,1.7924658954143524,-0.41208948338837903,0.598960722770078,1.0750706195831299
300,IoBT_GUNFIRE,11.548287868499756,9.99511114117208,0.9036626560730331,1.6454687118530273,10.413262844085693,8.73400897639421,0.9164748487701649,1.6958396434783936,11.475342512130737,9.485435916378574,0.9037283052943408,1.644655704498291,10.303088426589966,8.277128425914169,0.9037215990878786,1.6537744998931885
301,IoBT_GUNFIRE,10.087558031082153,10.008372862254804,0.9006289311008105,1.6876983642578125,10.341482162475586,9.825034030790516,0.8967638230210275,1.7852180004119873,10.387638807296753,9.907677522032943,0.9006592772719052,1.6954224109649658,10.13670802116394,9.643452809168732,0.9006454279076083,1.6941378116607666
302,IoBT_GUNFIRE,1.0783550143241882,0.05078938796962945,0.8556360888652897,1.1383700370788574,8.75232458114624,7.449586832137637,0.8732437088028492,1.2639158964157104,1.5763288736343384,-0.5462514872951109,0.8559066995875617,1.1418640613555908,1.7581021785736084,0.13485402470468993,0.8556825200389591,1.1381529569625854
303,IoBT_GUNFIRE,-4.346526265144348,-5.507156299525385,0.8052319256691659,1.2317427396774292,0.07206890266388655,-2.1938441983376187,0.8070773998399878,1.2644133567810059,-3.2873213291168213,-5.548374768967634,0.805276311327626,1.2246342897415161,-3.7305474281311035,-5.52878018829709,0.8052239011809911,1.2275367975234985
304,IoBT_GUNFIRE,6.023024320602417,4.9868587808629545,0.8713338123840597,1.2797852754592896,8.745914101600647,7.240901048533228,0.9040549941873743,1.2458679676055908,6.762586236000061,4.9554833382188965,0.8717374650323723,1.2774816751480103,6.605706214904785,5.08572485301582,0.8715424151584522,1.2783130407333374
305,IoBT_GUNFIRE,10.408740043640137,9.99996546494242,0.9259412365775135,3.171597480773926,11.29588007926941,10.672368012708233,0.9363359455589438,2.966949224472046,10.734431743621826,9.905708512052069,0.9259547311170075,3.200422525405884,9.429542422294617,8.622196351121321,0.9259543437008584,3.1971418857574463
306,IoBT_GUNFIRE,15.268018245697021,14.99263865050864,0.9498247851281825,2.683732032775879,15.650089979171753,15.256359483510234,0.951933303013453,2.699784517288208,14.103416204452515,14.624604073895703,0.9498202795552821,2.678372859954834,14.988491535186768,14.79818956497527,0.949803539275661,2.680239200592041
307,IoBT_GUNFIRE,-1.5333455801010132,-4.986518329795974,0.8280766212036682,1.2839816808700562,6.986083388328552,2.47489300992703,0.818265823302881,1.379324197769165,-0.3916935622692108,-4.822415465455014,0.8285703713139569,1.29745614528656,-0.9754827618598938,-4.969523646300013,0.8285349775971703,1.295497179031372
308,EXISTING_PROXY,5.087618827819824,4.98224738161254,0.7525220337768473,1.2252342700958252,6.219179630279541,4.921962818690887,0.6803732688348539,1.1834577322006226,5.525712370872498,4.567790088757563,0.7530746821308798,1.2400939464569092,5.628454685211182,4.988930958863747,0.7529207818785735,1.2307277917861938
309,EXISTING_PROXY,20.131828784942627,19.995281444229228,0.9691225858045337,3.3300492763519287,6.528933048248291,5.286388899638903,0.9446483741783223,3.465000867843628,6.053064465522766,5.123032202304722,0.9690822559684333,3.3867063522338867,8.224375247955322,7.630007731115648,0.9691166344553696,3.3594419956207275
310,EXISTING_PROXY,1.8002332746982574,0.11901070216897484,0.9179571336790477,1.1773228645324707,5.902429223060608,2.946867578269225,0.9116136668064468,1.1825703382492065,3.1661561131477356,0.5450523250271238,0.9183334745810815,1.179403305053711,2.617340385913849,0.3825682499774974,0.9181166165492648,1.1773761510849
311,IoBT_GUNFIRE,17.59480118751526,15.001620616548479,0.9735448468680581,2.552990198135376,15.053895711898804,12.380828204812634,0.9803513841444893,2.6941306591033936,13.937733173370361,11.101200453380818,0.9736396337977372,2.554692506790161,13.867632150650024,10.944357976165858,0.9735600148142195,2.5605459213256836
312,IoBT_GUNFIRE,2.7565687894821167,-0.20297594347264908,0.7485666658309013,1.114880919456482,8.92540991306305,5.365284386060493,0.8207047367909941,1.1784414052963257,3.7222465872764587,-0.20467186430367088,0.7486400319102968,1.1146810054779053,3.293253779411316,-0.23237870390552084,0.7487930228639536,1.1152724027633667
313,IoBT_GUNFIRE,11.363776922225952,10.005751008407643,0.8536259483350592,1.4974095821380615,10.251253843307495,8.603170241476358,0.8910177129227403,2.5316624641418457,9.301215410232544,7.284244126571844,0.8537344167449769,1.477137565612793,8.438907265663147,6.607756126921656,0.8537391243596307,1.4837679862976074
314,IoBT_GUNFIRE,0.8598191291093826,-0.008679395184975656,0.833101931968043,1.3826217651367188,10.357517004013062,9.050043315095849,0.865443973710456,1.7826646566390991,2.3152056336402893,0.5462421626352607,0.8336802846290848,1.3893957138061523,1.6952629387378693,0.29309399800605507,0.8333763921635036,1.3855197429656982
315,IoBT_GUNFIRE,20.554678440093994,20.020012768649337,0.9714341874010078,2.5424609184265137,14.4227933883667,13.782847490870786,0.96394843086174,2.2984843254089355,15.179301500320435,16.535748740958212,0.9714480916040316,2.551865577697754,17.014321088790894,17.135434672964358,0.9714337465864709,2.5487632751464844
316,IoBT_GUNFIRE,15.967130661010742,15.006209064762713,0.8602863988512723,1.5638298988342285,18.38390827178955,17.347216979680063,0.8682107730040246,2.095773696899414,15.510895252227783,15.119413568066634,0.8602374589749772,1.5540311336517334,15.928456783294678,14.973565217552395,0.8602768625561914,1.5608023405075073
317,EXISTING_PROXY,10.456862449645996,10.024209664474284,0.6696114027708902,1.1480871438980103,11.624938249588013,10.84729432783927,0.7342168663934726,1.136803388595581,8.126338720321655,6.944182997461398,0.6698205311463833,1.178895115852356,4.486742913722992,3.464719827065876,0.6699208883185099,1.2235783338546753
318,EXISTING_PROXY,10.176327228546143,10.065925498790499,0.88146310206495,1.6154277324676514,6.4467304944992065,5.610408293346826,0.8790526606011858,1.6753034591674805,10.437325239181519,9.833809283415329,0.8818945291097332,1.636920690536499,9.461899399757385,8.900702131271496,0.8816910266963226,1.6282877922058105
319,EXISTING_PROXY,6.546982526779175,5.028926696353176,0.8265015581135994,1.1814593076705933,10.996545553207397,8.9387141137601,0.8403950690086794,1.196176528930664,7.526828050613403,5.2472349873999855,0.8266361844458182,1.1788668632507324,7.150008678436279,5.1531725782157976,0.8266059905828748,1.1804512739181519
320,IoBT_GUNFIRE,7.0649653673172,4.979649458469649,0.6529562701438618,1.1967136859893799,15.741932392120361,13.486677187228866,0.7879337389339228,1.5248687267303467,7.8450751304626465,5.009305879898599,0.6534655536638966,1.2518997192382812,7.35495924949646,4.796113256516228,0.6533700617874103,1.232363224029541
321,IoBT_GUNFIRE,-2.9253897070884705,-4.836479412258648,0.6872675241249949,1.0891443490982056,3.573375940322876,-0.07827970118363127,0.6841095701743403,1.115793228149414,-1.597207933664322,-4.628502594210487,0.6871682855772069,1.0919228792190552,-2.1304289996623993,-4.662147588030231,0.6871923389121319,1.0904251337051392
322,IoBT_GUNFIRE,1.3635699450969696,-0.17784609974257734,0.6176523193505813,1.2392823696136475,-6.989367604255676,-14.351032509212278,0.6091807773700383,1.5068695545196533,2.525181472301483,-0.21752410146838458,0.6176994960950674,1.2477209568023682,1.9351641833782196,-0.3327920225656906,0.6177000370000608,1.249271273612976
323,EXISTING_PROXY,21.132421493530273,19.997959374856993,0.9809825571462033,2.917618989944458,20.76352834701538,19.968723701160737,0.9711437210736077,3.0200321674346924,17.547883987426758,18.529776894635805,0.9809306271195632,2.921830177307129,17.99640417098999,17.242363456369038,0.980956100095638,2.9211995601654053
324,IoBT_GUNFIRE,-8.80898892879486,-10.019929657142473,0.7066703578021665,1.0526313781738281,0.2430710755288601,-3.860566437489007,0.6757018623002786,1.0838477611541748,-7.299299240112305,-9.58954358038128,0.7068053985971123,1.057608962059021,-8.089200258255005,-9.788499709795138,0.7066736619608384,1.0597397089004517
325,IoBT_GUNFIRE,11.305124759674072,10.009811664662848,0.6902961529768671,1.337766408920288,12.135469913482666,10.496314304844578,0.691363949077956,1.3604857921600342,8.947252035140991,6.9109430652338775,0.6902838441248048,1.3272788524627686,11.725969314575195,10.032216817215682,0.690288600111967,1.3333066701889038
326,IoBT_GUNFIRE,5.969002842903137,5.035090687198349,0.8287925260601975,1.3811436891555786,6.337798833847046,4.443541018565175,0.8225735249050175,1.552992820739746,6.7897796630859375,5.007840918347202,0.8286837190427179,1.387826681137085,6.448336839675903,4.972299687044961,0.8287186577409038,1.3855807781219482
327,IoBT_GUNFIRE,0.13222466222941875,-0.009879424702841099,0.8108437554208539,1.2450478076934814,9.375436305999756,8.69924142574913,0.7811560377601016,1.2681597471237183,1.6535407304763794,0.5513473339711116,0.8114052217924763,1.26975679397583,0.9276560693979263,0.20929757140453784,0.8111793183512847,1.2643299102783203
328,EXISTING_PROXY,11.672476530075073,10.135260669923884,0.855785148029147,1.9560312032699585,9.672627449035645,7.572329407059243,0.8874526831103204,1.5390725135803223,11.988916397094727,9.956863056210056,0.8557907815674469,1.968187689781189,12.180289030075073,10.128441424900984,0.8556703389303262,1.9612388610839844
329,IoBT_GUNFIRE,-8.136547207832336,-10.113754095235254,0.4812437313331462,1.0364716053009033,-3.8221722841262817,-11.771596465607047,0.4539091072935683,1.0479882955551147,-7.146340012550354,-10.075470505384923,0.4815511142531752,1.0579806566238403,-7.565677165985107,-10.086656029838458,0.4812318177354151,1.0362415313720703
330,EXISTING_PROXY,17.51513361930847,14.995709993200176,0.9296811032619241,1.7219769954681396,17.139631509780884,14.47382731627757,0.9439379646950898,1.8176829814910889,16.666462421417236,14.742616211648032,0.9294566131374746,1.7265405654907227,17.396105527877808,14.882919614593902,0.9296563014059768,1.7251477241516113
331,IoBT_GUNFIRE,0.001789904636098072,-9.99230543342139,0.31302024943652595,1.016850233078003,2.9237040877342224,-12.285040075090572,0.2305431639351076,2.328068256378174,1.088821217417717,-10.108575882408601,0.313451350640369,1.016020655632019,0.559772290289402,-10.04426732127406,0.31319168916769946,1.0247852802276611
332,EXISTING_PROXY,21.02264404296875,19.993179492241666,0.9831162567876485,2.0927157402038574,10.560905933380127,10.281824220405444,0.9424824072704002,1.6913187503814697,16.410902738571167,19.143068958447106,0.9830653334496505,2.095412492752075,18.817737102508545,19.403849159679936,0.9830601596813016,2.093816041946411
333,IoBT_GUNFIRE,1.5479287505149841,-0.09504679689400686,0.8573942637753933,1.2005094289779663,6.332034468650818,4.357558141206377,0.9052844700854197,1.5064060688018799,2.3194096982479095,-0.282851564374059,0.8574646863628902,1.1984719038009644,1.983620673418045,-0.22920675433291277,0.8575157981399334,1.1993865966796875
334,IoBT_GUNFIRE,11.189484596252441,10.003264943617259,0.9533904641835863,2.234968423843384,12.364811897277832,11.083890272469969,0.9561806241453498,2.252262830734253,11.357554197311401,9.751814744331963,0.953372971533231,2.2378909587860107,11.448373794555664,9.862800674501266,0.9533722771448337,2.2332141399383545
335,IoBT_GUNFIRE,17.674789428710938,14.996350255783407,0.9983588246988362,2.2646756172180176,8.34346354007721,5.391266343129484,0.9916933381062641,2.1756885051727295,5.313820838928223,1.8103411379127896,0.9983663537913214,2.4308483600616455,7.700102925300598,4.445787815930647,0.9983536292405312,2.3439552783966064
336,IoBT_GUNFIRE,6.189023852348328,4.983031872079699,0.9129922436954268,1.2977519035339355,4.021545946598053,-0.16774019284433866,0.8752007074654597,1.3730887174606323,7.278891205787659,5.157551365570182,0.9129472793558301,1.3046883344650269,6.8866682052612305,5.061929942364264,0.9129876749237797,1.3022257089614868
337,IoBT_GUNFIRE,-4.544423520565033,-5.086911008488783,0.6300458056595255,1.0361874103546143,2.4198827147483826,-1.5715746014983567,0.4957971216424959,1.0424665212631226,-3.153615891933441,-4.691859317705383,0.630158997086644,1.0374470949172974,-3.741876482963562,-4.857208448101414,0.6298656589739927,1.0369755029678345
338,IoBT_GUNFIRE,7.286407947540283,4.938136099487061,0.8035328368469108,1.446372151374817,17.688554525375366,15.29575506832478,0.803257764064773,1.8447613716125488,7.921841144561768,4.802658730771088,0.8038454082951576,1.4552946090698242,7.706180810928345,4.876741386841801,0.8036333623036418,1.450728416442871
339,IoBT_GUNFIRE,6.425604224205017,5.010895992440169,0.8546138972017915,1.2219531536102295,6.420384049415588,4.694501041467311,0.8590524206983687,1.2958217859268188,3.9176201820373535,1.6928358747605898,0.854807716301735,1.2500485181808472,2.282957136631012,0.2935505581125882,0.8547132803255865,1.2628616094589233
340,IoBT_GUNFIRE,0.8607219904661179,-0.06095154883023055,0.7999523765709914,1.0807297229766846,8.482117652893066,6.905202713973091,0.8842153846259144,1.0689997673034668,1.8941166996955872,0.040285873563283496,0.7997961950448457,1.0801527500152588,0.6477576494216919,-0.8424997087775605,0.8000036525766627,1.0829964876174927
341,IoBT_GUNFIRE,-2.166450321674347,-4.904860398664054,0.6519577081871615,1.172799825668335,5.212897062301636,-0.8044176523704898,0.5130148070719979,1.1610397100448608,-0.8522501587867737,-4.62345680963511,0.6521517925613789,1.2514349222183228,-1.387539952993393,-4.721349783097381,0.6520333816080186,1.1716103553771973
342,EXISTING_PROXY,10.000020265579224,10.027644359409798,0.9851151905863299,3.089369535446167,7.904536128044128,7.260775462936641,0.9796657961302679,2.2438669204711914,9.146419167518616,8.596666246108787,0.9850625270948108,3.0964481830596924,6.373838782310486,5.768999481221805,0.9850922826981428,3.136284351348877
343,EXISTING_PROXY,-9.999951720237732,-10.363236053874367,0.3855834659372739,1.172003149986267,-1.1876603960990906,-11.503265539018804,0.33856424975580884,1.1186447143554688,-9.057701230049133,-10.30049805183217,0.38558784776982336,1.1703126430511475,-10.597772598266602,-11.09883210351301,0.3855403762929464,1.1879971027374268
344,IoBT_GUNFIRE,5.21776556968689,-0.04753418683379973,0.6893289792501267,1.1198394298553467,7.785109281539917,1.98200490592503,0.6815891888373937,1.126284122467041,6.404315233230591,0.258701963349491,0.6897339266426746,1.1196694374084473,5.912797451019287,0.12462635431577411,0.6894739621399494,1.1198827028274536
345,EXISTING_PROXY,15.268229246139526,14.9803105066157,0.9932411018920831,2.0618741512298584,15.236209630966187,14.828747391756576,0.9910285665175953,2.196943759918213,14.158581495285034,15.09874861360563,0.9932106047860463,2.081113576889038,15.145736932754517,15.08298635411817,0.9932173713101085,2.0711443424224854
346,IoBT_GUNFIRE,21.076087951660156,19.99030285588531,0.9963815141631536,2.4169392585754395,17.44964599609375,17.41922017761191,0.99161542667316,2.4705355167388916,17.216819524765015,19.686518639824598,0.9963774120828522,2.4179720878601074,19.530270099639893,19.9587084751561,0.9963736235802887,2.417844772338867
347,IoBT_GUNFIRE,3.095386326313019,0.003815240872557053,0.7602052238677804,1.1501460075378418,11.42288327217102,7.661469759729594,0.7043597224410416,1.117946982383728,4.1512531042099,0.20193480774282652,0.7605010843524141,1.152340054512024,3.709363043308258,0.1178332394429408,0.7606897373264265,1.1514763832092285
348,EXISTING_PROXY,21.73893690109253,19.99466215387451,0.9944063262894879,2.4248273372650146,20.82674503326416,19.688818581056303,0.9930418544184225,2.561551809310913,18.660074472427368,19.681625660685807,0.9943713274051885,2.4413764476776123,20.585689544677734,19.880439550870786,0.9944031401083195,2.432715654373169
349,IoBT_GUNFIRE,-9.686083793640137,-10.142742489024378,0.6086223383832035,1.0789604187011719,-5.738905668258667,-7.523247419408362,0.6704596540226813,1.0879703760147095,-8.59154999256134,-10.055030035713084,0.6085165050065124,1.080608606338501,-9.059540629386902,-10.095221124263613,0.6086536434495029,1.0793113708496094
350,IoBT_GUNFIRE,10.17681360244751,10.043821716867383,0.8620647964389228,1.638822078704834,10.494701862335205,10.01021361677533,0.864879999840767,1.678692102432251,11.056272983551025,10.536447595161093,0.8626156506914102,1.633958339691162,10.815303325653076,10.297381246492016,0.8622669932099551,1.6362197399139404
351,EXISTING_PROXY,2.074764668941498,-0.004268235372131885,0.8686049157344876,1.391502022743225,5.82075297832489,3.4692971920217497,0.8830346432684277,1.6704692840576172,3.732665777206421,0.7899185460160332,0.8692417806810059,1.390531063079834,3.0364981293678284,0.4411600710166008,0.8688765592754518,1.3914378881454468
352,IoBT_GUNFIRE,0.00022520209313370287,-0.0973638383903516,0.711737319481795,1.1117699146270752,3.8263246417045593,2.1953871980615256,0.7279149185167539,1.1605679988861084,1.253567785024643,0.28004829434901685,0.7119700789899706,1.1168920993804932,0.7710972428321838,0.14852946036586495,0.7119264359812687,1.114376425743103
353,IoBT_GUNFIRE,10.26818037033081,9.956041913985551,0.9066094416554321,1.279540777206421,9.292547106742859,8.656232199020412,0.9118575089197832,1.3909063339233398,10.532407760620117,9.885823040740984,0.9065685651400263,1.2831964492797852,9.554911255836487,8.824270173900295,0.906567442637349,1.2853232622146606
354,IoBT_GUNFIRE,-8.977515697479248,-10.066785110908139,0.5405378526135913,1.031973123550415,3.310033082962036,-0.7978773593133525,0.4806873746868441,1.0506953001022339,-8.261701464653015,-10.314710183777967,0.5414019988256654,1.0320568084716797,-8.637323379516602,-10.293882779285784,0.5409618360580377,1.0321581363677979
355,IoBT_GUNFIRE,1.1909286677837372,0.04734399259174492,0.6805093897227683,1.2545796632766724,7.276404500007629,5.08141653143992,0.7428297464910263,1.3125927448272705,2.2128158807754517,0.16818524778175242,0.6806303227538302,1.2588874101638794,1.778741031885147,0.09932649216662393,0.6805372248003504,1.254860520362854
356,IoBT_GUNFIRE,-4.494659006595612,-4.885089798662834,0.5892054716390442,1.0660873651504517,2.527565658092499,-0.09463243535653636,0.6812867807429616,1.1491062641143799,-3.4271052479743958,-4.735932809547184,0.5895738319522396,1.069845199584961,-3.9093050360679626,-4.853343504224327,0.5895041624747017,1.0686300992965698
357,IoBT_GUNFIRE,5.70193350315094,5.0317057556067715,0.7605744655879983,1.2830919027328491,13.407139778137207,12.610160548458582,0.8469177083393504,1.4213312864303589,6.787859201431274,5.349976368413661,0.7611213415549652,1.2893438339233398,6.307920813560486,5.1577411332035545,0.7609564671192165,1.3026180267333984
358,IoBT_GUNFIRE,5.0011807680130005,1.8561475422486655,0.7501996659698356,1.1449133157730103,6.968303322792053,2.45657476657335,0.7411623807360281,1.1592519283294678,5.6010740995407104,1.8889969902591126,0.7504713332256742,1.1548327207565308,5.603392124176025,2.0334265951020116,0.7503367218024937,1.1496977806091309
359,IoBT_GUNFIRE,5.654692649841309,4.939113832167086,0.8356622157276858,1.2139122486114502,6.3226258754730225,5.319267088464535,0.8432730307498987,1.2594852447509766,6.475053429603577,4.849740020268506,0.8357658692033385,1.2146508693695068,6.0997068881988525,4.782994153413394,0.8357019206985106,1.2157869338989258
360,EXISTING_PROXY,1.1903705447912216,0.036103175383145815,0.9458699646744957,1.8136327266693115,4.323440790176392,1.9030753224326344,0.9076120442216954,2.4425814151763916,2.546733021736145,0.37713540710215454,0.9458636754165138,1.7559173107147217,1.4402644336223602,-0.31484155401557473,0.9458602018139267,1.7418975830078125
361,EXISTING_PROXY,5.55467426776886,5.09011216147485,0.8688772868968772,1.171227216720581,6.3807594776153564,5.1493084010509405,0.8597418181133442,1.2911972999572754,4.597932398319244,3.2399715713813304,0.8693563728046967,1.1734087467193604,5.984158515930176,5.004489137991312,0.8691459130900664,1.1702163219451904
362,IoBT_GUNFIRE,1.4262618124485016,0.02876501421937051,0.7364182471684024,1.1164427995681763,6.7807453870773315,4.8556916366571485,0.7686283932522758,1.2020193338394165,2.668600082397461,0.3328747656090971,0.7369070589109146,1.1266077756881714,2.1911047399044037,0.2406670114773021,0.7366127827690682,1.1216299533843994
363,IoBT_GUNFIRE,-4.5905521512031555,-5.029718734034243,0.7462069742166024,1.0861709117889404,8.058796525001526,6.850343099109154,0.8400917014474777,1.1666783094406128,-3.0604347586631775,-4.531702464742968,0.7463390293951495,1.088741421699524,-3.753199875354767,-4.761350494512792,0.7462151931444851,1.089026689529419
364,EXISTING_PROXY,10.756187438964844,9.934488827748032,0.9393395018841249,1.3097624778747559,11.16965651512146,10.025811897569197,0.9323107731893603,1.3320574760437012,10.730466842651367,9.537511194556096,0.9392619956440473,1.3056817054748535,10.577465295791626,9.389270751863318,0.9392949367171175,1.3077359199523926
365,IoBT_GUNFIRE,-4.912880957126617,-5.013953814246509,0.6316502019011014,1.1022523641586304,2.1479780972003937,-2.1349695728717584,0.5260523320063374,1.0369917154312134,-4.125809371471405,-5.088168007274614,0.6319943009187808,1.104331612586975,-4.207849502563477,-4.797483472900463,0.6317771005884224,1.1033647060394287
366,IoBT_GUNFIRE,-3.39566707611084,-5.121817102682574,0.7263137543650876,1.2161831855773926,5.8828359842300415,3.7525729530485425,0.7120504568342919,2.2763943672180176,-2.5474172830581665,-5.223527844703327,0.726192087977818,1.2172462940216064,-3.2969650626182556,-5.556493564198806,0.7263044339029977,1.2199338674545288
367,IoBT_GUNFIRE,11.8031907081604,9.983895897805683,0.9868278751509981,1.4628777503967285,15.406314134597778,13.47446069207568,0.9797445550360185,1.6185028553009033,12.52382755279541,10.376477333787326,0.9871086515282906,1.480704426765442,12.353295087814331,10.181429118207406,0.9870792261340612,1.4723600149154663
368,EXISTING_PROXY,-4.639582931995392,-5.136758017670761,0.4196427201063001,1.3302950859069824,1.1207885295152664,-4.540065693907906,0.2947493681098917,1.4062579870224,-3.7360981106758118,-5.304756533475803,0.41924425192192083,1.5144665241241455,-4.1549378633499146,-5.2703472134453575,0.41929685248135484,1.2663196325302124
369,EXISTING_PROXY,-2.484421581029892,-4.623497606489143,0.8982035457662577,1.2657182216644287,-0.7981478422880173,-5.115683630508178,0.8857827138610701,1.2706884145736694,-1.8649420142173767,-4.965926335839269,0.8983437250601758,1.293445348739624,-1.8199719488620758,-4.518315371817174,0.8984847644590446,1.2729405164718628
370,IoBT_GUNFIRE,0.6535355746746063,-0.04070028475747105,0.8087812838443695,1.2033771276474,5.535506010055542,3.304906859424768,0.7673356291633577,1.0872544050216675,1.6696518659591675,-0.0866821150821334,0.8091242873999772,1.208125352859497,1.1274483799934387,-0.20710016134297593,0.8090477119218116,1.2083545923233032
371,IoBT_GUNFIRE,-3.3281391859054565,-5.155261415851284,0.6477574087657634,1.0493955612182617,-0.5042674392461777,-4.20315676126479,0.5400743979538225,1.092078685760498,-2.121514230966568,-4.923953326392171,0.6479957046727327,1.0511442422866821,-2.696402072906494,-5.098608934261804,0.647816207734907,1.051228642463684
372,IoBT_GUNFIRE,-3.8088753819465637,-5.356493349061992,0.8293552551697174,1.07283616065979,-0.11353995651006699,-2.6973168478065004,0.8420963470276405,1.0958772897720337,-2.921658158302307,-5.432548926303986,0.8296700253197776,1.0725613832473755,-3.416479527950287,-5.5308353912173915,0.8294548381712994,1.073569655418396
373,IoBT_GUNFIRE,15.967795848846436,14.998607580665137,0.9604021871936974,2.6786584854125977,14.972748756408691,13.832559533157818,0.9568075751327978,2.6819560527801514,15.011307001113892,14.438234519085631,0.9604212933837841,2.695438861846924,14.210820198059082,13.046840435418801,0.9604185038143197,2.6824655532836914
374,IoBT_GUNFIRE,9.999999403953552,0.859002094794336,0.5759108607610295,1.0632846355438232,10.831094980239868,0.5821996510126168,0.5808282460398222,1.0778250694274902,9.936739206314087,1.373253415962528,0.5762936633846312,1.0667058229446411,10.321749448776245,1.1670731312631528,0.5761020701221015,1.0652621984481812
375,IoBT_GUNFIRE,1.3064084947109222,-0.02941304856478186,0.8584362156494172,1.3641879558563232,10.560399293899536,8.727703735621827,0.8610384963536403,1.8464412689208984,2.3013505339622498,-0.010238547709010316,0.8583737089194013,1.3655709028244019,1.8972399830818176,-0.01731495610857442,0.8583696116169787,1.3641388416290283
376,EXISTING_PROXY,5.554338693618774,5.053251605560893,0.8770059629228573,1.3513610363006592,3.295033574104309,1.028873328593438,0.844375711305399,1.248456597328186,4.417310655117035,3.0236376862594483,0.8770374660692318,1.382045865058899,3.9059510827064514,2.8515998652055736,0.8770391484638403,1.3871158361434937
377,EXISTING_PROXY,10.65430760383606,10.005280110013608,0.9350366975516041,1.4438774585723877,12.060542106628418,11.086669905021548,0.9184243120806258,1.6041309833526611,10.81183910369873,9.75199085836964,0.9349330784005958,1.4435076713562012,10.671640634536743,9.604665046519626,0.934951994645134,1.4450591802597046
378,IoBT_GUNFIRE,5.756735801696777,4.987497334763301,0.8883774494429587,1.0928921699523926,8.731047511100769,7.258201967456179,0.8402981984080783,1.1857150793075562,6.772527098655701,5.201300458086048,0.8887125266888448,1.0939960479736328,6.345954537391663,5.05969044334146,0.8885739237436286,1.0931724309921265
379,IoBT_GUNFIRE,15.65292239189148,15.008919279899324,0.9552403510455648,1.965935230255127,17.42232918739319,16.677481139176344,0.964692347273693,2.169121026992798,15.060031414031982,14.989757648205519,0.9554477170364905,1.9754705429077148,15.655103921890259,14.997607142716475,0.9553296638638029,1.9710890054702759
380,IoBT_GUNFIRE,11.305437088012695,10.003805861900236,0.9334029682142748,1.7520302534103394,12.178088426589966,10.692686738523012,0.937948847243595,1.6835108995437622,11.239945888519287,9.470574665198177,0.9333958095092456,1.7460525035858154,10.380501747131348,8.649630643239385,0.9334120651638088,1.7512562274932861
381,IoBT_GUNFIRE,-7.765790854818988e-07,0.021060548316281864,0.8234102020280727,1.4502259492874146,5.416086316108704,4.129069260026154,0.7242892538798994,1.4656208753585815,0.995115116238594,0.09025375281488779,0.8233968080367324,1.454826831817627,0.5940042808651924,0.05161392396132009,0.8234073213423875,1.4530010223388672
382,IoBT_GUNFIRE,11.242725849151611,9.976004901130413,0.8591986047158784,1.5778923034667969,12.699270248413086,11.170535104975457,0.8763583266090417,1.5926182270050049,10.987473726272583,9.2584698370592,0.8595894643087467,1.5854218006134033,11.411324739456177,9.775377500425872,0.8594388541875182,1.582692265510559
383,IoBT_GUNFIRE,0.8611198514699936,-0.10409684731491688,0.8408852082194905,1.5587347745895386,5.7144904136657715,4.129480269928294,0.8984933701354153,1.6988978385925293,1.4027327299118042,-0.5549980881790797,0.8410175580276184,1.5703363418579102,1.3745737075805664,-0.17547249214905336,0.8409364971049657,1.560423493385315
384,EXISTING_PROXY,6.0785335302352905,5.024064699547135,0.7455067857783377,1.1105234622955322,8.823186159133911,6.971810551132769,0.6956315253695895,1.1890411376953125,6.816925406455994,4.883621800449621,0.7455109429193318,1.112260341644287,6.36035680770874,4.744377044996685,0.7457652391643644,1.1126796007156372
385,IoBT_GUNFIRE,10.000005960464478,10.007288968511006,0.9036884420809264,1.4475096464157104,9.288086891174316,8.943532687516695,0.9076039941290619,1.4317057132720947,10.632798671722412,10.295844889472852,0.9036089546095054,1.4335540533065796,9.78453814983368,9.369503920061382,0.9036496570703972,1.439450979232788
386,IoBT_GUNFIRE,11.306061744689941,10.0169392716904,0.9221727095060211,1.3529431819915771,12.293055057525635,10.863629103505241,0.9248552915547642,1.5451009273529053,9.173486828804016,7.214106443036461,0.9224060357163123,1.4049692153930664,10.84558367729187,9.14457325849228,0.922336196070724,1.371492862701416
387,IoBT_GUNFIRE,21.30549430847168,20.00567147343041,0.9252853968208111,2.1254303455352783,17.352629899978638,15.937866322893298,0.9090639087442255,1.8565173149108887,13.803725242614746,12.95284230148569,0.9252414747978023,2.1352012157440186,11.740169525146484,10.02912328188097,0.9252516499694797,2.149503231048584
388,EXISTING_PROXY,15.04357099533081,15.004156253787249,0.9793167064016698,2.2483739852905273,14.370971918106079,14.425227298032095,0.971685076171696,2.468226194381714,14.185969829559326,14.6814496230522,0.9792957001118169,2.250704288482666,14.144128561019897,14.00431218540639,0.9792906783256191,2.2494235038757324
389,EXISTING_PROXY,6.486273407936096,4.850783737638122,0.799336314399175,1.390647530555725,7.862054109573364,5.790544723499731,0.8180972755969007,1.3880764245986938,7.113898992538452,4.696330470673867,0.7994709436105052,1.4008742570877075,6.908568739891052,4.772084474404321,0.7993786377044604,1.3960667848587036
390,IoBT_GUNFIRE,16.365360021591187,15.009337041256357,0.9722986513928313,2.063080072402954,17.898014783859253,16.470735951867884,0.9747507468450599,2.0329277515411377,16.05525851249695,15.487512796735732,0.9723589452411954,2.0364832878112793,16.625808477401733,15.305268007176167,0.9723171317967867,2.047722816467285
391,IoBT_GUNFIRE,15.603055953979492,14.99890041370258,0.949086998777428,2.2252941131591797,11.315004825592041,10.571532628468642,0.962396668706557,2.3539066314697266,14.295669794082642,13.907413873140559,0.9491417161379097,2.2370645999908447,14.188114404678345,13.412971227304148,0.9491723070469772,2.2332923412323
392,EXISTING_PROXY,5.64880907535553,4.965613713342986,0.5260152312356403,1.3416804075241089,7.815576791763306,6.654061556234131,0.5512903934975268,1.3656409978866577,4.183164536952972,2.636956982336966,0.5262368344606023,1.3468846082687378,5.855414271354675,4.692799718757833,0.526109594399313,1.342524528503418
393,EXISTING_PROXY,-4.999995529651642,-5.018369693603612,0.5319698533271136,1.061340093612671,-1.6698652505874634,-9.97927089591995,0.45605457090404034,1.051430106163025,-3.9008378982543945,-4.793311206067533,0.5321375922617412,1.0641025304794312,-4.438033401966095,-4.967418062583859,0.5321246191822533,1.0634804964065552
394,IoBT_GUNFIRE,16.36455535888672,14.998850171735471,0.9554984838912063,1.776258945465088,12.788779735565186,11.305508845542612,0.9621342776525348,1.9632662534713745,12.630317211151123,11.074620936966435,0.955439881631388,1.7835181951522827,10.401705503463745,8.607580228476651,0.9554969867724783,1.807011604309082
395,EXISTING_PROXY,-0.002091572096105665,-0.8582377473833919,0.2864569200669749,1.1239393949508667,-16.938118934631348,-17.56832109071288,0.2743659003107053,1.2045869827270508,-11.696910858154297,-14.267646207756943,0.28624209793433736,1.1175466775894165,-4.74086195230484,-6.575182056539951,0.28653293058005447,1.1214449405670166
396,IoBT_GUNFIRE,15.505554676055908,14.996939916824987,0.928310560831882,1.5277743339538574,15.502650737762451,14.86821643507852,0.9376380392201736,1.6951022148132324,14.594333171844482,14.763085418642703,0.9282385813985539,1.5339984893798828,15.230079889297485,14.736763120812935,0.9282480381556896,1.5314074754714966
397,IoBT_GUNFIRE,13.941776752471924,9.921922556396703,0.5346128208399358,1.730515480041504,16.964293718338013,12.928658903516146,0.5414773852643062,1.610647201538086,14.695323705673218,10.328456655360252,0.5349291983722075,1.7216196060180664,14.293482303619385,9.92295757916594,0.5348268080326882,1.723891258239746
398,IoBT_GUNFIRE,6.189039349555969,5.003928544213858,0.7249667164060233,1.6422803401947021,7.936779260635376,6.640747686795501,0.7524633982959095,1.7614372968673706,6.740864515304565,4.591653848404875,0.7248269947352852,1.6466248035430908,6.443895101547241,4.635964743452119,0.7248935175879341,1.647439956665039
399,IoBT_GUNFIRE,6.076979637145996,4.911110004593001,0.8210395316520944,1.186338186264038,7.949317693710327,5.897423853386131,0.7640428747410914,1.2713539600372314,6.975985169410706,4.93006296559315,0.8211781261144747,1.19309401512146,6.672855019569397,4.934644458121843,0.8211408469922037,1.1902389526367188
400,IoBT_GUNFIRE,6.610166430473328,4.98284086164294,0.8526882796746947,1.4021327495574951,4.850216507911682,3.0241694358995455,0.8545941291508657,1.4293489456176758,7.22135066986084,4.810670118477727,0.8528367104961027,1.4039053916931152,7.043161988258362,4.917315744859229,0.8527161740838578,1.4028730392456055
401,EXISTING_PROXY,5.75626015663147,4.986017024422527,0.8311068962055483,1.219406008720398,7.0861828327178955,5.610485479927666,0.8366517069787643,1.2704408168792725,6.570950746536255,5.039693609320793,0.8313829165382334,1.2251207828521729,5.368236303329468,4.1059564486477775,0.8310759304869851,1.228695273399353
402,IoBT_GUNFIRE,6.486589312553406,4.957054637058183,0.8626174675582045,1.193856120109558,9.013656973838806,6.859273091850167,0.8427582572036701,1.322924017906189,7.494959235191345,5.116579293249424,0.8628867945687936,1.1955018043518066,6.991303563117981,4.906972940151298,0.8628137582666682,1.1956795454025269
403,IoBT_GUNFIRE,13.274269104003906,10.006410433069114,0.9826270635714744,1.6169309616088867,11.173083782196045,7.734085754977606,0.9847612278499013,1.8684768676757812,8.650596737861633,4.562404407041373,0.9826214854890639,1.6201776266098022,10.021766424179077,6.258098193435768,0.9826357037090994,1.6184024810791016
404,EXISTING_PROXY,10.267642736434937,9.988186852342704,0.9355258589546737,1.2897318601608276,7.934046983718872,7.2221461704903565,0.9365540596677201,1.2183836698532104,4.373532831668854,3.2757659778733164,0.9358192750967197,1.3005067110061646,6.05729341506958,5.299686276176535,0.9356809436215415,1.2975249290466309
405,IoBT_GUNFIRE,-4.032115638256073,-5.147013814321087,0.7191240492978193,1.069340467453003,3.2174837589263916,-1.6783329738266506,0.6003263493891096,1.089384913444519,-2.860480844974518,-4.937440403915851,0.7193873988198289,1.0708427429199219,-3.3403635025024414,-5.018436014630768,0.7193008834423429,1.0699925422668457
406,IoBT_GUNFIRE,15.96531629562378,15.005764334256323,0.897822090648384,1.822817087173462,8.512086272239685,7.443164491201668,0.915674040270142,1.9710283279418945,15.221525430679321,14.665873901923208,0.8985046440457354,1.8465478420257568,3.295680284500122,1.8264759470429481,0.8982553535011849,1.9107866287231445
407,EXISTING_PROXY,1.547299474477768,-0.026700592601429787,0.82913847600128,1.079576015472412,2.290757894515991,0.32796799850221436,0.8365917488440638,1.0820043087005615,1.954747587442398,-0.5857328187148518,0.829070054795751,1.078456163406372,1.8719422817230225,-0.27530867680337257,0.8290861896718122,1.0790704488754272
408,IoBT_GUNFIRE,6.0777348279953,4.996050122624593,0.8943622145846214,1.3183367252349854,13.033150434494019,11.78310486748343,0.9578879559409756,1.5833590030670166,6.866286396980286,5.003853320001312,0.8946709100241571,1.3212881088256836,6.615481972694397,5.036802928739647,0.894596618082473,1.3195276260375977
409,IoBT_GUNFIRE,5.603262782096863,5.014406057025571,0.8389882818406061,1.3261916637420654,6.547867059707642,5.500068518236647,0.8378207298905939,1.3603200912475586,5.52399218082428,4.1145375148166865,0.8392730884239965,1.3323523998260498,5.929079055786133,4.84165823843832,0.8392639075632622,1.3266105651855469
410,IoBT_GUNFIRE,15.000022649765015,15.018239799580487,0.9679102294002424,1.9359638690948486,9.861938953399658,9.672825304496868,0.922026422991473,1.5750148296356201,13.99989128112793,14.3935409973057,0.9681240419844404,1.9118268489837646,14.934498071670532,14.891871975782362,0.9680403200414915,1.9221503734588623
411,IoBT_GUNFIRE,2.5947102904319763,0.00039392744485216685,0.9805850901347284,2.152761459350586,11.727619171142578,8.993864185437747,0.9853456707453674,2.866258382797241,2.8891876339912415,-0.5855625187677499,0.9807103616805654,2.183845281600952,1.702347844839096,-1.5062874131942097,0.9805913178181161,2.20164155960083
412,EXISTING_PROXY,15.753657817840576,14.993387254542721,0.7559523930961112,2.064410448074341,15.716354846954346,14.90811567332093,0.7798635008912276,2.035721778869629,7.837172150611877,6.370593539690334,0.755857527459654,2.0897023677825928,9.18490469455719,7.994239602328871,0.7560398893524222,2.0892601013183594
413,IoBT_GUNFIRE,-4.494807124137878,-5.044373434176913,0.7380859724305908,1.0763843059539795,1.5191854536533356,0.5530522968459347,0.8908898816925648,1.1589635610580444,-3.617101311683655,-5.210493920675219,0.7382514200946889,1.0769084692001343,-3.982698917388916,-5.128921342960876,0.7381874455788653,1.0768284797668457
414,IoBT_GUNFIRE,6.190316677093506,5.007602639221281,0.8948883218242758,2.1178064346313477,15.395644903182983,14.053711279934065,0.9312252227154953,2.463613986968994,6.542709469795227,4.55595483352745,0.8947718001727146,2.109830141067505,6.550489664077759,4.8687337092975,0.8948199864015309,2.110668182373047
415,IoBT_GUNFIRE,10.504695177078247,9.98751380045065,0.9088657769058859,1.6270554065704346,3.6391735076904297,0.3410856560192672,0.8257243584264289,1.4333161115646362,10.22409200668335,9.324170818023598,0.908846246534249,1.6225035190582275,10.576982498168945,9.62697789691201,0.9088713520795109,1.6248726844787598
416,EXISTING_PROXY,17.00521469116211,15.012424235668158,0.9779769235806077,2.3836941719055176,16.948148012161255,14.801424534938135,0.9786554360975149,2.423611640930176,15.472707748413086,13.714954711664785,0.9781191549934228,2.400604248046875,16.037691831588745,13.918399780557277,0.9780287313103683,2.393005609512329
417,IoBT_GUNFIRE,6.306703090667725,5.004106953210554,0.9580663885859491,1.670280933380127,10.759717226028442,9.009701791369073,0.9287966002882817,1.5356478691101074,7.326443195343018,5.255365291053881,0.9582577685127847,1.6706292629241943,6.861433982849121,5.071278823414037,0.9581352375773095,1.6724016666412354
418,IoBT_GUNFIRE,-4.685141742229462,-4.973572387117801,0.8307740872170434,1.0568338632583618,9.613686800003052,8.862594200621292,0.8321742660789124,1.546457290649414,-3.8784071803092957,-5.300269222432767,0.830817347667654,1.0567835569381714,-4.460142254829407,-5.404627076899679,0.8307155722514862,1.0567796230316162
419,EXISTING_PROXY,10.859174728393555,10.102639181111366,0.8229749085207282,1.7946528196334839,11.96232795715332,10.806735798224361,0.8400412429875387,1.8758964538574219,11.170557737350464,9.89588513720714,0.8229793716394509,1.8039312362670898,11.087323427200317,9.868418538247237,0.822737317421781,1.8001700639724731
420,IoBT_GUNFIRE,5.131673216819763,4.983303637180249,0.8275185775935845,1.3615034818649292,8.176667094230652,7.3665301862856944,0.8264266913978456,1.4073878526687622,6.011615991592407,5.0592058365563775,0.827681571346677,1.3841480016708374,4.424592554569244,3.7416154024114308,0.8275493035430628,1.3947665691375732
421,IoBT_GUNFIRE,10.409051179885864,9.907497119355089,0.9198676136928741,1.4658883810043335,7.267029881477356,5.85849899176859,0.9287560946391802,1.5519630908966064,7.6902174949646,6.43299971540591,0.9199490653972799,1.4913110733032227,10.239856243133545,9.366958275261172,0.919895572707277,1.4684686660766602
422,IoBT_GUNFIRE,11.02321982383728,10.003894966223356,0.8267418232310012,1.1587748527526855,13.205969333648682,11.9133406254256,0.8362522958253661,1.2463021278381348,11.028624773025513,9.575516141815699,0.8267879382623181,1.1579183340072632,10.262092351913452,8.78683238049145,0.8267630744267289,1.1596592664718628
423,IoBT_GUNFIRE,16.925493478775024,14.999209878106388,0.9100413407442285,2.08742356300354,18.38514804840088,16.387430440457635,0.9225229336013118,2.0606579780578613,16.008042097091675,14.727943287349783,0.9098891784173472,2.083493232727051,16.744123697280884,14.841578843545593,0.9099698910187445,2.0852644443511963
424,EXISTING_PROXY,17.362090349197388,14.997162133624668,0.8957505431485776,3.5438578128814697,16.219290494918823,13.732825728809495,0.905595141382695,3.344304323196411,15.875266790390015,13.841820980637307,0.8959213166996468,3.5697271823883057,16.278311014175415,13.80400220721863,0.8958301661171707,3.561340093612671
425,EXISTING_PROXY,5.22174596786499,4.988005704396905,0.8585345572240636,1.5243415832519531,5.426228046417236,4.224618360481288,0.8645181539183086,1.7285106182098389,5.400053262710571,4.46599999645305,0.8586596418097333,1.5142958164215088,4.013252258300781,3.3274692225137787,0.8586613486199407,1.5284993648529053
426,IoBT_GUNFIRE,10.131666660308838,9.947543605909647,0.8918615406013976,1.937156319618225,5.646411180496216,4.273457098221566,0.8684868399952345,1.9064345359802246,9.073571562767029,8.348763143005588,0.8917797128016527,1.9442743062973022,9.783271551132202,9.188602398446891,0.8917320926220833,1.9402180910110474
427,EXISTING_PROXY,-4.999999701976776,-4.810800213893529,0.6729172520329387,1.0438809394836426,-1.4159607887268066,-6.23759438402375,0.5421114138280103,1.0421334505081177,-4.003936350345612,-4.7539925046380365,0.6728909366481588,1.0442020893096924,-4.466995894908905,-4.814466759033486,0.6730977401910079,1.044316291809082
428,EXISTING_PROXY,10.175966024398804,9.996343101085383,0.8404616807731441,1.8486219644546509,6.541757583618164,5.446975332352926,0.789592532306429,1.5787460803985596,9.924649596214294,9.314320100047086,0.8401898301581432,1.8555448055267334,7.850854992866516,7.104667199234058,0.8404162472582908,1.8821953535079956
429,EXISTING_PROXY,5.0000011920928955,4.88719711294471,0.8031345125756992,1.2859052419662476,2.4110835790634155,-1.2222439707804984,0.671555982628793,1.2358448505401611,5.0970447063446045,4.188778539916116,0.8033193430716311,1.2922945022583008,4.952163100242615,4.339296117459052,0.8032396199307661,1.2900898456573486
430,IoBT_GUNFIRE,5.002921223640442,-0.12519013480091615,0.6712917317270921,1.2768608331680298,6.818523406982422,0.9440366528217736,0.6698755475804207,1.3363906145095825,5.65619170665741,-0.0767610902523663,0.6719016273950503,1.3134347200393677,5.1614028215408325,-0.4530348435947745,0.6715809808138667,1.2872629165649414
431,EXISTING_PROXY,20.50506830215454,19.987757603930746,0.9820004330724519,2.0321085453033447,20.16878366470337,19.622008154560234,0.9812698638234241,2.1298792362213135,15.983809232711792,18.58267559195869,0.9820191460395751,2.0453200340270996,17.503032684326172,17.93629638503698,0.9820032591984748,2.0400280952453613
432,IoBT_GUNFIRE,6.670274138450623,4.953773363837222,0.8087278192247087,1.5165436267852783,11.376694440841675,9.465188808179345,0.8060032639751765,1.4040870666503906,6.934548020362854,4.299370311753919,0.8086745601949419,1.5316840410232544,7.069951891899109,4.784347427006901,0.8087457896354876,1.5214265584945679
433,IoBT_GUNFIRE,9.999991059303284,9.991212795521344,0.8836501101110034,1.5322699546813965,8.124117255210876,7.600815935625618,0.8907924060587505,2.114309310913086,10.649261474609375,10.283907541077479,0.8843138334376826,1.585468053817749,8.790491223335266,8.355201879309007,0.8840644421368721,1.5804181098937988
434,IoBT_GUNFIRE,10.804651975631714,10.026548920716927,0.8950208839493305,1.9513213634490967,12.56795883178711,11.507725193699663,0.8737597052414456,2.059277057647705,10.93092679977417,9.68400153945353,0.8950947428303306,1.9674699306488037,10.427629947662354,9.2397562172877,0.895125191440341,1.9651718139648438
435,IoBT_GUNFIRE,12.071367502212524,9.99610734785317,0.7671426935265409,1.3579528331756592,15.332854986190796,13.084378773927053,0.7195466718173773,1.3546959161758423,12.556054592132568,10.156133187491182,0.7671674449587468,1.3656690120697021,12.613955736160278,10.156607873507124,0.7671934792719323,1.3618125915527344
436,IoBT_GUNFIRE,5.090140104293823,-7.6052665197836875,0.4258922876670483,1.01914381980896,7.557922601699829,-5.337837161727293,0.4586884382538772,1.0243701934814453,5.87833046913147,-7.883941575579073,0.42604512498852287,1.0192389488220215,5.633644461631775,-7.7130199674436035,0.42597360253569533,1.024019479751587
437,IoBT_GUNFIRE,0.8602472394704819,0.06677149798633471,0.8325212243152376,1.1551433801651,3.917568027973175,1.8353307538511556,0.8528737750495295,1.2598837614059448,2.0058906078338623,0.2541275412930468,0.8327026005047333,1.1631217002868652,1.5107697248458862,0.1542864822200169,0.8325593073922142,1.160143256187439
438,IoBT_GUNFIRE,9.999946355819702,3.871266621260813,0.7931291039883619,2.5054056644439697,10.619292259216309,2.774796749163321,0.7825425585743361,2.2531700134277344,9.679374694824219,3.847900645220915,0.7928403719628737,2.3847038745880127,10.003622770309448,3.768148167754291,0.7930376096073913,2.386275053024292
439,IoBT_GUNFIRE,15.132153034210205,14.998174408834071,0.9106768754499218,1.7896696329116821,13.611032962799072,14.143869315437033,0.8992916837771113,1.9194221496582031,12.698296308517456,12.606059307244504,0.9106289005715942,1.7728101015090942,14.981215000152588,14.86547922115073,0.9106050733767864,1.7802610397338867
440,IoBT_GUNFIRE,5.3611016273498535,5.009829373054838,0.7885850988069751,1.1712937355041504,3.8318946957588196,2.4007045816496992,0.868700941926656,1.2177146673202515,5.6881338357925415,4.523889025903644,0.7888708500971955,1.169547200202942,5.727343559265137,4.864193910200815,0.7886244972116165,1.1712779998779297
441,EXISTING_PROXY,2.0045773684978485,0.004760212686576393,0.9367243740370753,1.1025755405426025,2.692716419696808,-1.0658412478578687,0.847831342425942,1.1068252325057983,2.9392051696777344,0.05588557015695196,0.9365807667326629,1.1060431003570557,2.4117541313171387,-0.09315763551422332,0.9366685069891598,1.1071860790252686
442,IoBT_GUNFIRE,15.221867561340332,14.999084379184035,0.9142158976077481,2.176081657409668,6.7317187786102295,5.415240770005674,0.8845215895188948,1.8133141994476318,13.757941722869873,14.328441596407103,0.9142636362175638,2.1892573833465576,13.872843980789185,13.580001450739388,0.9142527532836958,2.1889467239379883
443,IoBT_GUNFIRE,15.75624942779541,15.00083666020932,0.9614391193109215,1.7261223793029785,10.673995018005371,9.640517737829505,0.9702124565974879,2.0155892372131348,9.812371730804443,8.492927314748552,0.9614105258686415,1.7432098388671875,9.824106097221375,8.652193297723638,0.961450755157449,1.7413947582244873
444,IoBT_GUNFIRE,10.360124111175537,10.033037759622296,0.891790280447918,1.9263572692871094,5.294998288154602,3.5234204341592177,0.8190500047362977,1.5257422924041748,10.402064323425293,9.670602206106881,0.8917470494540077,1.9335132837295532,10.615459680557251,9.837360382662022,0.8917439464215983,1.9315273761749268
445,IoBT_GUNFIRE,6.924532651901245,5.040933188199137,0.7377087541105979,1.345521092414856,15.83771824836731,13.758059539012065,0.8149452444792554,1.4717729091644287,8.052505254745483,5.344978694373561,0.737709102189133,1.352102518081665,7.5922757387161255,5.174532587503049,0.7376871601846652,1.3496040105819702
446,IoBT_GUNFIRE,20.55445909500122,20.008552674559922,0.9673842612698421,3.29799747467041,18.65995764732361,18.04048140534837,0.9652922092100096,3.321078300476074,16.33360505104065,17.291664669815702,0.967390380358202,3.3139564990997314,15.48022747039795,14.922295662826134,0.9674093252624308,3.314936876296997
447,IoBT_GUNFIRE,-3.4538140892982483,-4.9854190617229275,0.8140633015084201,1.2004886865615845,0.6915462762117386,-1.3688653531009276,0.8198786525052958,1.232997179031372,-2.065134644508362,-4.569546968822652,0.8141893454143834,1.1973814964294434,-2.6396965980529785,-4.745509728685516,0.8142101139506267,1.1986913681030273
448,IoBT_GUNFIRE,10.043396949768066,10.046387730877417,0.8483033878705577,1.4759345054626465,11.51214599609375,11.183886926635555,0.8655673629697177,1.7200502157211304,10.77161192893982,10.363251321713435,0.8487477750402523,1.5229997634887695,10.395340919494629,9.99594752815612,0.8485414126922473,1.5047149658203125
449,IoBT_GUNFIRE,4.999992847442627,5.087311106881839,0.6509116894013313,1.3110053539276123,5.533306002616882,5.136601000511446,0.6540160078525399,1.2917194366455078,5.419027805328369,4.31633551446989,0.6511027201183549,1.300628900527954,5.357301235198975,4.65108862636734,0.6508759053628014,1.2976710796356201
450,IoBT_GUNFIRE,24.43394899368286,20.01497510981678,0.9900306931492967,3.5686120986938477,14.915473461151123,10.515424269271008,0.9685777208942953,3.682727336883545,21.825480461120605,19.848210943007295,0.9900674948983085,3.589627742767334,23.65185260772705,20.055139798783674,0.9900368058505334,3.581533670425415
451,IoBT_GUNFIRE,11.133973598480225,10.077521031493074,0.957528096403895,2.210453510284424,11.46308422088623,10.259175472295055,0.9581669534216363,2.257582426071167,11.512222290039062,9.962301521759468,0.9575210503475491,2.2060320377349854,11.491550207138062,10.017961886563834,0.9575277545460135,2.207751512527466
452,IoBT_GUNFIRE,16.3651442527771,14.989423336605336,0.9278668992834858,2.2479352951049805,12.49912142753601,10.805300198291341,0.933371888714177,2.1580517292022705,14.675021171569824,13.971206100002487,0.927989714071443,2.2617380619049072,7.947628498077393,6.129224026653329,0.927901670839624,2.3453094959259033
453,IoBT_GUNFIRE,6.1343371868133545,4.97294594765583,0.8774651750571493,1.3384610414505005,10.950953960418701,9.465672351724994,0.8962268370848742,1.3691201210021973,6.870771050453186,4.899587978965086,0.8775458434804592,1.3426868915557861,6.6233813762664795,4.951657178179269,0.8774793705426192,1.3403583765029907
454,IoBT_GUNFIRE,0.8082587271928787,0.05160836219721105,0.8249139077080576,1.121263861656189,7.135428786277771,5.175404187174951,0.7797500134229262,1.2332011461257935,1.961965411901474,0.21019659861246073,0.8250936755837053,1.124561071395874,1.3045766949653625,-0.05920368896896948,0.8250380233500608,1.1251592636108398
455,IoBT_GUNFIRE,0.001433845900464803,-2.815222325202394,0.7004832430222055,1.0764570236206055,4.314373731613159,-0.6025378660891632,0.6904160752591928,1.09575617313385,1.2871305644512177,-2.4991222940411824,0.7007624507281851,1.0826042890548706,0.7704317569732666,-2.620673606881057,0.7007402085030667,1.0802141427993774
456,IoBT_GUNFIRE,15.553659200668335,14.995360778397737,0.9356943046516859,2.3980553150177,15.465996265411377,14.77046170101163,0.9259883843356805,2.450939893722534,14.450197219848633,14.419824288391688,0.9356488942085986,2.398536205291748,13.949248790740967,13.230890873075387,0.935701936089162,2.4020111560821533
457,EXISTING_PROXY,20.55398464202881,20.007823687730813,0.9771240591162138,2.8446242809295654,20.642552375793457,20.05725919253627,0.9766103683210735,2.942952871322632,17.63615608215332,19.875582873392727,0.9772850265742569,2.868197202682495,19.36760425567627,19.77751027241408,0.9772032714736193,2.8630447387695312
458,IoBT_GUNFIRE,5.132119059562683,4.992962335371485,0.9215579493799306,2.2656164169311523,5.300279259681702,4.408771843848427,0.8974357899761813,1.9501862525939941,5.689420104026794,4.537536708492143,0.9215181061049224,2.2687079906463623,5.535222887992859,4.723597768645119,0.9215204767431113,2.2661046981811523
459,IoBT_GUNFIRE,10.456271171569824,9.99468610689343,0.8971924122450086,1.2676782608032227,10.716860294342041,10.09254152494632,0.9161181404978317,1.3564250469207764,11.020382642745972,10.253781941436756,0.8971498141786264,1.2721561193466187,10.981576442718506,10.137060601748631,0.8971930486189554,1.27007257938385
460,IoBT_GUNFIRE,7.834622859954834,4.999293019234919,0.8118692064695969,2.349895715713501,27.190628051757812,24.400078445949017,0.8448646279547788,2.725555896759033,8.487904071807861,4.872120609181907,0.8117771718457161,2.3538734912872314,8.257992267608643,4.935804978501572,0.8118434292934088,2.3505685329437256
461,IoBT_GUNFIRE,-3.865535855293274,-5.101893559821413,0.6895586912221419,1.0547558069229126,3.2735994458198547,-0.979319263679833,0.7121462502914533,1.073083758354187,-2.5252765417099,-4.890730316411114,0.6896826058134489,1.0597686767578125,-3.2067933678627014,-4.996928530008259,0.6896846067445734,1.0603611469268799
462,IoBT_GUNFIRE,12.003711462020874,9.96246128078645,0.9224359917200727,1.5052170753479004,13.438694477081299,11.280392188516801,0.9248418732636855,1.9207298755645752,12.483813762664795,10.098917524000177,0.9227283237019271,1.501454472541809,12.425068616867065,10.040809231750487,0.9225887788175974,1.5046169757843018
463,IoBT_GUNFIRE,5.26828408241272,5.126928402035964,0.8407447174735028,1.088759422302246,7.777382731437683,6.960081992585953,0.8339663065376519,1.186803936958313,5.86461067199707,4.838598345771698,0.8409091703195452,1.0943070650100708,5.316595435142517,4.62556825848892,0.8408608863182485,1.0930356979370117
464,IoBT_GUNFIRE,16.8694269657135,14.988429129344922,0.9586775972597726,1.690758228302002,15.08400559425354,13.087396555453255,0.9566602936369836,1.7307932376861572,14.151875972747803,12.431201850930442,0.9586800104981618,1.6989147663116455,15.873539447784424,13.9686237174356,0.9586810164417342,1.6936086416244507
465,EXISTING_PROXY,6.673281788825989,4.918560534729124,0.7908382032152288,1.177211046218872,8.587387204170227,5.934150026698177,0.7694924602357265,1.3343377113342285,7.48030424118042,4.9913441857526895,0.7906748613517185,1.1798017024993896,7.179137468338013,4.961874827577086,0.7907707025362464,1.1787757873535156
466,EXISTING_PROXY,5.086932182312012,4.921824916937916,0.8961846383839039,1.796450138092041,3.931657075881958,1.6448906289117975,0.6607914118641935,1.2793941497802734,5.643656253814697,4.743044879975172,0.8961878882792861,1.8079338073730469,5.42596161365509,4.793781195948213,0.8961752562880143,1.803199291229248
467,IoBT_GUNFIRE,-9.995614290237427,-10.312043271090285,0.43721496868464765,1.0438790321350098,1.071716547012329,-5.062782453939077,0.4751260713295264,1.040408730506897,-8.73045027256012,-10.068466057321956,0.43751280751598276,1.0459537506103516,-9.341996312141418,-10.242996240317282,0.4375304199977539,1.0456572771072388
468,EXISTING_PROXY,16.67220711708069,15.053133077072845,0.9945600612060181,1.576338768005371,18.97638440132141,17.30625052600044,0.9931856868085055,1.621675729751587,15.839393138885498,14.745541262596367,0.9944992639287565,1.5702452659606934,16.416841745376587,14.766925769524907,0.9945353156161898,1.5722548961639404
469,IoBT_GUNFIRE,11.021900177001953,9.979307955702621,0.8542291355745018,1.4813510179519653,12.759208679199219,11.435992056456545,0.8689255297410821,1.4773918390274048,6.690318584442139,4.738670719459505,0.8543748546864779,1.5317308902740479,9.611799716949463,8.078882976733045,0.85429069215264,1.4957356452941895
470,EXISTING_PROXY,1.3978400374980993e-05,-0.007918454241380915,0.7659444636845241,1.3215116262435913,2.971692979335785,1.3513467384887994,0.7448460537967843,1.1447299718856812,0.9760543704032898,0.061550960025467144,0.7665865500981426,1.331592082977295,0.5426231399178505,-0.00045626309110868184,0.7664435746861281,1.3261964321136475
471,EXISTING_PROXY,6.362197399139404,5.020080040383839,0.8355139206860784,1.50210702419281,3.4763479232788086,-1.9567698345874236,0.6320622835950468,1.2859245538711548,6.685439944267273,4.555681600895047,0.8354006308480095,1.5115365982055664,6.841505765914917,5.012083008062504,0.8354685430488109,1.5046693086624146
472,IoBT_GUNFIRE,1.0755027085542679,-0.0582923102420286,0.8424072286874535,1.2098292112350464,2.963670492172241,1.39464343561278,0.8577147033693915,1.410372257232666,2.0369385182857513,-0.12906099578296482,0.8423423806150597,1.3639163970947266,1.650882512331009,-0.09215293330098262,0.8423942764378981,1.363807201385498
473,IoBT_GUNFIRE,14.999938011169434,14.998878619278903,0.9725806507998154,2.495927333831787,14.381023645401001,14.221454728647638,0.9718879260095691,2.46366286277771,14.146156311035156,14.581163080323154,0.9725171678776229,2.48891019821167,14.910717010498047,14.886894891303534,0.9725722027772152,2.49298357963562
474,IoBT_GUNFIRE,-8.810260891914368,-10.163211528099126,0.6431024470482689,1.1110680103302002,2.0226044952869415,-6.209487194309817,0.386623438005827,1.0378981828689575,-7.5440216064453125,-9.845152610369535,0.6435689424350067,1.111648678779602,-8.162734508514404,-10.05641111307127,0.6435071019004366,1.1119661331176758
475,IoBT_GUNFIRE,0.40891628712415695,-0.1622132039602459,0.8148340719532555,1.0779075622558594,5.229562520980835,3.5884362743326923,0.8528239686976591,1.1414774656295776,1.1983659118413925,-0.49362035784981523,0.8148686869520889,1.0829812288284302,-0.28665805235505104,-1.4518563970055816,0.8148068143926296,1.0880333185195923
476,EXISTING_PROXY,11.132904291152954,10.049144888217905,0.8217420047264463,1.553879976272583,9.60753083229065,8.089086893671638,0.8256073030621799,1.4597585201263428,11.102001667022705,9.508395055937278,0.8217598324895525,1.5525377988815308,10.96064567565918,9.462674991092749,0.8217941318749927,1.5558016300201416
477,IoBT_GUNFIRE,1.3616451621055603,-0.06884182848459784,0.8015337014664202,1.1508378982543945,10.515011548995972,8.626578637782877,0.7758513227016267,1.6650328636169434,2.469007521867752,0.10841538308704268,0.8015659353543961,1.1626865863800049,2.0058080554008484,0.01964905333043929,0.8015634643095304,1.1659672260284424
478,IoBT_GUNFIRE,10.222326517105103,9.978399557940307,0.8848552713118136,2.71140193939209,13.714909553527832,13.342709752631425,0.9053618636592401,2.539458751678467,10.45253038406372,9.812329174249129,0.8848325299167015,2.71252179145813,10.459632873535156,9.846263134282218,0.8848490497922068,2.7122251987457275
479,IoBT_GUNFIRE,10.456746816635132,10.011857030011615,0.9348784203542351,1.975034475326538,11.860412359237671,11.127571703595734,0.9385381089124109,2.3885252475738525,11.257339715957642,10.476808277751564,0.9350951341442125,1.9730465412139893,10.956331491470337,10.125510893907022,0.9350170282165667,1.9745628833770752
480,IoBT_GUNFIRE,6.021437644958496,5.0222548692297995,0.9208905066139518,1.4577927589416504,11.54458999633789,10.354480968256304,0.9311568784117674,1.6539255380630493,7.137086987495422,5.362354041164766,0.9214269215257846,1.4737122058868408,6.4667874574661255,4.965592972541223,0.9212863547500081,1.4685866832733154
481,IoBT_GUNFIRE,6.869440078735352,5.005484984135926,0.9980604678299984,2.8480184078216553,10.993634462356567,9.044278058890395,0.9983031580565668,2.9306812286376953,7.613760828971863,4.918739603672218,0.9980304677248452,2.853806257247925,7.3550945520401,4.962334606706722,0.9980525873080851,2.8524670600891113
482,EXISTING_PROXY,10.087165832519531,10.06030239207103,0.7240485945273744,1.1586769819259644,10.653704404830933,10.181175452214596,0.7264386885462297,1.1986324787139893,10.030373334884644,9.512406096414692,0.7240779507375034,1.1584960222244263,10.28408169746399,9.790276009926966,0.7242002357002025,1.157835602760315
483,IoBT_GUNFIRE,-3.0079931020736694,-5.1710964193271245,0.35317803538185877,1.1066354513168335,4.591216146945953,1.3501089796081507,0.34142999124226403,1.1166259050369263,-1.9510750472545624,-5.041484267011295,0.35325949015600444,1.1137598752975464,-2.946789860725403,-5.626166086279037,0.3530611644857838,1.119024395942688
484,IoBT_GUNFIRE,0.268023032695055,0.2848467904458333,0.7195635267988558,1.0781959295272827,6.058722138404846,4.465876058263424,0.7655668703940013,1.1564490795135498,1.6328054666519165,0.5157547700775413,0.7197115366031759,1.0801091194152832,1.0712149739265442,0.41602021347862006,0.7196686114549017,1.0794326066970825
485,IoBT_GUNFIRE,11.599900722503662,10.00056562749307,0.5792023993768478,1.8205134868621826,5.1854753494262695,2.911136879169456,0.6222761769288406,1.9426169395446777,11.700702905654907,9.653456584592867,0.5790959970533894,1.8400030136108398,10.231746435165405,8.143757819222913,0.5790484615481661,1.8496822118759155
486,IoBT_GUNFIRE,2.8992187708354322e-05,-0.017585494355729692,0.6692065835825727,1.155992031097412,4.820452630519867,3.274327492617574,0.6788090973569934,1.1370033025741577,0.47977007925510406,-0.41268848351875603,0.6699660231281678,1.1582860946655273,0.3588968515396118,-0.16956370335506765,0.6695716534003562,1.157493233680725
487,EXISTING_PROXY,1.7381864786148071,0.04447796035888914,0.6673091120256891,1.0553370714187622,6.158403158187866,2.4737695176217236,0.5288598256270551,1.080796718597412,2.2909875214099884,-0.48129727470706923,0.6674439477352482,1.0555682182312012,2.1942049264907837,-0.13511689714095323,0.6673723800450766,1.055203914642334
488,EXISTING_PROXY,1.1904803663492203,0.07812363786501558,0.908362314751491,1.0887820720672607,5.908767580986023,3.434213076411479,0.8556629583108961,1.1047061681747437,2.6262167096138,0.5363333623918672,0.9086785998255807,1.0966486930847168,2.0466135442256927,0.36187140969626935,0.9087370835904469,1.092285394668579
489,EXISTING_PROXY,-2.847457380994456e-06,-0.014934808131934582,0.7606074567167842,1.2260645627975464,7.280653715133667,6.382003164755928,0.7762262170802308,1.2044017314910889,1.4485916495323181,0.5569388707331121,0.7608668380866528,1.2354724407196045,0.8240810036659241,0.28182577268394365,0.7607372456874906,1.2316771745681763
490,EXISTING_PROXY,0.08723383769392967,0.16286256441109181,0.6718135302979298,1.1170285940170288,1.9508039951324463,-1.6356275442269461,0.6596564911047562,1.160980224609375,0.7549768686294556,-0.12712085385143454,0.6712604760753775,1.1181538105010986,0.5816615745425224,0.099985231129483,0.6715567789751643,1.1172624826431274
491,EXISTING_PROXY,6.3075655698776245,5.019797226742755,0.8469398901797083,1.1287522315979004,7.9551297426223755,5.653835539442405,0.808584282305637,1.1246062517166138,7.238940000534058,5.070744706044376,0.8469265993962638,1.1262145042419434,6.875286102294922,5.01550904608369,0.8468967942363437,1.1273205280303955
492,IoBT_GUNFIRE,1.8686196208000183,-0.21087237526863867,0.8392412568852324,1.2576714754104614,10.91657280921936,8.476648807204462,0.9265411456643465,1.3703863620758057,3.0393999814987183,0.01941593011102851,0.8393597782278515,1.322568655014038,2.5535884499549866,-0.08988082865618344,0.839311798293891,1.2608637809753418
493,EXISTING_PROXY,20.55375576019287,20.005290689699887,0.9886662946291996,2.5021400451660156,5.900492072105408,4.925872262037269,0.9836617657605385,2.681928873062134,4.81097549200058,3.4538678447317785,0.9887321305717857,2.592125415802002,6.053314208984375,5.00955746838538,0.9887382710211947,2.569598436355591
494,EXISTING_PROXY,0.7550708204507828,-0.022137580570509192,0.6776014647228503,1.068254828453064,3.209852874279022,1.3788457879780003,0.6513448265046133,1.0634411573410034,0.5189229920506477,-1.2851059206996318,0.6772832583309991,1.0738741159439087,1.0113059729337692,-0.30095485248885123,0.6774250593382796,1.069380283355713
495,IoBT_GUNFIRE,5.361770987510681,4.985345532785185,0.8452120323138287,1.1952670812606812,9.340047240257263,8.70454691875696,0.8685863615485138,1.2640812397003174,5.57487428188324,4.312736340025102,0.8455142025128811,1.2045609951019287,5.817251801490784,4.8965276173606505,0.8453716129603152,1.1989314556121826
496,EXISTING_PROXY,5.912163853645325,4.971378785597197,0.7358750451913696,1.1656008958816528,7.0671546459198,4.997632255068515,0.7320489660471027,1.242307186126709,6.467083096504211,4.642923964996793,0.7358342370433743,1.1675995588302612,6.4054936170578,4.901604350106186,0.7357520375441784,1.1655515432357788
497,EXISTING_PROXY,2.753538191318512,0.010255983912199697,0.7787756937287815,1.176783800125122,6.169692873954773,1.8697028315601119,0.7389776079347299,1.2292053699493408,3.7477096915245056,-0.04714432202522518,0.7788288065063317,1.1776299476623535,3.3176884055137634,-0.04647058779753687,0.7790490893488152,1.1791456937789917
498,IoBT_GUNFIRE,5.408947467803955,5.117963181820988,0.7891696716620176,1.3534374237060547,7.986350655555725,6.7594696633366365,0.791873246148344,1.5335479974746704,6.496341824531555,5.316705913481035,0.7893781119273376,1.3615050315856934,6.082717180252075,5.211705896755754,0.7892004308477772,1.3580185174942017
499,IoBT_GUNFIRE,5.311713814735413,4.98485393349221,0.8686067749096302,1.842142939567566,5.95144510269165,5.012493589933006,0.8573410202601951,1.5309861898422241,5.790147185325623,4.419920214557008,0.868588894161716,1.8459877967834473,4.8901402950286865,3.853827862873469,0.8686087394588552,1.8715804815292358
500,IoBT_GUNFIRE,10.268028974533081,10.018031670089783,0.9465139268360507,2.686009645462036,7.895938158035278,6.975774107454104,0.9517512697678716,3.03220534324646,10.540934801101685,9.852337916231155,0.946486494230045,2.696084499359131,10.539937019348145,9.90106439098517,0.9465016171360514,2.692330837249756
501,IoBT_GUNFIRE,5.311817526817322,4.968025302886257,0.8436283259870733,1.4652228355407715,6.890801787376404,5.946523663366381,0.8493605273697268,1.768552541732788,6.59459114074707,5.554393906403697,0.844386779911582,1.476306438446045,6.076631546020508,5.2786082437925685,0.8439387520554098,1.471935510635376
502,IoBT_GUNFIRE,5.649946928024292,5.020147257073569,0.788291842498215,1.2009811401367188,7.771083116531372,6.79914580490469,0.8138542727845666,1.393231749534607,4.422172009944916,2.9030632304778674,0.7886644228293853,1.1936417818069458,6.145146489143372,5.003514838081974,0.7885383886782511,1.1973514556884766
503,EXISTING_PROXY,5.654526948928833,4.977681356215381,0.8914580085178967,1.2679336071014404,8.918949961662292,7.583970205565212,0.8363463025303216,1.4941121339797974,6.853716969490051,5.440594723625293,0.8918837659382503,1.2735207080841064,6.180211305618286,5.01795714500804,0.8916397029156683,1.2726318836212158
504,IoBT_GUNFIRE,21.245505809783936,20.014616693741143,0.9854862297929894,3.5867533683776855,15.161349773406982,13.740388573564687,0.9838631355502963,3.58481764793396,17.244744300842285,17.450290070462565,0.9854651912938385,3.585493803024292,14.838896989822388,13.427657529730084,0.9854852907415399,3.592341661453247
505,IoBT_GUNFIRE,10.652093887329102,9.99598663752033,0.9047605778605912,3.0613036155700684,12.308542728424072,11.514906168656562,0.920900464627405,3.011685609817505,4.808577597141266,3.3169284311232667,0.9048164318466204,3.0217158794403076,11.275724172592163,10.263351099886812,0.9047953517302704,3.06188702583313
506,IoBT_GUNFIRE,0.04346639849245548,0.006452462368827517,0.6325420826124498,1.2784799337387085,5.735459923744202,4.349510868842744,0.62498204794851,1.1313464641571045,1.0052160173654556,0.04367696878681131,0.6329103646249972,1.2862063646316528,-0.032487730495631695,-0.6271280035895335,0.6328700172021076,1.2924261093139648
507,EXISTING_PROXY,10.603162050247192,10.020801909124428,0.9439373162339008,1.6856961250305176,7.126282453536987,5.810807270164844,0.9448868044973184,1.8586868047714233,8.899134993553162,7.629936190445438,0.9439031010291565,1.6771905422210693,7.847176790237427,6.729355327948209,0.9438584732833186,1.6998106241226196
508,EXISTING_PROXY,10.000081062316895,9.971503565684296,0.9233434633668662,1.8684080839157104,9.434795379638672,8.967539574112525,0.9036163437127618,1.7743457555770874,10.342298746109009,9.935673583127212,0.9234050455707287,1.9055628776550293,9.994359612464905,9.586058536184929,0.9233699330282642,1.8913087844848633
509,IoBT_GUNFIRE,0.4072964936494827,0.14756558287095403,0.7727888795538634,1.3258769512176514,2.9599159955978394,1.8655378509486562,0.8306741543591363,1.4258447885513306,1.2753036618232727,0.13079810274641562,0.7732986773830843,1.346219778060913,0.9227811545133591,0.1304457427212322,0.7730956792136809,1.3369500637054443
510,IoBT_GUNFIRE,20.968146324157715,20.01044550859735,0.9848839396706784,2.332319974899292,16.6884446144104,15.623137975152279,0.9777085302523216,2.0392980575561523,15.30850887298584,15.689150087493367,0.9848821056243243,2.343048095703125,15.193554162979126,14.235334258560089,0.984904138998204,2.351217746734619
511,IoBT_GUNFIRE,-4.999939501285553,-4.902922021445738,0.8331223331875804,1.070852518081665,13.990062475204468,14.176186680551101,0.886474544174338,2.308297872543335,-4.5038363337516785,-5.479985673160249,0.8329702641440806,1.070593237876892,-4.53912228345871,-5.066537895612707,0.8330777545030521,1.069898247718811
512,IoBT_GUNFIRE,10.36087155342102,9.99280675167334,0.8717848677074896,1.4559983015060425,16.753621101379395,16.34684662793161,0.8609126479404375,1.729369878768921,10.560964345932007,9.798077570406976,0.871861300864614,1.4633228778839111,10.636457204818726,9.87411964645842,0.8717494306882453,1.4590193033218384
513,IoBT_GUNFIRE,16.798492670059204,15.019901596862134,0.9874361384996871,1.882805585861206,21.29146099090576,19.44818316375478,0.9824089043512653,1.8754816055297852,16.433439254760742,15.380732935776724,0.9875934609859264,1.8791325092315674,17.025139331817627,15.242392750647031,0.987509388244155,1.8814219236373901
514,IoBT_GUNFIRE,-4.590693414211273,-5.247758108327996,0.6811568214717436,1.096575140953064,4.866193532943726,2.7782776839166874,0.7149977243525188,1.1281626224517822,-3.6722809076309204,-5.414652613024311,0.6813915707006001,1.0968502759933472,-4.06162291765213,-5.341111608212455,0.681379208222846,1.0970231294631958
515,IoBT_GUNFIRE,12.146029472351074,10.007152830281495,0.9570117058923314,1.6585979461669922,15.52536129951477,13.215103866287306,0.9774042701103483,1.8923687934875488,10.333619117736816,7.545831332375847,0.9571867336141539,1.7067240476608276,9.121087193489075,6.51381676984729,0.9571325297012678,1.7013988494873047
516,IoBT_GUNFIRE,6.423301100730896,5.055602990168497,0.8779082412809599,1.6393465995788574,5.777135491371155,2.520477014503499,0.8606183409798217,1.3623881340026855,6.988699436187744,4.800399319809246,0.8779910217480607,1.6425788402557373,6.53371274471283,4.630967922391066,0.8779473389069194,1.6441586017608643
517,IoBT_GUNFIRE,5.704060196876526,5.0314701415255305,0.7494989924160421,1.2040084600448608,8.51602017879486,7.36679928159801,0.7676531711529943,1.376885175704956,3.2384172081947327,1.5014730840801964,0.7496745727211537,1.4253575801849365,3.6885303258895874,2.377866466182605,0.7495471936764891,1.3993507623672485
518,IoBT_GUNFIRE,10.756622552871704,9.996599075811824,0.946633489683447,1.8786293268203735,11.370887756347656,10.526297258821167,0.9491667658248024,1.933809757232666,11.042567491531372,9.88147858728419,0.9465835976333642,1.8612327575683594,11.079292297363281,9.937632059281988,0.9466355367240333,1.8682706356048584
519,IoBT_GUNFIRE,-5.000012516975403,-5.018832211381518,0.8466355240738788,1.2183185815811157,-0.25271492078900337,-3.8588278736485035,0.840260782657835,1.8266119956970215,-4.337556958198547,-5.4349072906663976,0.8466656463583507,1.2224040031433105,-4.632865488529205,-5.293539790483154,0.8466525841505408,1.2211705446243286
520,EXISTING_PROXY,5.808631777763367,5.095592386839073,0.7686830567272006,1.4049266576766968,7.606602311134338,5.994140378957655,0.7454249882828836,1.3873767852783203,6.518579125404358,4.946785803551781,0.7688752395287893,1.4046695232391357,6.043038368225098,4.779460283516851,0.768734749973808,1.4066603183746338
521,IoBT_GUNFIRE,16.24454617500305,14.997593708811351,0.8116772547216505,2.7178733348846436,24.667775630950928,24.5825041803079,0.9260179260400634,3.10612154006958,15.480791330337524,14.860996301658682,0.8116620969712811,2.7273640632629395,16.14574670791626,14.923818182306174,0.8116762761249228,2.7229068279266357
522,IoBT_GUNFIRE,17.92323112487793,15.001381304567914,0.9999917846213323,3.118604898452759,18.127963542938232,15.079788479638543,0.994134123756922,2.9398622512817383,16.81872248649597,14.692454522275169,0.9999730703369852,3.1188771724700928,17.71106243133545,14.854175851665685,0.9999816202903521,3.1176154613494873
523,IoBT_GUNFIRE,5.65121054649353,5.018541834009001,0.8330693699900629,1.2249943017959595,7.421146035194397,6.364601065966954,0.8368495131071956,1.2334734201431274,6.310909390449524,4.888203717515473,0.8331120406128667,1.2343565225601196,6.22287392616272,5.098985733599285,0.8331444092353971,1.229276418685913
524,IoBT_GUNFIRE,-9.194638729095459,-9.781567310823062,0.4709451516392717,1.0778717994689941,3.356488347053528,0.1187584789697725,0.6430825945844028,1.1173139810562134,-8.054788708686829,-9.670765959703626,0.4710307618368472,1.064483880996704,-8.539345264434814,-9.713029447158569,0.47103091571310773,1.0785205364227295
525,IoBT_GUNFIRE,15.04335880279541,15.002344183488168,0.9675718696416019,2.695807456970215,8.674367666244507,8.302207591952309,0.9301074152735236,2.5455634593963623,8.576422333717346,7.935821291136259,0.9676534467149412,2.6912035942077637,2.241274118423462,1.6919206699506546,0.967642377290317,2.6896345615386963
526,IoBT_GUNFIRE,5.176756978034973,4.99994957367497,0.9126075795053109,1.475841999053955,10.802913904190063,10.424257057125025,0.9671556136090839,3.4603147506713867,4.351644217967987,3.277949208362071,0.91257951276861,1.5512702465057373,1.1711114645004272,0.4257501859807038,0.9126030618447871,1.6124064922332764
527,IoBT_GUNFIRE,6.191573143005371,4.986054267345586,0.7981960383940242,1.100649118423462,14.241738319396973,12.859026402238689,0.8609952020483281,1.227683186531067,6.677011847496033,4.598431789776876,0.7982956089972032,1.100031852722168,6.4570969343185425,4.694720158391632,0.7983429371828267,1.1005446910858154
528,EXISTING_PROXY,15.36172866821289,15.004145754104174,0.9480281967930347,1.7048466205596924,12.16721773147583,12.393046580935644,0.9345385153581763,1.7966692447662354,13.83995771408081,14.485531468008755,0.9479760575685743,1.7036126852035522,14.892045259475708,14.665378726983482,0.9480645121359313,1.7032489776611328
529,IoBT_GUNFIRE,5.912535786628723,4.94562732882967,0.7933442715171453,1.1740095615386963,7.644221782684326,6.236353092762074,0.7661476456117003,1.2949086427688599,6.199173927307129,4.46816224810323,0.7933988421542782,1.1895965337753296,3.9579927921295166,2.4601350833808704,0.7933979900517963,1.1971139907836914
530,IoBT_GUNFIRE,17.839314937591553,15.0154102959291,0.9525176899672769,1.5951205492019653,22.604947090148926,19.7805742290421,0.9549516221951319,1.7875213623046875,17.43337392807007,15.37528972658184,0.9529341679242445,1.6158835887908936,18.065990209579468,15.261707486909204,0.9528303686533187,1.6084198951721191
531,IoBT_GUNFIRE,-9.345815777778625,-10.049795660191094,0.8259767030679992,1.102010726928711,-3.357991874217987,-6.871390100035075,0.826806782506984,1.1603105068206787,-8.276061415672302,-10.002246871459876,0.8263227026348772,1.1063227653503418,-8.99884581565857,-10.18082054926988,0.8261725276795128,1.1088871955871582
532,IoBT_GUNFIRE,6.363203525543213,4.99031358757376,0.8954625784386392,1.7020081281661987,8.174306154251099,5.923944425957663,0.8152703429699985,1.7867755889892578,6.496339440345764,4.334396130530108,0.8955862924064043,1.717540979385376,6.775541305541992,4.9137181915198465,0.8954572965936993,1.7098431587219238
533,IoBT_GUNFIRE,1.6077813506126404,-0.02069643662006604,0.7895474099238317,1.1227686405181885,5.176101922988892,3.278867496469004,0.8136949537613063,1.2067428827285767,2.280242443084717,-0.2895172946343963,0.7894480123164903,1.1219295263290405,1.895216554403305,-0.28464551728054815,0.7895300532297137,1.1229149103164673
534,IoBT_GUNFIRE,5.000101923942566,5.003448875806234,0.8553857271900556,1.242027997970581,16.40937566757202,16.64785686261016,0.9067933646998928,2.6115803718566895,5.368853807449341,4.277659642703466,0.8553564364536634,1.2418242692947388,5.258810520172119,4.536905113155843,0.855392912762093,1.2420732975006104
535,EXISTING_PROXY,20.314230918884277,20.015956644207993,0.9821283150537301,1.999377965927124,18.147934675216675,17.765387640427658,0.982073431810157,2.0488672256469727,15.400300025939941,17.199605595913653,0.982120528118265,2.0017080307006836,8.862689733505249,8.068565973639249,0.9819927781147667,2.0587377548217773
536,IoBT_GUNFIRE,6.802908182144165,4.989578348439781,0.9276695157024463,1.6579220294952393,15.175729990005493,13.221759129367257,0.9457006628067285,2.9505741596221924,8.01017165184021,5.338590299999979,0.927664154840673,1.6245532035827637,7.584629058837891,5.200251400360948,0.9276579508933597,1.6386687755584717
537,IoBT_GUNFIRE,14.306532144546509,10.020436131091957,0.6058373020971689,1.7201159000396729,16.135333776474,11.764329748740543,0.599213571067961,1.8967540264129639,15.22255539894104,10.581225810675146,0.6061022927825044,1.791373372077942,15.041303634643555,10.396410847035629,0.6060054614088078,1.7533619403839111
538,IoBT_GUNFIRE,-4.244274795055389,-4.98709875021777,0.6627022750130267,1.105298399925232,3.622042238712311,-0.015177865155970324,0.6550463566424491,1.2177655696868896,-2.7484965324401855,-4.6566240383610475,0.6627044134896545,1.0993221998214722,-3.397870361804962,-4.820443080778163,0.6627828296051618,1.1014974117279053
539,IoBT_GUNFIRE,0.45628052204847336,0.04861288666263887,0.8135262736703779,1.0347079038619995,3.0703508853912354,0.49301493362663174,0.7211457571866904,1.1487841606140137,0.9892002493143082,-0.654225451719016,0.8135905202193668,1.0316094160079956,-0.9503206610679626,-2.041749758559685,0.813509336371235,1.2624273300170898
540,IoBT_GUNFIRE,14.999988079071045,15.007424795650834,0.8691700109102014,1.9856901168823242,13.728559017181396,14.09537366453076,0.8823870501374684,2.180039167404175,12.625665664672852,13.047128322381615,0.8690465178786565,1.9890342950820923,13.326700925827026,13.222131583051045,0.8690351048948063,1.9890817403793335
541,IoBT_GUNFIRE,5.00000536441803,5.00224502077208,0.828811406397322,1.4649924039840698,7.746456265449524,6.960309431995699,0.877033551167551,1.270166039466858,6.103765964508057,5.3090942769899705,0.829022134057172,1.4684529304504395,5.658414959907532,5.149137755362303,0.8290878849252622,1.4678680896759033
542,EXISTING_PROXY,-4.913110435009003,-5.0299793522336,0.5255236524012493,1.081246256828308,0.43167103081941605,-7.607097258809786,0.5187777114183315,1.0520919561386108,-4.819772243499756,-5.935852161169425,0.5253628327867619,1.0879693031311035,-4.7103747725486755,-5.39645208686478,0.5251074225698635,1.082780122756958
543,IoBT_GUNFIRE,10.861338376998901,9.985480219141149,0.984635797750732,1.3462704420089722,9.339373707771301,8.307396581443754,0.986544042784725,1.3852369785308838,10.702071189880371,9.369743306499657,0.984644137638187,1.343360424041748,9.034047722816467,7.717763759900885,0.9846341731181283,1.3476192951202393
544,IoBT_GUNFIRE,16.189444065093994,15.022007948102443,0.904105890199041,1.856461763381958,16.663166284561157,15.389230140076066,0.9091743435792877,1.9162073135375977,15.253795385360718,14.55097073294672,0.904152396349295,1.8431546688079834,16.095094680786133,14.875681513471603,0.9041125904132977,1.847959280014038
545,IoBT_GUNFIRE,20.553956031799316,20.014523642638817,0.9518744485073394,2.145650625228882,5.439079999923706,4.585279584268466,0.9484296896052627,2.3350720405578613,8.216776847839355,6.904452673473116,0.9519167757317336,2.23307728767395,17.713457345962524,17.9508750199276,0.9519068770649349,2.151350498199463
546,IoBT_GUNFIRE,15.653449296951294,14.993831846828671,0.9828030457553106,2.442142963409424,18.360856771469116,17.633220414180183,0.9880372560528368,2.9568395614624023,14.665149450302124,14.25630045359513,0.9828072500907328,2.446855068206787,15.56681513786316,14.861868570447342,0.9827937630756036,2.4445319175720215
547,IoBT_GUNFIRE,15.043541193008423,15.01833334624755,0.9059404772037369,2.2356975078582764,17.373051643371582,17.26366739664964,0.9139656762843373,2.2845513820648193,13.966938257217407,14.582781222036873,0.9058666479830447,2.2289953231811523,14.648833274841309,14.591918695045091,0.9059592823729378,2.232161045074463
548,EXISTING_PROXY,10.913177728652954,10.01075619642001,0.9862267693312009,2.263542413711548,5.965757369995117,3.537119218352387,0.9516062120164873,1.6673506498336792,11.405482292175293,10.245303116609847,0.9862937360852476,2.264995574951172,11.42164945602417,10.107344292405635,0.98625028583998,2.2632431983947754
549,EXISTING_PROXY,5.044183135032654,3.8125772036057137,0.8025780577302405,1.3270516395568848,8.184303641319275,6.097532967608492,0.7829335036591148,1.4046707153320312,5.630859136581421,3.571123035361652,0.8026205867717177,1.3280357122421265,5.466181635856628,3.6944794601109683,0.8026561263881143,1.3244569301605225
550,IoBT_GUNFIRE,11.247490644454956,9.997411973424693,0.958774138997616,1.994035243988037,19.35911536216736,18.07694726700452,0.9745602106236578,2.1840600967407227,11.158353090286255,9.4624199956854,0.9587293900549292,1.9854636192321777,11.36978030204773,9.712207903046098,0.9587136108144727,1.9904096126556396
551,IoBT_GUNFIRE,13.27643632888794,10.016365268924428,0.9599324192979852,1.414729356765747,16.570444107055664,13.159159967291512,0.9595690259566372,1.62021005153656,13.899285793304443,10.268916942889044,0.9601867343063302,1.405876636505127,13.815470933914185,10.169127108242602,0.9600344871923077,1.4093286991119385
552,IoBT_GUNFIRE,5.7049864530563354,4.973000186382499,0.8153734367659309,1.1585452556610107,9.804478883743286,8.56076845952727,0.8283811535492129,1.1803929805755615,6.765589714050293,5.270918715983415,0.8160348776339615,1.168325424194336,6.354973912239075,5.133292827787111,0.8157908695956814,1.1642056703567505
553,IoBT_GUNFIRE,10.408611297607422,9.987320340463432,0.8769073892958704,2.109330177307129,10.358672142028809,9.558234875414037,0.8512219356933861,2.019655704498291,10.839481353759766,10.034411456987804,0.8767637067644777,2.1141045093536377,10.796198844909668,10.01735945155675,0.8769062837886494,2.111952781677246
554,IoBT_GUNFIRE,1.671190857887268,0.10246692172830059,0.5875002636331861,1.1049067974090576,6.375747323036194,3.5674058522441414,0.624037011729324,1.094110369682312,3.0054041743278503,0.22542691765429596,0.5876141170252722,1.1030700206756592,2.3729538917541504,0.08348862503004717,0.5874159754556096,1.103936791419983
555,IoBT_GUNFIRE,20.703091621398926,19.99638697509504,0.9223661779341402,2.7639384269714355,21.894526481628418,21.206366298949316,0.9217213026029983,2.8861002922058105,18.230581283569336,19.705629641510583,0.9223607821015741,2.7618625164031982,19.7033429145813,19.75335985733279,0.922366212936668,2.7627899646759033
556,IoBT_GUNFIRE,1.0211683809757233,0.02680493900343518,0.6365488110324611,1.09027898311615,6.236937046051025,3.735690859782885,0.6761353221923734,1.101322889328003,2.0508547127246857,0.1659099193326254,0.6369121409333782,1.092535376548767,0.9890168160200119,-0.5588220213446478,0.6366471119828216,1.0949128866195679
557,IoBT_GUNFIRE,10.601599216461182,9.9715473718577,0.9127586291263615,1.1786590814590454,12.092655897140503,11.28363123133979,0.9130707927705444,1.2277815341949463,11.146563291549683,10.133905302141947,0.913111188209655,1.1797916889190674,10.975281000137329,9.97747607758873,0.9129638910427832,1.1792867183685303
558,IoBT_GUNFIRE,14.999969005584717,14.883444524042272,0.9462388987817004,2.1169862747192383,17.390276193618774,17.228616733158113,0.9647750061134943,2.3899972438812256,14.254051446914673,14.784662663499162,0.946229745953309,2.132009744644165,14.914274215698242,14.83662384717399,0.9462762089489567,2.1142258644104004
559,IoBT_GUNFIRE,10.455728769302368,10.009458647025138,0.9172209476829266,2.138509750366211,8.22165071964264,7.1498280579658156,0.9363478904981694,2.453552722930908,10.527924299240112,9.631686045594614,0.9172467248891519,2.1444036960601807,4.237841367721558,3.241839937833536,0.9172377227419756,2.1876015663146973
560,IoBT_GUNFIRE,21.485021114349365,20.001071406777907,0.9905411174032784,2.069413185119629,17.067075967788696,15.49378749057541,0.9933888750482012,2.456002712249756,13.47436785697937,11.862487652093654,0.990561958465081,2.163928508758545,13.602404594421387,11.842814503736381,0.9905608813652461,2.148742437362671
561,IoBT_GUNFIRE,10.408996343612671,9.99489469504211,0.949491164766909,1.467028260231018,11.657897233963013,11.05327680103066,0.9536617396058368,1.6767630577087402,10.631921291351318,9.80653344616895,0.9495197846223888,1.4860937595367432,10.5144202709198,9.710792472378785,0.9495420452301536,1.4793145656585693
562,IoBT_GUNFIRE,10.043244361877441,10.007785395931004,0.8592829860057437,1.8470454216003418,5.645084381103516,5.3111480704405745,0.8572290224077769,1.96929132938385,1.7150889337062836,0.934043847077441,0.8594469647116493,1.9907580614089966,8.93154501914978,8.521065575301893,0.8593588636062135,1.8821310997009277
563,IoBT_GUNFIRE,0.503883883357048,-0.03328559071821237,0.7189396796048276,1.1374461650848389,6.572805047035217,4.948513538086469,0.7254179560717362,1.221130609512329,1.8578709661960602,0.40632936383253193,0.7191230149917178,1.1353492736816406,1.2982219457626343,0.2238308955823341,0.7190723114562348,1.1360915899276733
564,IoBT_GUNFIRE,-5.000048875808716,-5.001560418350889,0.8358227884371117,1.4654781818389893,10.485976934432983,10.09531572361933,0.9440917519851596,1.8012791872024536,-4.433939158916473,-5.400093897059705,0.8359456742266875,1.462942361831665,-5.148406028747559,-5.704004042205639,0.8359439657624356,1.4699666500091553
565,IoBT_GUNFIRE,-9.999997615814209,-10.539613215513459,0.52890916853249,1.0464162826538086,-4.59739089012146,-15.217884717699608,0.3954571595636446,1.047027349472046,-8.500514030456543,-10.219215657022922,0.5295379182983274,1.0473356246948242,-9.146175384521484,-10.36907020926477,0.5289879872440346,1.0474025011062622
566,IoBT_GUNFIRE,5.5541568994522095,4.995720136181639,0.9184040597169264,1.3108205795288086,14.99157190322876,14.281505870283699,0.8793756361944396,1.3723671436309814,6.517674922943115,5.15172726119561,0.9184086756113904,1.3176181316375732,6.162093877792358,5.089843650989697,0.9184667135099841,1.315366268157959
567,IoBT_GUNFIRE,0.006241279770620167,-6.487832809697441,0.5205860031818282,1.02397620677948,9.05583918094635,-0.5867909418067673,0.5772263141575239,1.025012731552124,0.7911399751901627,-6.525541560264148,0.5210248382471333,1.023892879486084,0.5498144403100014,-6.453184506719597,0.5207313426057598,1.023891806602478
568,EXISTING_PROXY,-0.0007116635970305651,-0.05349280785473331,0.8710649616339033,1.137178659439087,5.117299556732178,4.192764119638447,0.8738940598262803,1.2416306734085083,1.4349332451820374,0.41155442282969273,0.8710086030690581,1.13655424118042,0.8547419309616089,0.223585358923857,0.8710215222160058,1.1369668245315552
569,EXISTING_PROXY,0.0,105.1598125751639,0.9999999999999993,4.643888473510742,37.05963611602783,37.2915263989078,0.9946445606168669,4.6205854415893555,20.99193811416626,36.3152829381811,0.9999593135966777,4.641202449798584,25.555574893951416,40.34161863814411,0.9999792318414386,4.642072677612305
570,IoBT_GUNFIRE,15.001336336135864,7.974285209390338,0.7964793604720593,1.4153099060058594,16.523035764694214,9.109535298814706,0.8042572740665085,1.432997226715088,12.633117437362671,7.948642935759964,0.7966467547449784,1.42702317237854,14.181647300720215,7.95533184517771,0.7966431239021873,1.421460509300232
571,IoBT_GUNFIRE,0.40932856500148773,-0.07474041214177536,0.8822976078958327,1.6802828311920166,1.4778345823287964,0.14252659111268898,0.9603293386099909,2.288036346435547,1.1836745589971542,-0.4960586271515708,0.8822794670624685,1.6669092178344727,0.7335831224918365,-0.45272377574396494,0.8822404663674073,1.6761956214904785
572,IoBT_GUNFIRE,10.000020265579224,9.997748968891958,0.9167492131665235,1.9568029642105103,11.161501407623291,10.87063069958051,0.919945921467695,2.042069435119629,9.636333584785461,9.136817322863202,0.9167193686812339,1.972214698791504,10.364221334457397,9.98663730340131,0.9167730972096082,1.9662086963653564
573,EXISTING_PROXY,5.912467837333679,4.831413775918651,0.7768118415458022,1.2261741161346436,6.35419487953186,4.567770470443438,0.7788975493722871,1.3211225271224976,6.621479392051697,4.725976521496931,0.7768266449536808,1.2322226762771606,6.2888747453689575,4.668406661218375,0.7768907523480255,1.2302366495132446
574,EXISTING_PROXY,-3.882896919549239e-06,-0.021620219558820954,0.7099920939041424,1.0799074172973633,2.2116994857788086,0.26573967158489625,0.7435803603155677,1.1080498695373535,1.0196886956691742,-0.18612361044532572,0.7102820604209495,1.0804773569107056,0.6004591658711433,-0.13302992770384606,0.7099737914347608,1.0801457166671753
575,IoBT_GUNFIRE,12.005388736724854,10.048498427525448,0.8873219883294754,1.4081004858016968,15.96764326095581,13.795055869611195,0.8894937438956242,1.5893666744232178,12.008781433105469,9.546248365973158,0.8876098373456286,1.412783145904541,12.265602350234985,9.897839055933416,0.8874840514097682,1.4100993871688843
576,IoBT_GUNFIRE,12.213847637176514,10.00512898597531,0.7665337527674003,1.8258975744247437,17.346417903900146,15.014994625727018,0.7697894715438065,1.7886226177215576,12.592629194259644,10.00718145013171,0.7666996387632673,1.835179328918457,12.624654769897461,10.023991744672418,0.7666222846032948,1.8310991525650024
577,IoBT_GUNFIRE,20.000746250152588,16.431466410127236,0.9171834160845043,3.1977808475494385,13.532629013061523,10.72415003092868,0.8934706253585609,3.1557188034057617,14.880880117416382,16.53446850495914,0.917129330074471,3.220221519470215,17.509292364120483,16.471351298030388,0.9171776906358565,3.2086596488952637
578,IoBT_GUNFIRE,-9.397291541099548,-9.786688921333655,0.8054583698680722,1.2142252922058105,-1.762058138847351,-3.4249963408257003,0.8137039517582726,1.2684853076934814,-7.9884326457977295,-9.479519231225554,0.805623052530749,1.2240315675735474,-8.582360744476318,-9.60497693792138,0.8055345031799195,1.2201493978500366
579,IoBT_GUNFIRE,5.043401718139648,5.05892458381953,0.8828717894690462,1.8351982831954956,10.372053384780884,9.908709589962932,0.8994960683312836,2.2177412509918213,5.915746688842773,5.132119843546715,0.8827280102717073,1.816261887550354,2.592712938785553,2.0797098648319463,0.8828395431989146,1.8136807680130005
580,EXISTING_PROXY,9.999990463256836,9.993127440006749,0.9878681944402994,3.629061698913574,-0.8906605094671249,-2.1992656848035312,0.9907868115744737,2.905147075653076,5.863938331604004,4.892550978980613,0.9878520743846504,3.107574462890625,7.498519420623779,6.920610732701417,0.9878631723612127,3.602794885635376
581,IoBT_GUNFIRE,0.3615262359380722,-0.13609384278581746,0.7498406566278215,1.1570661067962646,5.929120182991028,4.197439503647599,0.713075424420212,1.2513508796691895,1.335902214050293,-0.26945191268740765,0.7498899901113536,1.1524897813796997,0.9524785727262497,-0.19631590387566977,0.7498495598929085,1.154317021369934
582,IoBT_GUNFIRE,11.304397583007812,9.991295166748948,0.9457325028927283,2.149930238723755,16.221643686294556,14.824667951895481,0.9694704559341377,2.2704997062683105,11.891785860061646,10.216389895882163,0.9461147090435168,2.154545307159424,11.80492877960205,10.132145146496272,0.9459088055109165,2.1526858806610107
583,IoBT_GUNFIRE,12.364879846572876,9.942769520803846,0.9736613197184949,1.5989904403686523,13.479559421539307,10.765931229386217,0.9519434104150819,1.42393159866333,12.75488018989563,10.103033812503481,0.9736546597657577,1.5688761472702026,12.824550867080688,10.053285441063482,0.9736515798262,1.5808236598968506
584,IoBT_GUNFIRE,10.131337642669678,10.05873263000791,0.9223125856783294,1.5585918426513672,6.15477442741394,4.863337220980066,0.8922415163223274,1.5990674495697021,10.542690753936768,10.043690082916616,0.922139110445296,1.5699957609176636,10.515419244766235,10.000883809364446,0.9223054098067546,1.566693902015686
585,EXISTING_PROXY,19.99996304512024,19.991275676600253,0.9329147124326984,2.0351147651672363,4.301402270793915,2.709399329633303,0.9146402148553133,1.617838740348816,11.00353479385376,10.95850831945148,0.9328573257401052,2.064795970916748,8.643185496330261,8.104833632990875,0.932908975508854,2.0866987705230713
586,IoBT_GUNFIRE,1.9360807538032532,0.19799536127779807,0.8393939288939444,1.2157167196273804,5.3371065855026245,0.7810828305836903,0.793776922051342,1.1009618043899536,2.957068681716919,-0.04902712724866998,0.8393647818107247,1.210199236869812,2.588973641395569,0.09297961325445399,0.8394232958754616,1.211962342262268
587,IoBT_GUNFIRE,-2.9986953735351562,-5.039491755870563,0.6685264253703146,1.2543928623199463,-0.21546566858887672,-4.905932749184586,0.6867079976315009,1.1988617181777954,-2.011587619781494,-5.0188394997703405,0.6686062824599965,1.255245566368103,-2.4278414249420166,-5.038749914611667,0.6685741512413783,1.2550294399261475
588,EXISTING_PROXY,15.454778671264648,15.005291339820053,0.9647851188175047,2.643028974533081,19.209322929382324,18.698466151391152,0.9631933238826224,2.8089632987976074,15.10348916053772,15.344671687448578,0.9649689478741882,2.670228958129883,15.672757625579834,15.245746993239706,0.9649095287816565,2.6581368446350098
589,IoBT_GUNFIRE,-8.754048943519592,-9.99288583936167,0.6747015693396953,1.1049028635025024,-3.6840853095054626,-5.290282573931084,0.6807045444557842,1.0899966955184937,-7.95379102230072,-10.215111722483218,0.6747550866366729,1.1017932891845703,-8.268793821334839,-10.083969035068446,0.6747815251818088,1.1014161109924316
