example_id,subset,input_snr,input_si_sdr,input_stoi,input_pesq,v2_baseline_output_snr,v2_baseline_output_si_sdr,v2_baseline_output_stoi,v2_baseline_output_pesq,sisdr_best_output_snr,sisdr_best_output_si_sdr,sisdr_best_output_stoi,sisdr_best_output_pesq,sisdr_25k_output_snr,sisdr_25k_output_si_sdr,sisdr_25k_output_stoi,sisdr_25k_output_pesq
0,EXISTING_PROXY,-10.000004768371582,-10.00088397520749,0.6639386326113634,1.065703272819519,-9.084582328796387,-10.288626304592183,0.6642575254803399,1.065409541130066,-10.237618684768677,-10.71756793004554,0.6640869725898771,1.0660820007324219,-9.84887182712555,-10.423130763654866,0.6641685907531952,1.0647315979003906
1,IoBT_GUNFIRE,14.999827146530151,14.960515932990656,0.9573041802461482,1.6599745750427246,13.280017375946045,14.267208034333137,0.9572846067924665,1.6810083389282227,14.508460760116577,14.556965645280613,0.9573060949869628,1.6843562126159668,14.317669868469238,14.488382694865457,0.9572970747997236,1.6875511407852173
2,IoBT_GUNFIRE,-0.0012856874673161656,-0.1008081349223382,0.6675555144120368,1.1110472679138184,0.681990310549736,-0.7280373130042277,0.6681676414468386,1.1162923574447632,0.3748811036348343,-0.5262644983998742,0.6684407808633418,1.1155388355255127,0.43119054287672043,-0.6079594700397866,0.6685233479736113,1.1161680221557617
3,EXISTING_PROXY,-4.918337026538211e-06,-0.002463403397562492,0.3914255469396406,1.2384345531463623,0.8756145089864731,-0.15090001131558511,0.3915730848745518,1.2468361854553223,0.16758695244789124,-0.355142594754997,0.3916693504918638,1.2457342147827148,0.20288698375225067,-0.38939982952095725,0.3914420926118284,1.2472219467163086
4,IoBT_GUNFIRE,4.999995827674866,4.9749572053828475,0.8215823712838415,1.2263762950897217,5.954448580741882,5.171241115889287,0.822288660605909,1.241244912147522,5.617362856864929,5.38204595871002,0.8226900535345194,1.2436189651489258,5.671033263206482,5.381551076248789,0.822884767068609,1.2464956045150757
5,EXISTING_PROXY,-1.4755026995771914e-05,-0.036748527036225644,0.7764997679530121,1.183814287185669,0.9212608635425568,-0.048974679432720464,0.7767673033427231,1.1876499652862549,0.369238443672657,-0.013687134543468135,0.7768594212815391,1.18935227394104,0.179203562438488,-0.26923072500602613,0.7768757003207826,1.1932991743087769
6,EXISTING_PROXY,9.999989867210388,10.110573312257205,0.943262302243764,3.1549627780914307,9.948049783706665,9.485227085341531,0.9432461083898878,3.1620194911956787,9.556337594985962,9.37742458688135,0.9431243620605452,3.1610586643218994,9.905540943145752,9.6723125831996,0.9432019507709047,3.160576343536377
7,EXISTING_PROXY,19.99996066093445,20.003650387279272,0.8556119807694297,2.0556182861328125,16.73144817352295,19.17474154030633,0.855611630608671,2.058041572570801,19.22043800354004,19.346009641001555,0.8556979679118243,2.0715904235839844,19.188530445098877,19.478374266521293,0.8556323584364417,2.0736842155456543
8,IoBT_GUNFIRE,5.000039339065552,5.027141035910319,0.7924730925718024,1.260322093963623,6.19373083114624,5.406641424892785,0.7932325178123693,1.2709758281707764,5.239210724830627,5.021617822617916,0.79353354108863,1.275999903678894,5.849345326423645,5.564284333883563,0.7936017774913562,1.272500991821289
9,IoBT_GUNFIRE,19.999490976333618,16.56894390584459,0.7097905831851101,1.255425214767456,13.769789934158325,15.953341307242024,0.7101121081943413,1.2606106996536255,15.89631199836731,15.71500337525191,0.7102908531474078,1.2720824480056763,14.516074657440186,14.005934940067103,0.7103812970681121,1.2878100872039795
10,IoBT_GUNFIRE,14.99997854232788,6.389118169531783,0.9797703862413722,2.3023154735565186,12.49853253364563,6.375822941621481,0.9798213552344985,2.3396382331848145,13.340749740600586,6.071393215013174,0.9798352792362365,2.3586266040802,11.87778353691101,4.499105858754151,0.9798462486868535,2.3738348484039307
11,IoBT_GUNFIRE,5.000016689300537,5.1045704356018415,0.9438322073849634,2.379096031188965,5.506108403205872,4.784331194183305,0.9440282263321012,2.346849203109741,5.30454695224762,5.239231719527627,0.9440560885611619,2.348816394805908,5.256084203720093,5.136861817385182,0.9441174495672148,2.3455231189727783
12,IoBT_GUNFIRE,-7.765790854818988e-07,0.006520989382785471,0.6917680365720615,1.131441354751587,0.8368007093667984,-0.3492051199388152,0.6917790674399343,1.13036048412323,0.435146689414978,-0.015572627197372062,0.6918247350765409,1.1326402425765991,0.5117065459489822,-0.028316830563334235,0.6917815292665263,1.1328251361846924
13,IoBT_GUNFIRE,14.999876022338867,14.976906042791494,0.691350029126192,2.3110764026641846,14.747569561004639,15.546917135017837,0.6915941279260258,2.3580942153930664,15.483342409133911,15.35434702649513,0.6913373105964407,2.355806589126587,15.617839097976685,15.537061781977608,0.6913573522588444,2.452974319458008
14,IoBT_GUNFIRE,5.000033974647522,5.011411145161522,0.9785969185616236,1.8133565187454224,5.957860946655273,5.167692504771351,0.978654655047845,1.8304674625396729,5.497491359710693,5.236603142426527,0.978650303454454,1.8324131965637207,5.5878859758377075,5.264835997114515,0.9786258668874334,1.8346751928329468
15,EXISTING_PROXY,-3.3651888315944234e-05,0.02027675465164347,0.8714482614511536,1.1166770458221436,-0.6062489748001099,-1.6495293687495416,0.8716085933702953,1.1481542587280273,-0.7265227288007736,-1.1143929510380692,0.8716848346506861,1.1407263278961182,-0.05231669172644615,-0.3662953302267952,0.8717011549854744,1.1346524953842163
16,IoBT_GUNFIRE,5.000011920928955,5.014885799431685,0.7206696484922673,1.2581785917282104,-0.5584264546632767,-1.438885130597388,0.7213611249572113,1.4140396118164062,5.6378960609436035,5.231866563092472,0.7216009512811136,1.2768487930297852,3.315451443195343,2.8154038384039755,0.7217871870228997,1.3108515739440918
17,IoBT_GUNFIRE,1.553155357214564e-05,-0.21510591574966914,0.7953744453635422,1.087267518043518,1.316714882850647,0.12234703560746482,0.7956259045471006,1.0891927480697632,0.7304534316062927,0.19769362221676817,0.7957840169671944,1.0921151638031006,0.8484669774770737,0.2478483706059968,0.7957601105100235,1.09302818775177
18,EXISTING_PROXY,5.177193429517501e-07,0.09609867542403261,0.7776845776039307,1.2720329761505127,0.8677305281162262,-0.16409291778243515,0.7774319748414089,1.2750223875045776,-0.3502848371863365,-0.752282101547544,0.7772358598491339,1.2813260555267334,0.05344376899302006,-0.43954548574735414,0.7770962681116838,1.2738280296325684
19,IoBT_GUNFIRE,14.999806880950928,15.013363983532454,0.8242706629851934,1.5012595653533936,10.384809970855713,10.002416538354238,0.8242983320745128,1.5168087482452393,15.230923891067505,15.111729178350197,0.8242422242309307,1.5134299993515015,14.593651294708252,14.448478298591237,0.8242890166159152,1.516547441482544
20,IoBT_GUNFIRE,14.999850988388062,14.980988547326453,0.9520873470715835,2.9167239665985107,13.33829641342163,13.796464720238573,0.9521015173539937,2.942556858062744,10.754090547561646,10.563386562660057,0.952173435448727,2.9761199951171875,13.60578179359436,13.417787063625573,0.9521324805933802,2.96451473236084
21,EXISTING_PROXY,9.999932646751404,9.976769812967461,0.9390554861893149,2.0591156482696533,9.448065161705017,8.94158014224388,0.9390020814215013,2.072244167327881,9.285327792167664,8.92554055952147,0.938954309749459,2.0782365798950195,9.725677967071533,9.331750879370379,0.9389583807549094,2.0722780227661133
22,IoBT_GUNFIRE,5.000062584877014,4.974334748936943,0.8457734608350229,1.4039629697799683,5.955549478530884,4.990756496739833,0.8458038690743154,1.4058902263641357,5.294737219810486,4.808355352520345,0.8458240779803008,1.4147404432296753,5.548704266548157,4.98788860381433,0.8459071537067774,1.4143513441085815
23,IoBT_GUNFIRE,9.999945163726807,10.029338856259205,0.9145826863651645,1.405883550643921,9.264639019966125,8.727574184525666,0.9148265489809175,1.399957299232483,10.030252933502197,9.799119627817337,0.915037752397707,1.4048967361450195,9.791874885559082,9.513394605436435,0.9150387022387604,1.4050060510635376
24,IoBT_GUNFIRE,-6.16090392213664e-05,0.025590250207946936,0.6825372005341064,1.1437650918960571,0.914563462138176,0.06741696329518232,0.6830218237953289,1.164808988571167,0.4722467437386513,0.17478725722367414,0.6833014648476509,1.1551467180252075,0.37278912961483,-0.00015912077809519988,0.6833585721721526,1.158193826675415
25,IoBT_GUNFIRE,14.999901056289673,15.018546279534984,0.987616090845094,2.048214912414551,14.174258708953857,14.98842136416376,0.9875511428522764,2.0763330459594727,12.526521682739258,12.338585825098798,0.9875055811241658,2.0977580547332764,12.513148784637451,12.310132371825787,0.9875074669887297,2.104893684387207
26,EXISTING_PROXY,14.999984502792358,15.00304176577379,0.9643011940280302,1.7139132022857666,11.359442472457886,11.240356203128776,0.9643671798287863,1.969684362411499,13.23692798614502,13.027212654693514,0.9642841647245008,1.965480089187622,14.236940145492554,14.099720227912517,0.9643656108070471,1.9613291025161743
27,IoBT_GUNFIRE,5.694909077647026e-06,-0.18280954194723809,0.8050585191049766,1.2239720821380615,-0.7073372602462769,-1.8654899609588198,0.8051597865586847,1.2318763732910156,0.3445257619023323,-0.16455971618054666,0.8052308837619359,1.2238291501998901,-0.08583272807300091,-0.6322678961623441,0.8052484848591889,1.2271369695663452
28,EXISTING_PROXY,4.9999696016311646,4.9486072491966935,0.8729709540208122,1.2293376922607422,4.990415573120117,4.104619778436171,0.8734666000731351,1.2471873760223389,5.220057368278503,5.0217580544759866,0.8736027067375223,1.2390555143356323,5.263751745223999,5.015978599568816,0.8735807972251189,1.2411539554595947
29,IoBT_GUNFIRE,9.999983310699463,9.988319515263495,0.9320258428758554,1.5034469366073608,10.42171835899353,10.087239735613311,0.9320112211953036,1.6267791986465454,10.426709651947021,10.157973833067551,0.9319836880560429,1.6451170444488525,10.476800203323364,10.167792827501604,0.9320281520022144,1.647966742515564
30,IoBT_GUNFIRE,1.5531578867467033e-06,0.0027306479086283038,0.6917947164088756,1.0908786058425903,1.1255822330713272,0.12107900964027496,0.6920411979606103,1.0957833528518677,0.3407919779419899,0.079450340935512,0.6922158265812762,1.0981858968734741,0.31344618648290634,-0.019111370417574745,0.6922023813178906,1.1001850366592407
31,IoBT_GUNFIRE,14.999955892562866,15.001898167794588,0.931198499964808,2.2170794010162354,14.753652811050415,15.522069487993868,0.9312497319738317,2.1630022525787354,15.648977756500244,15.528715559335254,0.9312169322342019,2.169405221939087,15.679975748062134,15.570183548395637,0.9312012619308788,2.1650102138519287
32,IoBT_GUNFIRE,0.00011182593880221248,-0.07078303912921315,0.7672969253243472,1.1896857023239136,1.2780563533306122,0.25446368288528964,0.7675776689628441,1.1953521966934204,0.5827092751860619,0.3294112404425277,0.7675786798282249,1.2043604850769043,0.3600030019879341,0.0589530418264049,0.7676031421061517,1.2126237154006958
33,IoBT_GUNFIRE,-4.999955892562866,-4.863350524636345,0.8505849553673381,1.4930576086044312,-4.1065314412117,-5.020233043189291,0.8505160502467728,1.493884563446045,-4.52318549156189,-4.702123834617197,0.8504555819285159,1.4941195249557495,-4.440581500530243,-4.694870437242758,0.8504425331573583,1.4943965673446655
34,EXISTING_PROXY,0.0,100.15511238642262,0.9999999999999987,4.643888473510742,19.71485733985901,31.6500414533057,0.9999656232170161,4.6398844718933105,25.796194076538086,32.6655468136578,0.9999404366156428,4.6403021812438965,24.399704933166504,31.60981269664049,0.9999248154358257,4.637687683105469
35,IoBT_GUNFIRE,1.1389811334083788e-05,0.1509789858089347,0.7836582109512303,1.1096104383468628,1.0233379900455475,0.23668810762775933,0.784187005983282,1.1091084480285645,0.46505924314260483,0.3618215576537837,0.784459369674603,1.111426830291748,0.5661900714039803,0.4028540983363368,0.7845993995055182,1.1117826700210571
36,IoBT_GUNFIRE,-4.999982416629791,-5.080069461063692,0.864449225591343,1.0563781261444092,-4.038841128349304,-5.12967585744049,0.8647925126031573,1.0559860467910767,-4.694684743881226,-4.981736819364214,0.8649605929920313,1.0584821701049805,-4.603081047534943,-4.955996869731037,0.865108312144517,1.0586700439453125
37,IoBT_GUNFIRE,-4.999998509883881,-4.963422579600084,0.7756388591642613,1.0546425580978394,-3.6318445205688477,-4.5927905166649206,0.77601135270739,1.0549012422561646,-4.334352016448975,-4.528031211788852,0.7761914706835444,1.055454134941101,-4.181995391845703,-4.439489620490723,0.7762687667234588,1.0554827451705933
38,IoBT_GUNFIRE,4.9999019503593445,4.973719542762765,0.7543840374373522,1.2176525592803955,5.771719813346863,5.021600906135077,0.7553667415612607,1.2433730363845825,4.955369532108307,4.601720274148158,0.7557744339882781,1.241753339767456,5.395017862319946,4.981916706924096,0.7559793436197331,1.2443310022354126
39,IoBT_GUNFIRE,15.000096559524536,14.968154174134467,0.9093733328225377,3.0850958824157715,11.274620294570923,10.970090746234398,0.9093299358238237,3.1153464317321777,14.76904034614563,14.606467684679876,0.9093093710197938,3.1203386783599854,9.796726107597351,9.489423363219759,0.9093302961205726,3.1295711994171143
40,IoBT_GUNFIRE,15.000005960464478,14.9804107933189,0.930681734316751,1.7834219932556152,13.776743412017822,14.955540590260707,0.9306638059137259,1.7889447212219238,15.12742280960083,15.035343490153979,0.930641658782009,1.802248477935791,14.65195894241333,14.571981751818068,0.9306215468596675,1.808042049407959
41,EXISTING_PROXY,-1.1648701274680207e-05,0.022502179200016157,0.6251152492963526,1.124556303024292,0.5013144016265869,-0.46687826425953505,0.6251093897597935,1.1226677894592285,0.2265574224293232,0.1252775902953025,0.6253064865996554,1.1169465780258179,0.2602897211909294,0.10048340246346973,0.6252794527305793,1.117037296295166
42,EXISTING_PROXY,5.000074505805969,4.941921765291036,0.7926095410389894,1.1826610565185547,4.524048566818237,3.598007249536032,0.7933615963915173,1.1977962255477905,4.858476519584656,4.5270606562928535,0.7937307962165283,1.1915994882583618,4.5257192850112915,4.129187531429814,0.7937020487470351,1.194824457168579
43,IoBT_GUNFIRE,20.000059604644775,20.013849087258304,0.9838015611886181,2.479687452316284,12.583401203155518,12.628226109380218,0.9836984560556704,2.436819076538086,14.419417381286621,14.271876211864061,0.9836542668196724,2.4394378662109375,13.741282224655151,13.563239431979039,0.9836408337684907,2.4327030181884766
44,IoBT_GUNFIRE,4.999996721744537,5.065872336174875,0.8402264335161229,1.1676149368286133,5.846493244171143,4.993938100876113,0.840282703312027,1.1681934595108032,5.479429364204407,5.221231746340493,0.8403459624087581,1.1731891632080078,5.609455108642578,5.279100787052271,0.8403292045817582,1.1737769842147827
45,IoBT_GUNFIRE,5.000010132789612,4.9770566529112745,0.8316314998340857,1.4328482151031494,5.554916262626648,4.728498266775599,0.8315674945856301,1.4338234663009644,5.190260410308838,5.034700860520172,0.8317246717670759,1.4406421184539795,5.482689738273621,5.287690392550342,0.831706637688735,1.4409428834915161
46,IoBT_GUNFIRE,-4.999990165233612,-5.022940193064944,0.9981724515242569,1.8142846822738647,-4.200635254383087,-5.192836158178185,0.998164037587682,1.8268519639968872,-4.701980650424957,-5.048172792575985,0.9981457075360438,1.8351876735687256,-4.642452895641327,-5.062547088328916,0.998152677499265,1.8373734951019287
47,IoBT_GUNFIRE,14.999974966049194,15.00208773877189,0.9218077116021169,2.358247756958008,14.33512568473816,14.84890304495009,0.9219548877557378,2.3727104663848877,14.922852516174316,14.787759775346949,0.9220336949758073,2.366302967071533,13.815385103225708,13.63540411968745,0.9220084962251061,2.3708994388580322
48,IoBT_GUNFIRE,19.99964475631714,20.002052150816034,0.9810338557471413,2.410281181335449,16.761181354522705,18.948808226712902,0.9810571192978423,2.406146287918091,19.03496265411377,19.086415992918013,0.981072165060256,2.4263925552368164,18.95587921142578,19.10271368386522,0.9810533303037163,2.4299755096435547
49,IoBT_GUNFIRE,15.000081062316895,15.012959918570807,0.8990696453250483,2.508218765258789,13.431024551391602,13.691969104950772,0.8991708016892134,2.5183217525482178,15.069129467010498,14.99047399637648,0.8992031756033575,2.5110230445861816,13.52847933769226,13.360261377443958,0.8991620520437252,2.5148231983184814
50,IoBT_GUNFIRE,10.000019073486328,10.00408744539512,0.932947550776515,1.5823373794555664,9.653706550598145,9.158770353967824,0.9327990533636077,1.580068826675415,10.467886924743652,10.2071640077985,0.9327640567579206,1.588805913925171,8.631212711334229,8.292972517699834,0.9327160969758969,1.600005865097046
51,IoBT_GUNFIRE,14.999974966049194,14.99428913261722,0.994761349641015,2.300236225128174,12.208253145217896,12.378794252953515,0.9947572317866424,2.321085214614868,12.91635274887085,12.701559300848418,0.9947532785621113,2.3375980854034424,10.307694673538208,9.987892157037368,0.9947408768552775,2.3611552715301514
52,IoBT_GUNFIRE,14.999915361404419,14.994969938725916,0.9910487980214885,2.3494362831115723,11.281989812850952,11.071731216066514,0.9909794714498463,2.3793091773986816,14.44125771522522,14.287196466489045,0.9909393161296137,2.3806064128875732,14.955062866210938,14.816901656141914,0.9909151124998268,2.3847177028656006
53,IoBT_GUNFIRE,1.0354386148492267e-06,0.020654847031000224,0.7568067443091171,1.2111886739730835,0.15896137803792953,-0.7886937182270566,0.7570265603954749,1.250896692276001,0.752803385257721,0.5321330849775422,0.7571654272833696,1.2302277088165283,1.0433346033096313,0.7640398894524537,0.7571527105461038,1.2302980422973633
54,IoBT_GUNFIRE,14.999982118606567,15.000316783904712,0.9688855820137224,1.671156406402588,14.425191879272461,15.289099585418573,0.9690451933412703,1.6771559715270996,15.600250959396362,15.497238540722083,0.9690735179274346,1.6910885572433472,15.574642419815063,15.45533902699064,0.9691166169665665,1.6937605142593384
55,IoBT_GUNFIRE,9.999982118606567,10.021457446030233,0.9252861911644469,2.6657304763793945,10.284651517868042,9.875172732554086,0.9252390415422098,2.6684770584106445,10.33413290977478,10.129775692764078,0.9252679660976134,2.6887428760528564,10.378637313842773,10.133231802682714,0.9252596393342543,2.691652774810791
56,EXISTING_PROXY,4.999994337558746,5.004167306909845,0.8993375422502582,1.746706247329712,5.711641311645508,4.819499182130694,0.8992160935069952,1.753875970840454,4.9038174748420715,4.482855661514992,0.8991389302528945,1.7509350776672363,5.050832629203796,4.553567696773005,0.8992442427684479,1.7506611347198486
57,IoBT_GUNFIRE,-5.0000035762786865,-5.019946405211517,0.5146394567139806,1.0380054712295532,-3.468084931373596,-4.418062331175593,0.5155798721683691,1.040817379951477,-4.050734639167786,-4.158197681043735,0.5158386404800238,1.0416748523712158,-3.8811686635017395,-4.025318544485944,0.5159913034640078,1.0422964096069336
58,IoBT_GUNFIRE,9.999866485595703,9.998509965576705,0.890095581184763,2.9054477214813232,10.18206000328064,9.773467875803348,0.890064067688039,2.9120829105377197,10.265599489212036,9.971949976147796,0.8900567223308377,2.9200634956359863,10.282756090164185,9.949765809308921,0.8900433386002788,2.922376871109009
59,IoBT_GUNFIRE,4.999986886978149,5.004787686091747,0.8663244964337108,1.2770916223526,5.76335608959198,4.926046372026872,0.8665317629956435,1.2822586297988892,5.431236624717712,5.120916682123959,0.8664975067697209,1.2831484079360962,5.479282736778259,5.102855802268556,0.8665555940577122,1.2834819555282593
60,IoBT_GUNFIRE,-4.999919533729553,-5.005488669153229,0.7822108365600021,1.1405949592590332,-4.366832077503204,-5.310963730099404,0.782606729434487,1.1404057741165161,-4.6095335483551025,-4.861308892358214,0.7827838730442721,1.14057195186615,-4.486876130104065,-4.794390333781649,0.7828657578917667,1.140202283859253
61,IoBT_GUNFIRE,-9.999937415122986,-10.619174595018881,0.5081586428390229,1.0464887619018555,-8.62064242362976,-10.324064435767404,0.5084792355173431,1.0472713708877563,-9.346414804458618,-10.201116891664196,0.5086471903277271,1.047675609588623,-9.235593676567078,-10.152969969928451,0.5087385182631866,1.0479978322982788
62,EXISTING_PROXY,14.999961853027344,14.982514988249445,0.9798930312630845,3.114784002304077,13.752062320709229,13.968069834090615,0.9799639898868888,3.1735658645629883,13.749409914016724,13.562545607270714,0.9799950921009195,3.1460092067718506,15.297185182571411,15.23524549265276,0.979994967400988,3.150245428085327
63,EXISTING_PROXY,4.141753038311435e-06,-0.011738741300958484,0.8537908456738729,1.1203298568725586,0.5182172730565071,-0.4662651198833429,0.8540476765942734,1.1286330223083496,0.36095310002565384,0.20043848297935096,0.8542350307508761,1.1287397146224976,0.6224902719259262,0.400224135344345,0.8544562136486674,1.1266244649887085
64,IoBT_GUNFIRE,8.801220019449829e-06,-0.0009808698378871964,0.8209891518899533,1.3260202407836914,0.7802802324295044,-0.5805945406148545,0.8208033857287685,1.2112550735473633,0.212345402687788,-0.5618929366051693,0.8207053086119289,1.269091248512268,0.2579125016927719,-0.6551007533801108,0.820605962539155,1.3417401313781738
65,IoBT_GUNFIRE,14.999953508377075,14.990166546686458,0.9451291473475265,1.718515396118164,12.95106291770935,13.025315027618298,0.9455664375809787,1.7172176837921143,13.756202459335327,13.585677191265948,0.9457175939422161,1.7196919918060303,7.083625793457031,6.785401598289483,0.9457519184044926,1.7284305095672607
66,IoBT_GUNFIRE,-4.999690651893616,-4.998451611472486,0.607474049162104,1.1263935565948486,-3.9467602968215942,-4.987649847793328,0.607752557801989,1.1265960931777954,-4.724854826927185,-4.968981402181847,0.6077710105022776,1.131335735321045,-4.682850539684296,-4.98340313681081,0.6078094480761235,1.1324377059936523
67,EXISTING_PROXY,14.99995470046997,15.022882174238914,0.9790718787156951,2.0789706707000732,14.120519161224365,14.66612281359068,0.9790562068662192,2.0789709091186523,14.104955196380615,13.97307743332866,0.9790360125710095,2.0967299938201904,13.496930599212646,13.338681449750794,0.9790602485132877,2.0999755859375
68,IoBT_GUNFIRE,-4.999942183494568,-4.705593794264988,0.8244865138647597,1.0667650699615479,-4.107914566993713,-4.921184626738932,0.8244304245966532,1.0662736892700195,-4.5749640464782715,-4.54483336089377,0.8243128450214698,1.0681180953979492,-4.492054581642151,-4.526499825109823,0.8242708356593366,1.0685110092163086
69,IoBT_GUNFIRE,5.000009536743164,5.057608076122287,0.8665307767949055,1.2895526885986328,5.8826059103012085,5.145856812787043,0.8667226926723489,1.2928158044815063,5.322407484054565,5.319360404823011,0.8668456974919161,1.2986713647842407,5.211828351020813,5.177981465092937,0.8669550627814682,1.3007028102874756
70,EXISTING_PROXY,10.000005960464478,10.001895923804643,0.7312653226112114,1.1717172861099243,8.894131779670715,8.29605146455023,0.7311623739221336,1.171251893043518,4.668869972229004,4.422819779177811,0.7314609254888933,1.1966506242752075,6.187456250190735,5.88100324353109,0.7315043129859755,1.185847282409668
71,IoBT_GUNFIRE,10.000007152557373,9.980987279827845,0.8933599063610347,1.6992188692092896,10.471011400222778,10.090741131506515,0.8936919427441847,1.7266650199890137,10.392909049987793,10.108117160542413,0.8938853692229732,1.7213971614837646,10.225565433502197,9.891662958444508,0.893903531818804,1.725236415863037
72,IoBT_GUNFIRE,-4.999971687793732,-4.987262130876057,0.6352710840123543,1.082180142402649,-4.0796151757240295,-5.153394312785279,0.6353283641420557,1.0837680101394653,-4.476176202297211,-4.750255701248073,0.635717351922789,1.0830960273742676,-4.37130331993103,-4.72297141841228,0.635569446560172,1.0831513404846191
73,IoBT_GUNFIRE,9.999839663505554,9.98857330176904,0.9613944386258112,1.6224669218063354,10.679385662078857,10.322308482016167,0.9613592647338851,1.6290733814239502,10.524446964263916,10.287519907309601,0.9613265297068457,1.6355891227722168,10.5846107006073,10.314652258968005,0.9613237720004311,1.6380521059036255
74,IoBT_GUNFIRE,-2.6403768060845323e-05,0.09251272085625108,0.7406254132878076,1.2818857431411743,0.9934716671705246,0.13787226773775768,0.7412403143103494,1.3892371654510498,0.42844444513320923,0.21175372694351577,0.7413673316068994,1.390146255493164,0.6141870841383934,0.3289769747166977,0.7413879308107993,1.3903981447219849
75,IoBT_GUNFIRE,-4.999984502792358,-5.112210151135789,0.7402657312085519,1.1986634731292725,-4.039669036865234,-5.050599899809301,0.7403561009012429,1.2426462173461914,-4.735972583293915,-5.2266728428682665,0.740485093906667,1.242606520652771,-4.631295800209045,-5.201128747320567,0.740451512627058,1.2425334453582764
76,IoBT_GUNFIRE,15.000019073486328,14.999662602617011,0.968781953459067,1.9651994705200195,14.772573709487915,15.480928439205318,0.9693467253722816,1.974853277206421,15.467875003814697,15.348299988012137,0.9695193670451969,1.9879748821258545,14.902552366256714,14.761961031646521,0.9696444661889069,1.9917407035827637
77,EXISTING_PROXY,10.000176429748535,9.880556465941922,0.8996455849495495,1.4652315378189087,10.796058177947998,10.376180173654303,0.8998133330483308,1.471738338470459,10.904203653335571,10.636205165682888,0.8998664014710547,1.4826542139053345,10.806208848953247,10.50264084778532,0.8998669086767522,1.4858464002609253
78,IoBT_GUNFIRE,-4.999981224536896,-4.922594609992089,0.7808358136936879,1.1342092752456665,-3.9908018708229065,-4.945793622840724,0.7807519043701517,1.1358951330184937,-4.671572744846344,-4.860127514180357,0.7808239984903104,1.1371289491653442,-4.597396552562714,-4.851011971658029,0.7807558685238549,1.137582540512085
79,IoBT_GUNFIRE,10.000003576278687,9.94748781121732,0.9704201321856065,3.0191025733947754,10.259510278701782,9.844707959656834,0.9704085602840865,3.016090154647827,10.290632247924805,10.010780342287314,0.9704253684730294,3.021580696105957,10.31514048576355,10.00055163863424,0.9704404773888095,3.022860288619995
80,IoBT_GUNFIRE,-10.000027418136597,-10.095516851227684,0.4803312444298728,1.0224109888076782,-8.894941806793213,-9.98882669591443,0.4802588983642317,1.022111177444458,-9.38845694065094,-9.76514688655024,0.4804607612810047,1.0225040912628174,-9.336745738983154,-9.784015195216696,0.4801971083160973,1.022608995437622
81,IoBT_GUNFIRE,4.999946653842926,5.054377952869213,0.8745929545152388,1.877486228942871,5.7590848207473755,5.013483002592879,0.8745832647391072,1.8801453113555908,5.22016704082489,5.039893637052045,0.8745638198262594,1.8865294456481934,5.282805562019348,5.048631446073105,0.8745488458241525,1.8875792026519775
82,IoBT_GUNFIRE,9.999757409095764,10.056523782501808,0.8636108109191856,1.707674503326416,9.616321325302124,9.13257845057236,0.8637393801378864,1.722835659980774,8.681007623672485,8.354714298006861,0.8637341254092248,1.7425204515457153,10.252037048339844,9.898725551639863,0.8637443058682337,1.7286746501922607
83,IoBT_GUNFIRE,15.000060796737671,15.00860608948209,0.8924398054836711,2.0198607444763184,13.619354963302612,13.968209921539867,0.8924458270888135,2.013540744781494,13.658137321472168,13.46897871174939,0.8924510726515842,2.023749589920044,10.18656849861145,9.87502808244493,0.8924634199916309,2.0321807861328125
84,IoBT_GUNFIRE,10.000011920928955,10.013474505223277,0.8959401108571949,1.4953867197036743,8.903032541275024,8.306505036729178,0.8961220014516061,1.5086352825164795,10.01522421836853,9.682775715909978,0.8962029134195131,1.5066564083099365,9.592038989067078,9.19997858554908,0.8961962774928689,1.511369228363037
85,EXISTING_PROXY,19.99993324279785,19.988384758547966,0.935636174738449,1.6812573671340942,13.20927619934082,14.569596656872568,0.9355520531226309,1.6874058246612549,16.099969148635864,16.4514064016189,0.9355689909875167,1.70097017288208,13.543009757995605,13.527893541656528,0.9355466314074475,1.7161891460418701
86,IoBT_GUNFIRE,1.915557504617027e-05,0.04957968573975683,0.7984864586199557,1.146350383758545,1.391211599111557,0.6513447674782027,0.7988074754607888,1.1544722318649292,0.8054447919130325,0.5771821804827825,0.7988825533281847,1.1531686782836914,0.5757627263665199,0.28882776245796704,0.7989318169103271,1.158581018447876
87,IoBT_GUNFIRE,14.999901056289673,14.984185893568467,0.9704686871871316,1.860190510749817,13.984650373458862,14.961676701970001,0.9704678178182408,1.8670308589935303,15.153898000717163,15.020295466501066,0.9704442340439698,1.8762197494506836,15.142178535461426,15.021226461542774,0.9704766768586477,1.8780838251113892
88,IoBT_GUNFIRE,-5.000012516975403,-5.010288684831657,0.5295116579010227,1.078758716583252,-3.5628417134284973,-4.513733209101913,0.530064368492885,1.0795012712478638,-4.197553098201752,-4.461679555318877,0.5300527813815531,1.0790655612945557,-4.121575653553009,-4.441439975273568,0.5301533396692838,1.071961522102356
89,IoBT_GUNFIRE,4.99994158744812,5.0502329952810445,0.9441105800330788,1.5017393827438354,5.746285319328308,4.922872849235624,0.9441900041711276,1.5080406665802002,5.034797787666321,4.821770966005478,0.944221343069216,1.5193872451782227,5.1146310567855835,4.852066126529576,0.9441462017806794,1.5210559368133545
90,IoBT_GUNFIRE,5.000004172325134,-3.068155738388869,0.6916846570796443,1.0253483057022095,5.827486515045166,-2.705818958897202,0.6923490460958541,1.025508165359497,5.524656176567078,-2.530441750869807,0.6926594382476067,1.0255680084228516,5.069684982299805,-2.9888811949346286,0.6926814245732642,1.0262962579727173
91,IoBT_GUNFIRE,9.999996423721313,9.982565455532995,0.9516920422136016,2.5745418071746826,3.612678349018097,2.738649200998413,0.9516676469063409,2.6322548389434814,-0.2729826234281063,-0.5828932475097576,0.9516887038417968,2.6793954372406006,7.78074324131012,7.49301240582861,0.9517404779041188,2.5832009315490723
92,EXISTING_PROXY,4.999969303607941,4.83595936845325,0.9153803901383994,1.4267096519470215,5.421645641326904,4.461861440720564,0.9151829306190927,1.4339044094085693,4.999551177024841,4.5765461228366355,0.9150324718300097,1.4298793077468872,4.44782942533493,3.9662417854226084,0.9150129060235019,1.436980128288269
93,EXISTING_PROXY,5.000013709068298,5.003987460617042,0.9823630910179585,3.075648784637451,6.397234201431274,5.53285637898565,0.9823423406855001,3.125293493270874,6.041362285614014,5.706667244309247,0.9823135504896561,3.136521100997925,6.129800081253052,5.729876155646448,0.9823052790862302,3.145411729812622
94,IoBT_GUNFIRE,10.000053644180298,9.999397859817766,0.8769844166505499,1.7947773933410645,10.400117635726929,9.993722778479697,0.8771598618866697,1.796393871307373,10.297201871871948,10.207165347718677,0.8771858110049211,1.8115646839141846,10.603296756744385,10.490345308557036,0.8772187024862836,1.8124123811721802
95,EXISTING_PROXY,3.72756335309532e-05,-0.22946999264456772,0.6953923076943654,1.170005202293396,0.8382979035377502,-0.4281340311890583,0.6952196246713939,1.17383873462677,0.14204250648617744,-0.35023648514540423,0.6950925918761703,1.1791106462478638,0.18397558480501175,-0.3766683061733361,0.6950885671474022,1.1806883811950684
96,IoBT_GUNFIRE,-4.999995529651642,-4.882603475191968,0.6114165280511249,1.0599509477615356,-3.5673195123672485,-4.482072153579798,0.611808827882911,1.0631184577941895,-4.221180081367493,-4.318733202907396,0.6120857420252728,1.0638089179992676,-4.08822774887085,-4.2455742257781575,0.612149723097761,1.0643081665039062
97,IoBT_GUNFIRE,-5.00000536441803,-4.994299520867116,0.6308221306674181,1.2108749151229858,-4.1023775935173035,-5.10521410559564,0.6308979370001427,1.2096785306930542,-4.730705618858337,-4.990174387315884,0.630964062935082,1.2102227210998535,-4.690964221954346,-5.012487163063076,0.6309689315663372,1.210639476776123
98,IoBT_GUNFIRE,5.000017285346985,4.986765632286122,0.6415237868464536,1.1404904127120972,6.0092973709106445,5.220502793947298,0.6418406807519077,1.1552637815475464,5.543308854103088,5.369867312670136,0.6422505233357374,1.1581177711486816,5.66193699836731,5.444541200285116,0.6423343887930275,1.160760521888733
99,EXISTING_PROXY,14.999946355819702,14.989534545574472,0.918588624327649,1.9022586345672607,13.73353123664856,14.15624108060115,0.9188565689265583,1.9167091846466064,14.82593297958374,14.686733446577076,0.9189351884236631,1.9169254302978516,14.523943662643433,14.385693659716587,0.918983139383073,1.9213573932647705
100,IoBT_GUNFIRE,0.0,-0.05277154550124866,0.8373798488400879,1.1118295192718506,1.2349622696638107,0.2535844086926117,0.8376988217896804,1.1158808469772339,0.6091247498989105,0.29083732187061834,0.8377842824001602,1.1172035932540894,0.7172410190105438,0.32902866794474706,0.8378566328885665,1.1179816722869873
101,EXISTING_PROXY,5.000097155570984,4.951070708093903,0.9692801865158883,1.3753606081008911,6.350114941596985,5.522012625086377,0.9694146256768243,1.3981459140777588,5.5985260009765625,5.370412286516552,0.9695059043168544,1.4164797067642212,5.025762319564819,4.73623811496707,0.9694953168572997,1.4369213581085205
102,IoBT_GUNFIRE,19.99995231628418,20.005286221055943,0.9640031522332377,3.48844051361084,16.65176749229431,19.299543252792656,0.9639612967415105,3.487755298614502,19.646832942962646,19.683450309928897,0.9639436681373434,3.503028154373169,15.929127931594849,15.824028249280325,0.963931730146041,3.5089755058288574
103,IoBT_GUNFIRE,9.99990463256836,9.996673638231316,0.9510606532184637,1.5157368183135986,9.373566508293152,8.843798696413536,0.9510512015165181,1.5299632549285889,9.652096629142761,9.400231169309338,0.9511170649088825,1.5353894233703613,10.04084587097168,9.746247270669608,0.9510815610052878,1.5329582691192627
104,IoBT_GUNFIRE,19.999940395355225,19.99469987213037,0.996810982539778,2.3713204860687256,15.379928350448608,16.722122067805415,0.9967789238322436,2.3650262355804443,19.72578525543213,19.749994418507953,0.9967611046355163,2.3778867721557617,19.609884023666382,19.698157138845602,0.9967449460875795,2.378971815109253
105,EXISTING_PROXY,-9.99998927116394,-10.242066636244989,0.3769025593497313,1.3905436992645264,-9.084634184837341,-10.331216897945026,0.3768406803744661,2.088416814804077,-9.90277886390686,-10.321818546431448,0.3767506188924999,2.099008321762085,-10.168265104293823,-10.80475716266151,0.376776926123776,2.1139776706695557
106,EXISTING_PROXY,0.0,105.58154570041283,0.9999999999999991,4.643888473510742,19.555041790008545,32.36171343977888,0.9999746321428262,4.63991117477417,26.625962257385254,30.916783089510275,0.9999549139530366,4.640146255493164,25.11418104171753,29.508438001754694,0.9999453206286217,4.639517307281494
107,EXISTING_PROXY,20.00005006790161,19.997468393214774,0.9722805877067237,2.7205467224121094,14.072893857955933,15.194423232911817,0.9722495347537758,2.7454307079315186,18.84928584098816,19.00441926214439,0.9721766524753855,2.749387264251709,18.325995206832886,18.581229975820296,0.9721408216576443,2.7542827129364014
108,IoBT_GUNFIRE,-10.000003576278687,-9.912425567883082,0.628493950656208,1.0343968868255615,-8.445313572883606,-9.441503405283424,0.6290250972302406,1.0353639125823975,-9.03490126132965,-9.155401831073393,0.6293542357745278,1.0356796979904175,-8.918735384941101,-9.103885653114387,0.6294267265329548,1.0363154411315918
109,IoBT_GUNFIRE,1.656698827900982e-05,-0.06671819239551126,0.7610250285778863,1.0735740661621094,0.9786173701286316,-0.09493806797665144,0.7608764449921437,1.0766202211380005,0.23673035204410553,-0.11875075521834799,0.7607915543965308,1.0781199932098389,0.1300049014389515,-0.28850458818615143,0.7607756033010638,1.0799241065979004
110,IoBT_GUNFIRE,3.934649157599779e-05,-0.050289663113628105,0.8396435997028592,1.0619920492172241,1.3268081843852997,0.041491422695189906,0.8397205618407897,1.060952067375183,0.8741017431020737,0.26448429835905773,0.8395817229690409,1.0617395639419556,0.9702298790216446,0.2554420310436953,0.8396472698778573,1.0617982149124146
111,IoBT_GUNFIRE,10.000029802322388,10.010259796128938,0.9806577311985302,1.1954762935638428,6.62354052066803,5.761159332939308,0.9806906525838507,1.1771652698516846,9.15911614894867,8.775273478106701,0.9806948339109505,1.1778842210769653,9.095853567123413,8.660645404733234,0.980718228697822,1.1763817071914673
112,IoBT_GUNFIRE,-3.494619704724755e-05,-0.053162115581861104,0.6839546664417547,1.1144235134124756,1.3462606072425842,0.3836814566975524,0.6838050211967008,1.114974021911621,0.7475205510854721,0.48836873135911835,0.683723751436527,1.1181215047836304,0.41424650698900223,0.10272970078456806,0.683723055223339,1.1215322017669678
113,IoBT_GUNFIRE,-10.000002384185791,-10.970865361290548,0.5150865950181437,1.079756498336792,-8.613155484199524,-10.744310603902171,0.5152094682149458,1.080912470817566,-9.351761937141418,-10.689920745540388,0.5150620315269014,1.0815297365188599,-9.29409384727478,-10.762435904219306,0.5151068964966937,1.082537293434143
114,EXISTING_PROXY,5.591333319898695e-05,-0.014692596565260537,0.6237195213677075,1.2419238090515137,0.48868607729673386,-0.4538850592744315,0.6236652207084334,1.2525975704193115,0.319255106151104,0.19585676864286589,0.6237191534307093,1.2497495412826538,-0.3393491730093956,-0.48931277515375843,0.6235931938058563,1.2610615491867065
115,IoBT_GUNFIRE,8.801220019449829e-06,-0.0558603357008748,0.7544955923688411,1.148144006729126,1.0768547654151917,-0.008646615664330526,0.7543621266065293,1.148114800453186,0.5961990728974342,0.14916256325894567,0.7543900616783059,1.1493136882781982,0.6553154438734055,0.12461561849561756,0.7543375643937714,1.1502665281295776
116,EXISTING_PROXY,-4.999952912330627,-4.963316049183745,0.664472363933047,1.0815914869308472,-4.671391844749451,-5.5372009657989345,0.6643216671426663,1.0879971981048584,-5.824664831161499,-6.056710243064259,0.6644836581872794,1.0935534238815308,-5.434072017669678,-5.7205063496246025,0.6644888644337811,1.0897631645202637
117,IoBT_GUNFIRE,4.999999701976776,4.937746248288127,0.8007945938538614,1.1131091117858887,5.558255910873413,4.5923738688818325,0.8006184361848159,1.1116690635681152,5.359588265419006,4.993092118481663,0.8005609521431365,1.1145681142807007,5.421263575553894,4.98203140874242,0.8006252613490831,1.114689826965332
118,IoBT_GUNFIRE,20.00002384185791,19.998068332876684,0.947985065331285,2.197040557861328,17.227401733398438,19.711414539579415,0.9483779302400066,2.2090978622436523,19.253060817718506,19.513961736860914,0.9485650744570644,2.1973459720611572,17.56702184677124,17.72207112406282,0.9486102170000595,2.2075247764587402
119,IoBT_GUNFIRE,14.999911785125732,15.002959657063117,0.9731965612048824,1.7759535312652588,14.385226964950562,14.997183962695608,0.9732172102721491,1.9771876335144043,15.311882495880127,15.185364667313214,0.9731956187982544,1.992391586303711,15.258712768554688,15.127708270127648,0.9731977648045981,1.9979897737503052
120,IoBT_GUNFIRE,4.999991953372955,4.9853572689221135,0.8261234655701986,1.130114197731018,5.776388645172119,4.846832966486009,0.8261894039804237,1.1312594413757324,5.420669317245483,5.056752261852124,0.8263218581580976,1.1363674402236938,5.475253462791443,5.041740375873656,0.8262933059577175,1.1373181343078613
121,IoBT_GUNFIRE,5.000009536743164,4.98607790870023,0.8249315579978879,1.166459321975708,5.638827681541443,4.60122478220311,0.8249069341508454,1.1626142263412476,5.227311849594116,4.687790120128922,0.8248806655572549,1.166239619255066,5.190797448158264,4.558667580732197,0.8248243565912183,1.166448712348938
122,IoBT_GUNFIRE,-4.999334216117859,-5.2096178933471595,0.7351753738620446,1.2238030433654785,-4.4286224246025085,-5.520823001227533,0.7351709578672015,1.2287533283233643,-4.664982855319977,-5.1685031960579035,0.7351735603970775,1.2250503301620483,-4.552150368690491,-5.1119636441075365,0.7351510217149971,1.2253159284591675
123,IoBT_GUNFIRE,2.6403606625535758e-05,-0.10035647132676076,0.6853100728972628,1.2674616575241089,1.1073872447013855,0.0021250930303314515,0.6860029414548633,1.2730603218078613,0.5871155485510826,0.25240827260638915,0.6863115035915223,1.2785978317260742,0.7033657282590866,0.3026078468118898,0.6864205888561649,1.2798871994018555
124,IoBT_GUNFIRE,4.999998211860657,5.044400999113099,0.8555359193886932,1.4906104803085327,5.664414763450623,4.871117614154372,0.855489888340183,1.4961662292480469,5.380126237869263,5.280624173604517,0.8554401209569853,1.5058009624481201,5.458778142929077,5.313097500144642,0.855417771179748,1.5091570615768433
125,EXISTING_PROXY,-9.999997019767761,-10.300704024324954,0.5443582153992218,1.1760116815567017,-9.025399684906006,-10.250888861492754,0.5447380162390013,1.177966594696045,-9.957520961761475,-10.592685177823338,0.544731277924227,1.1804189682006836,-9.705821871757507,-10.351196797400872,0.5446521765152654,1.163079023361206
126,EXISTING_PROXY,1.5013835081845173e-05,-0.024669490897474125,0.8686200272138981,1.9548227787017822,0.8476424962282181,-0.1386385290932682,0.868611017908963,1.9686143398284912,0.1242495235055685,-0.1175825720591353,0.8685795347435917,1.9849698543548584,0.22936981171369553,-0.06377126320380244,0.8686236853465478,1.9862316846847534
127,IoBT_GUNFIRE,9.999949336051941,9.99478921128792,0.7727402937095963,1.236196517944336,9.804553389549255,9.37630766548645,0.7728329559088896,1.2366057634353638,10.173057317733765,9.866393678598937,0.7729469401613825,1.2447662353515625,8.920342326164246,8.529255117030495,0.7729142338228858,1.2585945129394531
128,EXISTING_PROXY,4.9999359250068665,4.961996547294855,0.8718553797379648,1.2176707983016968,5.764261484146118,4.887902247602765,0.8717705673023236,1.2220462560653687,5.144340395927429,4.806002402130766,0.8717653741990139,1.2261536121368408,5.196036696434021,4.797077505407451,0.8718243860174987,1.2279729843139648
129,IoBT_GUNFIRE,14.999960660934448,15.019654199686167,0.9918190934985951,2.1954870223999023,13.477102518081665,13.977558646426225,0.9917728535534801,2.210561990737915,11.02350115776062,10.804445120756782,0.9917509785900279,2.240206718444824,12.812671661376953,12.594524335672615,0.9917494265479166,2.227325916290283
130,IoBT_GUNFIRE,4.99998927116394,5.058068743948007,0.8646324874682472,1.4655866622924805,5.808618068695068,4.950620274652877,0.8646369717707276,1.4509903192520142,5.292319655418396,5.040742341486025,0.8646551142435729,1.4545217752456665,5.352017283439636,5.03727681237206,0.8645953510674979,1.4524604082107544
131,IoBT_GUNFIRE,-4.999977946281433,-5.204958132915368,0.5484905462303213,1.0504233837127686,-3.545801043510437,-4.791700126689858,0.5489571245105888,1.0528693199157715,-4.215886890888214,-4.671576777177334,0.549080512426508,1.0536595582962036,-4.2257460951805115,-4.7490700117939335,0.5490010589079062,1.0564494132995605
132,EXISTING_PROXY,15.00057578086853,15.008372270028868,0.8532773235425549,1.8139560222625732,12.12955355644226,12.05506883728761,0.8535598914236172,1.8266867399215698,12.69114375114441,12.49287254212398,0.8537257544305951,1.8258991241455078,12.906535863876343,12.692727644900707,0.8537651811118233,1.826570987701416
133,IoBT_GUNFIRE,4.999976754188538,5.021536033567199,0.7659057368855103,1.1894956827163696,6.240851879119873,5.450527622857973,0.7660677709034438,1.1936382055282593,5.793927311897278,5.663573172282076,0.766145342508449,1.2045055627822876,5.579983592033386,5.401414143653484,0.7661513378846909,1.2086384296417236
134,IoBT_GUNFIRE,4.999999403953552,4.858167685362983,0.9045380460838017,1.5391769409179688,4.85548734664917,3.8409696306296146,0.9046400082476255,1.5575318336486816,4.638007283210754,4.173269058004164,0.9046645516004118,1.5583373308181763,5.171136260032654,4.636910167820434,0.9046454143377137,1.5546166896820068
135,IoBT_GUNFIRE,9.999994039535522,9.948781690247433,0.9621089164941192,1.962275505065918,8.12764823436737,7.404987029805191,0.9621290102576184,1.9922869205474854,9.366070628166199,8.925916495121513,0.9620827728029598,1.9934635162353516,9.923238158226013,9.479813075900646,0.9621145293406764,1.9863699674606323
136,IoBT_GUNFIRE,15.00001072883606,14.97421438313333,0.9521473342366797,2.5836522579193115,12.861007452011108,13.323882828913895,0.9522069833010625,2.1591296195983887,14.911623001098633,14.858704753605235,0.9522662757702894,2.1596696376800537,14.775893688201904,14.796333823112368,0.9522482281428436,2.1734797954559326
137,IoBT_GUNFIRE,3.831106369034387e-05,0.29829757826022285,0.8693223351372864,1.156061053276062,1.1483616381883621,0.33979555256548166,0.8692832749266577,1.145246982574463,0.45335203409194946,0.33000891384347836,0.8693413169073999,1.1460201740264893,0.5012175068259239,0.29333079987078586,0.8692868553605113,1.1442461013793945
138,IoBT_GUNFIRE,9.99961256980896,10.016110318248694,0.9453822648044224,1.9362996816635132,8.298540115356445,7.663006281281845,0.9455775658616282,2.0082991123199463,3.4145253896713257,3.2407560431413667,0.9456746093187249,2.1377084255218506,6.78119421005249,6.486059896795412,0.9456388674188445,2.038241386413574
139,IoBT_GUNFIRE,-2.2261990579863777e-05,-0.08139195171639281,0.667058832263414,1.12514328956604,0.9368706494569778,-0.08963381587209975,0.6670599715304726,1.1227054595947266,0.3864358365535736,0.08609554327787816,0.6669786992261718,1.1276451349258423,0.4633532091975212,0.10284031094982124,0.6670081516109702,1.128048300743103
140,IoBT_GUNFIRE,5.000025629997253,5.017963305209179,0.8766527485416883,1.5044541358947754,3.833876848220825,2.7023081410671668,0.8768039659080704,1.584139108657837,5.5308860540390015,4.973324760647524,0.87698630908199,1.5172321796417236,5.585911273956299,4.940548219047533,0.8770082268576566,1.522327184677124
141,IoBT_GUNFIRE,4.999963343143463,4.998698431735377,0.9225366266022132,1.3987174034118652,5.581974387168884,4.817475617879083,0.9228109897025425,1.398780345916748,5.4093897342681885,5.0953301508966495,0.9228159571006365,1.4004120826721191,5.443444848060608,5.0639169269608075,0.9228333139374779,1.4007259607315063
142,EXISTING_PROXY,-4.659476928736694e-06,0.0022035592513849015,0.6432806730541446,1.2158098220825195,0.8562473952770233,-0.05916862384270429,0.6431965951033227,1.2199163436889648,0.11328887194395065,-0.05091874090089864,0.6432326627035657,1.222609281539917,0.09317830204963684,-0.11607717195358555,0.6431899366168504,1.2248623371124268
143,IoBT_GUNFIRE,10.000033378601074,9.968254563520793,0.9263265862375489,1.8822567462921143,10.371525287628174,9.983056217825126,0.9265153687385739,1.8835680484771729,10.274944305419922,10.143550281981092,0.9265305700331192,1.890625,10.441422462463379,10.274106747890029,0.9266088791116025,1.8916079998016357
144,EXISTING_PROXY,15.00023603439331,14.996606895188492,0.9497594590260899,1.8645339012145996,14.199475049972534,14.809409045402377,0.9497246103975745,1.862320899963379,14.616450071334839,14.469962383577336,0.949609225508766,1.8690757751464844,14.794069528579712,14.686239696318497,0.9496378116985741,1.8702392578125
145,IoBT_GUNFIRE,-5.000027418136597,-5.087212587935637,0.7427897836653027,1.1070611476898193,-3.5312309861183167,-4.590312676830985,0.7431721273272055,1.1117814779281616,-4.348613023757935,-4.532921430953499,0.7432561847549917,1.1175528764724731,-4.085286259651184,-4.389805038702987,0.7433293646825997,1.116034984588623
146,IoBT_GUNFIRE,-4.99999076128006,-5.1740394584017215,0.70497964793263,1.0556392669677734,-3.807876408100128,-4.941570220046914,0.705402269224557,1.0526748895645142,-4.593405723571777,-4.992032255766818,0.7055025699520456,1.0537766218185425,-4.383175075054169,-4.87093846146916,0.705541586779822,1.0535298585891724
147,IoBT_GUNFIRE,-5.0000399351119995,-5.043766705970033,0.7334568668406187,1.2065200805664062,-3.90411913394928,-4.973682541353557,0.7336243312589392,1.1569141149520874,-4.5234110951423645,-4.757688508098932,0.7339773903647355,1.212273120880127,-4.49000746011734,-4.785592854872409,0.7339643875463073,1.2326183319091797
148,IoBT_GUNFIRE,9.999983310699463,10.013724849246486,0.9036825362282441,1.3699581623077393,9.920545220375061,9.45456309062319,0.904236434756618,1.3694446086883545,10.762406587600708,10.65191293537474,0.9043804563832891,1.3728549480438232,10.467045307159424,10.322343056961413,0.9044894454272849,1.375964879989624
149,IoBT_GUNFIRE,4.999975860118866,5.047530854683654,0.6249198904350599,1.4093033075332642,5.711548924446106,4.913952964876011,0.625157017118686,1.4073479175567627,5.40374755859375,5.2878158563556426,0.6253787906612357,1.4188705682754517,5.4786717891693115,5.314997505733289,0.6252992424313464,1.4203367233276367
150,IoBT_GUNFIRE,15.000338554382324,14.855621671947103,0.8158193952293648,1.9822111129760742,14.317389726638794,14.782322746472389,0.8160167762545234,1.9932928085327148,15.25448203086853,15.053692213454141,0.8161973358677604,1.9948208332061768,15.071359872817993,14.916570272466586,0.8161855558672536,1.9964499473571777
151,IoBT_GUNFIRE,10.000004768371582,10.006946207587283,0.9505505999793022,2.6401469707489014,9.517030119895935,9.003138856473143,0.9505458625783492,2.6577529907226562,10.13763427734375,9.911687579672236,0.9505420590626843,2.662400722503662,10.276049375534058,10.012642920520927,0.9505364153855866,2.665601968765259
152,IoBT_GUNFIRE,14.999966621398926,15.016839135356806,0.9337626979923893,2.557241678237915,12.931517362594604,13.266346874500814,0.9338231388785545,2.574925422668457,13.018407821655273,12.797149435890987,0.933858178400673,2.593035936355591,14.64087963104248,14.557853043692363,0.9338751928541458,2.589005470275879
153,IoBT_GUNFIRE,10.000009536743164,9.9385255269537,0.7933749314012557,1.577955722808838,9.994250535964966,9.623801970496245,0.7936368680165544,1.6004011631011963,10.697213411331177,10.388713058669454,0.7936647760844399,1.6054795980453491,9.395571947097778,9.007426322550328,0.79378588353413,1.6394164562225342
154,IoBT_GUNFIRE,-10.002933740615845,-9.962358415439088,0.5162262568014891,1.0883572101593018,-9.10717487335205,-10.192805122624367,0.5163142395414606,1.090517520904541,-9.646771550178528,-10.008719750184605,0.5163250000815024,1.091633915901184,-9.632787108421326,-10.08048453029533,0.5163932379703541,1.0925593376159668
155,IoBT_GUNFIRE,4.999984800815582,5.01380292205083,0.7672370339467888,1.236703634262085,5.795448422431946,5.0346191838636685,0.767737667818637,1.246080756187439,5.370919108390808,5.186010216397302,0.7680113948668105,1.24961519241333,5.238620042800903,5.0140781087432815,0.7680679585265829,1.252566933631897
156,IoBT_GUNFIRE,4.141753038311435e-06,-0.05256111181499448,0.7030074526939125,1.142339825630188,1.1051243543624878,0.10976521372247831,0.7033198536662245,1.1568868160247803,0.5448047816753387,0.259983460141297,0.7034018512730045,1.1557104587554932,0.6195299327373505,0.27333820940584447,0.7035757278634166,1.1582924127578735
157,IoBT_GUNFIRE,6.730346626682149e-06,0.026601561519430553,0.7498937351908409,1.187102198600769,1.384880244731903,0.531526961872704,0.750062017772141,1.1980454921722412,0.7715844362974167,0.6605212573784652,0.7501534830052132,1.2016714811325073,0.8308342099189758,0.682556465666383,0.7502160934382865,1.2046037912368774
158,IoBT_GUNFIRE,9.999960064888,10.08965451543068,0.972230194702752,1.6453008651733398,9.650657773017883,9.15698475119495,0.9724143039863086,1.6631555557250977,10.265802145004272,10.179890430267202,0.9724932243349584,1.6720356941223145,10.750311613082886,10.623368792188613,0.9724570149148343,1.6741735935211182
159,IoBT_GUNFIRE,9.836657000050764e-06,-0.17713906722395564,0.8547820702545426,1.2957215309143066,0.9607726335525513,-0.3704851666459843,0.8546728032452715,1.2891132831573486,0.3298972547054291,-0.37616080659313456,0.8545692175975788,1.2930471897125244,0.3924393653869629,-0.4138758903229484,0.8545981196116548,1.2928478717803955
160,IoBT_GUNFIRE,4.999997615814209,4.984137917175099,0.6043419640625363,1.2840903997421265,5.952558517456055,5.078755862504747,0.6043152915539464,1.2763737440109253,5.53338885307312,5.216503305580392,0.60431047713299,1.2792960405349731,5.64531147480011,5.268247907424871,0.6042602099310334,1.2781226634979248
161,IoBT_GUNFIRE,-9.999992847442627,-10.139679754674603,0.6939557656146688,1.136610984802246,-9.135921597480774,-10.295769133461391,0.6939450935699509,1.1341609954833984,-9.61870014667511,-9.96355400724189,0.6939537536103189,1.1373778581619263,-9.550806283950806,-9.956629989893731,0.6939064430129358,1.1375066041946411
162,IoBT_GUNFIRE,5.00364363193512,-8.358461690779906,0.7449562927994655,1.1042691469192505,5.294764041900635,-8.726829376342565,0.7452338826984535,1.105770468711853,5.178464651107788,-8.654747886786126,0.7453813053900643,1.1075608730316162,5.150398015975952,-8.65702232562096,0.745343796230262,1.1079729795455933
163,IoBT_GUNFIRE,-4.99995082616806,-5.382466677762112,0.7244295444206607,1.103790044784546,-3.9121082425117493,-5.262391682525733,0.7248446169936664,1.104559063911438,-4.566627740859985,-5.148577273858765,0.725079812865514,1.1077535152435303,-4.502023160457611,-5.078779904149757,0.7251594947712289,1.108768343925476
164,EXISTING_PROXY,-9.999986290931702,-9.973825867458595,0.6544561174527055,1.0280787944793701,-10.396817922592163,-11.308817313489552,0.6547078302956718,1.0390299558639526,-9.289620518684387,-9.478943713914955,0.6546940225846106,1.0289183855056763,-9.369441270828247,-9.6232207081003,0.6545572877174807,1.0291199684143066
165,EXISTING_PROXY,9.999626874923706,10.09808613883328,0.9393311561554413,1.5121102333068848,10.426013469696045,10.031999308345267,0.9393829699129076,1.5379760265350342,10.257518291473389,10.126078729790233,0.9392575965305681,1.5448439121246338,10.331118106842041,10.151924275332751,0.9393014429333206,1.5503640174865723
166,EXISTING_PROXY,10.000001192092896,10.008699558174746,0.8931838666212787,2.170743703842163,10.56797981262207,10.191685991693335,0.8932477664069955,2.2032153606414795,10.252182483673096,10.028994097311383,0.8932311858070179,2.1977171897888184,10.6681489944458,10.408908825634402,0.8931139590042173,2.200606107711792
167,IoBT_GUNFIRE,1.2425247177816345e-05,0.1889804177503865,0.6359713141213122,1.1805357933044434,1.2647141516208649,0.3407532115406664,0.6362924684727639,1.1881303787231445,0.6552807241678238,0.5479940903311812,0.6363984538228832,1.1901235580444336,0.7928945124149323,0.607199637455865,0.6362902792862207,1.1912665367126465
168,IoBT_GUNFIRE,15.000041723251343,15.007448803966117,0.9654595934425141,1.6179332733154297,12.714011669158936,13.433663580518019,0.9653389060282821,1.6236622333526611,14.526995420455933,14.438508491434598,0.9654894013084865,1.6319464445114136,13.556627035140991,13.430386692770693,0.9654820023995883,1.6385948657989502
169,IoBT_GUNFIRE,5.000000596046448,4.97728344526411,0.8472158110780202,1.3374074697494507,5.345200896263123,4.31511331014365,0.8472428050092049,1.3390740156173706,5.106503963470459,4.6104446161987935,0.8472542977310368,1.3470662832260132,5.258267521858215,4.682762438282405,0.8472354946529752,1.3470582962036133
170,IoBT_GUNFIRE,0.00017291482436121441,0.004727000259428573,0.8357706808578955,1.4968301057815552,1.0606802254915237,0.13355860540318076,0.8359679146506728,1.5119972229003906,0.41570376604795456,0.2233481824762958,0.8360556510500382,1.5150706768035889,0.5079848691821098,0.26571116882786133,0.83607108905219,1.5178265571594238
171,IoBT_GUNFIRE,-10.000005960464478,-10.742098979089237,0.7763748450575204,1.0842539072036743,-9.119161367416382,-10.825428416933585,0.7764040466216822,1.0834894180297852,-9.906820058822632,-10.667209444229602,0.7764058877555075,1.0872083902359009,-9.66569185256958,-10.611044672461505,0.7764161679701373,1.0859613418579102
172,IoBT_GUNFIRE,-5.0000035762786865,-5.071654533272031,0.706362840400091,1.0522310733795166,-3.6536088585853577,-4.779733431795014,0.7066653760806877,1.0550116300582886,-4.341389834880829,-4.645750747484758,0.7067655603615608,1.0546321868896484,-4.274762272834778,-4.648082232015913,0.7067889983370959,1.0560709238052368
173,IoBT_GUNFIRE,-4.999991059303284,-5.2600179112488,0.7187452566385781,1.0913565158843994,-3.879266381263733,-5.2393604522400805,0.7188854470726707,1.0949318408966064,-4.608078896999359,-5.167723755127592,0.7189361985186633,1.097427248954773,-4.4741490483284,-5.061665086977248,0.719056343268016,1.097676396369934
174,IoBT_GUNFIRE,-4.9999189376831055,-5.340028154720247,0.8285573790075424,1.7943553924560547,-3.5731077194213867,-5.2430381739440355,0.8286268888710842,1.8173595666885376,-4.163631796836853,-5.149469594976702,0.8285236005601726,1.8209545612335205,-4.03186559677124,-5.137303544540602,0.8285096459928879,1.8236688375473022
175,IoBT_GUNFIRE,0.0021242006914690137,-13.16189400488046,0.4468492396942126,1.0236254930496216,0.885246992111206,-13.135614948813242,0.44697043039489887,1.0236687660217285,0.24513546377420425,-13.111393482959075,0.4470443952408289,1.023624300956726,0.2330862358212471,-13.158065581359931,0.44713404120572514,1.0237289667129517
176,IoBT_GUNFIRE,20.000157356262207,19.9986509001887,0.9688548685321774,2.9799702167510986,10.376317501068115,9.986535117560935,0.9689401930729444,2.991734027862549,7.810883522033691,7.5989922730207295,0.9689689983385116,3.010021924972534,9.804556965827942,9.556491341506625,0.9689573770011854,2.999713182449341
177,IoBT_GUNFIRE,9.99999463558197,10.045211763302241,0.8833946853783508,1.4642279148101807,8.673031330108643,8.052894035824313,0.8834173259852642,1.4788662195205688,10.52713394165039,10.279684019136477,0.8833767184089245,1.482694387435913,10.663334131240845,10.3770707093837,0.8833365971635281,1.4849741458892822
178,IoBT_GUNFIRE,14.999884366989136,15.01786219422359,0.9669980152387516,2.0413739681243896,7.043968439102173,6.334242535727846,0.9670196977902673,2.0744364261627197,13.093360662460327,12.907429050342076,0.9670192429061669,2.0546510219573975,7.298021912574768,6.999052496029639,0.9670007403136651,2.079479932785034
179,IoBT_GUNFIRE,5.000010132789612,4.9713741338003645,0.9268627783314645,1.3221158981323242,5.9208619594573975,4.973323210668334,0.9270462292082119,1.3215019702911377,5.65663754940033,5.153638710200977,0.9271742669004457,1.32485032081604,5.773287415504456,5.190598072708637,0.9272313761726088,1.3248265981674194
180,IoBT_GUNFIRE,5.000014305114746,4.970379104563058,0.8753561088308481,1.1054255962371826,5.799403190612793,4.881517422280222,0.8755545067226355,1.1094017028808594,5.147022604942322,4.820166163976288,0.8755001037869481,1.1149322986602783,5.642436146736145,5.245630931160151,0.8755240088057967,1.1121463775634766
181,IoBT_GUNFIRE,5.000042915344238,4.967128924780818,0.9039510426184342,1.5497968196868896,6.353752017021179,5.591351035145259,0.9046763905054859,1.566679835319519,5.8518171310424805,5.673925377831456,0.9050517512159111,1.5745993852615356,5.854399800300598,5.629970341648335,0.9052049548226637,1.5791010856628418
182,EXISTING_PROXY,-3.882896919549239e-06,0.043346446078986384,0.835805808925736,1.1366403102874756,1.422782689332962,0.5582206854925371,0.8359857664218333,1.139808177947998,0.7066425681114197,0.4913212945887338,0.8361753961212246,1.1389604806900024,0.8332852274179459,0.5420764748642823,0.8361920172869617,1.1390103101730347
183,IoBT_GUNFIRE,19.99990940093994,19.99062004299153,0.9916075134002194,2.086864948272705,14.026293754577637,14.93090002348945,0.991589629261332,2.0972137451171875,17.774267196655273,17.80090579863397,0.9915783217469302,2.11091685295105,11.344296932220459,11.071994939711637,0.9915584034526788,2.1353089809417725
184,EXISTING_PROXY,15.00005841255188,14.975126808003541,0.9696564790272967,1.9558072090148926,14.228103160858154,14.906464466951107,0.9696411190667785,1.9591315984725952,14.966363906860352,14.831112097481135,0.9697261535415412,1.9633002281188965,14.927949905395508,14.786112126587208,0.9697006773214732,1.9649667739868164
185,IoBT_GUNFIRE,-10.000009536743164,-10.082226188149832,0.507381443631243,1.033385157585144,-8.477502465248108,-9.556327624336962,0.5077699621194178,1.0343844890594482,-9.10080373287201,-9.318639885777287,0.5081046722081316,1.0345935821533203,-9.061191082000732,-9.341651061194966,0.5081307424173996,1.035772442817688
186,IoBT_GUNFIRE,10.000005960464478,9.960645770310594,0.9238134194005553,1.278968334197998,8.408883213996887,7.735078253201625,0.9237887442889968,2.1366779804229736,8.849528431892395,8.465395921952926,0.9237976893380874,2.147852659225464,6.7048585414886475,6.226623313612908,0.9238046111717139,2.1697967052459717
187,IoBT_GUNFIRE,10.000032186508179,10.003630220655108,0.8728543584087328,1.617703914642334,8.78064513206482,8.168919546259536,0.8728765356416353,1.637467384338379,10.143289566040039,9.852267266711234,0.8728711471993826,1.633126974105835,9.602994322776794,9.25019981212155,0.8729145847198043,1.6390178203582764
188,IoBT_GUNFIRE,4.999943375587463,4.965115484127537,0.8111332617077975,1.2430310249328613,4.066717624664307,3.183042734812449,0.8116075559498658,1.2601203918457031,4.502765238285065,4.107505775231825,0.8118426920250597,1.2599124908447266,4.767197966575623,4.307316656524012,0.8119194000062135,1.262695074081421
189,IoBT_GUNFIRE,4.918306331092026e-05,0.006133868445617449,0.8549376926150012,1.3422226905822754,0.754343718290329,-0.15193064386495214,0.855081397747647,1.3438043594360352,0.33614903688430786,0.20618235107891822,0.8552883261799094,1.346494436264038,0.40897659957408905,0.22708886745241957,0.8553703705304714,1.3476001024246216
190,IoBT_GUNFIRE,14.999761581420898,14.945980555557234,0.9705898004366684,2.0023605823516846,13.09711217880249,14.062494253696807,0.9706235623826012,2.0255014896392822,14.681973457336426,14.715767342450665,0.9706044299587799,2.0311617851257324,14.487816095352173,14.631684428007528,0.9705767529748237,2.033787727355957
191,IoBT_GUNFIRE,9.999977946281433,10.00065052430832,0.9180771104980067,2.510371208190918,9.862450361251831,9.389534083328284,0.9182406784004306,2.521125078201294,10.107187032699585,9.9335540958103,0.9182249151976811,2.523625612258911,9.434452056884766,9.205534568862939,0.9182726777017094,2.5256102085113525
192,IoBT_GUNFIRE,9.999977946281433,10.02290402710517,0.9129647840420984,1.7380561828613281,4.928695559501648,3.9252450003275636,0.9130259826975567,1.9296467304229736,5.313418507575989,4.919719779704728,0.9132407222818216,1.8940181732177734,9.856722354888916,9.478611963170685,0.9131779595675731,1.7649974822998047
193,IoBT_GUNFIRE,5.000046491622925,4.949383319779088,0.8184300629777568,1.3052995204925537,5.010625123977661,4.078605100361018,0.8186453432209471,1.311414122581482,4.249040186405182,3.941494251757635,0.8187497821879073,1.3255927562713623,5.455781817436218,5.115040725035074,0.8187662508116258,1.3154714107513428
194,EXISTING_PROXY,9.99998688697815,9.966242724423498,0.8610459928225609,1.9171524047851562,10.292826890945435,9.887446447168214,0.8609349511637322,1.9197169542312622,9.626702070236206,9.434438301589006,0.8607974209126629,1.9302263259887695,7.889324426651001,7.648659112468686,0.8607901797804136,1.9435118436813354
195,EXISTING_PROXY,-9.999998807907104,-9.955552793332068,0.21239848711748138,1.0598180294036865,-9.061354994773865,-10.203405342835365,0.2120331709040237,1.061877727508545,-9.838082194328308,-10.1990194396452,0.21218422456328162,1.0639550685882568,-9.578629732131958,-10.020771999069636,0.2120001980315761,1.0627901554107666
196,EXISTING_PROXY,5.000033974647522,5.022080794642026,0.8382491725537952,1.1607141494750977,5.673355460166931,4.875116327651786,0.8383777382593568,1.1585867404937744,5.1670753955841064,5.053430994348565,0.8384020271411324,1.1606695652008057,4.163405895233154,4.022396870801568,0.8384334201218978,1.1618900299072266
197,IoBT_GUNFIRE,10.000245571136475,9.981812862461544,0.8472551341546365,2.1883323192596436,10.559362173080444,10.15678902279369,0.8474445296385841,2.1976864337921143,10.344012975692749,10.026979823297694,0.847448295180737,2.1957006454467773,10.395572185516357,10.044262476440657,0.8474879599243901,2.1965832710266113
198,EXISTING_PROXY,5.000161528587341,4.925274268166358,0.6975699758625117,1.3551197052001953,5.7190728187561035,4.866321551725431,0.6974788776063471,1.3606923818588257,5.158956050872803,4.760248762540645,0.6972380350242575,1.3558363914489746,5.263224840164185,4.8037295307774155,0.6973943851327693,1.356671690940857
199,IoBT_GUNFIRE,4.999930560588837,4.983676350378004,0.7928421717255655,1.3916313648223877,5.723777413368225,4.971999674065323,0.7933081298561037,1.397797703742981,5.2313995361328125,4.897411950080696,0.7934782964303309,1.3963367938995361,5.266138911247253,4.870347021841561,0.7935848191184441,1.397190809249878
200,IoBT_GUNFIRE,14.999884366989136,14.992555616548449,0.9609870164324766,1.8120636940002441,14.193041324615479,14.878924402492235,0.961004422847271,1.8211472034454346,15.102661848068237,14.98688328382006,0.9610040504742848,1.835313081741333,14.965016841888428,14.87759006090382,0.961028545230805,1.8396302461624146
201,IoBT_GUNFIRE,4.9999940395355225,5.020569850124166,0.7074510868740109,1.4206382036209106,6.107763648033142,5.368650510977737,0.7078009899228274,1.422131061553955,5.682610869407654,5.574146399730218,0.7078817091061855,1.426363229751587,5.773853659629822,5.638548706994021,0.7080126185511542,1.4283390045166016
202,EXISTING_PROXY,20.000030994415283,19.997435802993532,0.9854453722500867,3.3356306552886963,14.540477991104126,15.220929846163006,0.9856230320607104,3.370713710784912,8.576644659042358,8.3111205520629,0.9856874117385197,3.3748724460601807,12.077341079711914,11.829098894653207,0.9856863751059527,3.37375807762146
203,EXISTING_PROXY,-9.999991655349731,-9.759797236910465,0.639193887623077,1.0203365087509155,-8.828089237213135,-9.710264639229727,0.6395874460251265,1.0207902193069458,-9.469728469848633,-9.57300108907991,0.6396134376109489,1.0205541849136353,-9.466072916984558,-9.586351121629773,0.639928522358264,1.0208141803741455
204,IoBT_GUNFIRE,-4.9999964237213135,-4.999870751109398,0.9990050354669384,2.430941581726074,-4.164605736732483,-5.090485070252012,0.9989689165055403,2.437488555908203,-4.616234302520752,-4.793661487699637,0.9989651144259508,2.440216064453125,-4.5451295375823975,-4.772753464520377,0.9989473366257059,2.4394009113311768
205,IoBT_GUNFIRE,4.999956488609314,5.020564821669115,0.7169781155908364,1.356370449066162,5.713496804237366,4.863277782351824,0.7169863537936338,1.352089285850525,4.398832023143768,4.137966990982908,0.7170419690125683,1.3743690252304077,2.527303099632263,2.2623247878010377,0.7170216877562662,1.4000710248947144
206,EXISTING_PROXY,10.000137090682983,10.011388634190633,0.919041753264467,1.3652724027633667,10.175706148147583,9.75414791856659,0.9189884294488918,1.365967035293579,10.148202180862427,9.997370316248912,0.9189137607572495,1.3754782676696777,10.141888856887817,9.950025789255163,0.9189496638671888,1.3774957656860352
207,EXISTING_PROXY,14.999923706054688,15.001619775995415,0.9938289666663649,3.188074827194214,13.132380247116089,13.497205417415174,0.993809435487066,3.191009998321533,15.745222568511963,15.628318216735732,0.9937807942686867,3.2135438919067383,14.548324346542358,14.39313497514708,0.9937692389588617,3.21889066696167
208,EXISTING_PROXY,-4.999980032444,-4.622725546342345,0.38159048840787174,1.0296381711959839,-4.655598402023315,-5.448451590923224,0.38140388061550023,1.032468557357788,-4.523079693317413,-4.581112963811172,0.3815718007154299,1.0304887294769287,-4.75689023733139,-4.901924836806175,0.38126287392692776,1.031679391860962
209,IoBT_GUNFIRE,4.999976456165314,4.998653486405596,0.983233554981705,2.2269949913024902,4.09875750541687,3.2554244333342623,0.9832584485218177,2.244666814804077,4.91950124502182,4.665853570678687,0.983255178596681,2.23301100730896,4.661274254322052,4.4133320576677795,0.9832607815882152,2.2381796836853027
210,IoBT_GUNFIRE,-5.000019073486328,-5.028785110164128,0.6005805309576955,1.0369199514389038,-3.580777943134308,-4.546561182331031,0.6010598210210147,1.0388332605361938,-4.246112704277039,-4.434747628023359,0.601165994858349,1.039302110671997,-4.069502651691437,-4.31002918311626,0.6012469434595407,1.0394848585128784
211,IoBT_GUNFIRE,-9.999849200248718,-10.038878691105905,0.7759952522379016,1.108534336090088,-8.760286569595337,-9.782685496770942,0.7763854917989229,1.108323335647583,-9.319419860839844,-9.48247187945062,0.776654315484367,1.1101930141448975,-9.231688976287842,-9.445899280506488,0.7766534626555526,1.1106655597686768
212,IoBT_GUNFIRE,-1.9414519556448795e-05,-0.15593599526011617,0.7570174473685273,1.1221129894256592,1.331617683172226,0.21257446331259328,0.7572596835775942,1.126559853553772,0.6973469257354736,0.3357301154058673,0.7573253921624113,1.1319059133529663,0.8404051512479782,0.42313580722734856,0.7573759144558047,1.132866382598877
213,IoBT_GUNFIRE,5.000057816505432,4.955527216769231,0.8694816154279545,1.335295557975769,5.804926156997681,4.907985261177884,0.8696300034506176,1.3498172760009766,5.508826375007629,5.186217129161507,0.8696913630760742,1.3521513938903809,5.394788384437561,5.00840353726443,0.8696932712510774,1.3572455644607544
214,IoBT_GUNFIRE,-4.999761879444122,-4.837916419641011,0.6753889051417997,1.1516711711883545,-4.13551539182663,-5.163798526521797,0.6755949775981716,1.1468037366867065,-4.693059325218201,-5.0800634247655685,0.675840937754927,1.1534384489059448,-4.664379358291626,-5.155694174401822,0.6758648521459345,1.1540534496307373
215,IoBT_GUNFIRE,0.00013408724953478668,0.014755118439731279,0.9286944367164406,1.1718230247497559,0.8684410899877548,-0.043264469646667705,0.9292455522664874,1.1790131330490112,0.5215615034103394,0.3439198698239155,0.9293996631576518,1.1792998313903809,0.5697718262672424,0.3445973110532347,0.9295434503070785,1.1812037229537964
216,IoBT_GUNFIRE,14.999940395355225,15.042998556599937,0.8779394874295636,1.9350935220718384,13.484249114990234,14.609121315883929,0.8780332709139097,1.9513221979141235,10.269608497619629,9.8812180636148,0.8779319584176337,2.0095343589782715,11.275759935379028,10.94139489118491,0.8780061429355699,1.9935939311981201
217,IoBT_GUNFIRE,4.999971687793732,5.135824098532149,0.8010461324242772,1.3651645183563232,5.987304449081421,5.273616159227435,0.8012483544881451,1.3741891384124756,5.490921139717102,5.4365418629077205,0.8013607808516183,1.3829562664031982,5.518904328346252,5.410629373055605,0.8014487523676542,1.3863743543624878
218,IoBT_GUNFIRE,-4.999996721744537,-5.214970850358314,0.721448532730513,1.0749504566192627,-3.8439571857452393,-5.195996055167546,0.7215015131520323,1.0856132507324219,-4.703891575336456,-5.353804311686561,0.7213645510991629,1.0866600275039673,-4.6188777685165405,-5.344743866696957,0.72135935368385,1.0869882106781006
219,EXISTING_PROXY,-0.0003486979767330922,-0.1629057879204322,0.5385269876073094,1.1409790515899658,0.8166103810071945,-0.3558177562138486,0.5384768411735553,1.144826889038086,0.40771834552288055,-0.18874709697645517,0.5384896117238112,1.1455885171890259,0.44394340366125107,-0.23856254425125553,0.5385259635316224,1.146545648574829
220,IoBT_GUNFIRE,0.00014340589586936403,-0.12025621864845472,0.6040663528410607,1.156454086303711,0.8006609231233597,-0.43173626955019595,0.6041408161936372,1.1574642658233643,0.36358699202537537,-0.21324093363339708,0.6041057394841085,1.1584547758102417,0.4347832500934601,-0.2287916835937271,0.6040744862121998,1.15871000289917
221,IoBT_GUNFIRE,10.000001192092896,9.993011190344873,0.9201495375727283,1.3344448804855347,10.379860401153564,10.045413272601554,0.920165140185911,1.3167941570281982,10.555733442306519,10.273867936811957,0.9202218625900233,1.3177268505096436,10.608032941818237,10.28992293699703,0.9202188628566834,1.3153467178344727
222,EXISTING_PROXY,14.999997615814209,15.001751402624118,0.9819452571776275,2.011549711227417,13.606661558151245,14.094261622630116,0.9819353824989427,1.9980440139770508,13.659032583236694,13.500720283471082,0.9819240283824137,2.03051495552063,14.869465827941895,14.726281261382335,0.9819328931870309,2.0341200828552246
223,IoBT_GUNFIRE,2.6403606625535758e-05,0.01163023951106658,0.824391115934865,1.432551622390747,1.0794474184513092,0.08825838454044367,0.8245245572741227,1.4261553287506104,0.6027868017554283,0.40148475494565783,0.8245866468190048,1.445427656173706,0.7074489444494247,0.45192554379618044,0.8245560634398353,1.4472482204437256
224,EXISTING_PROXY,9.999841451644897,10.063406954074365,0.944273135954951,2.7272145748138428,10.887609720230103,10.618967970768967,0.9443610974094964,2.7381551265716553,10.996769666671753,10.805697265081509,0.9443009366131005,2.7714853286743164,11.208330392837524,10.974016239795576,0.9443655756584842,2.7757415771484375
225,IoBT_GUNFIRE,9.999939799308777,10.001310574152457,0.9441390503189477,1.9269678592681885,10.199369192123413,9.795714745000014,0.9441473217682987,1.9298908710479736,8.994494676589966,8.742397369934276,0.9441944035886134,1.9509128332138062,10.42854905128479,10.149800451408499,0.9441966309952567,1.945850133895874
226,EXISTING_PROXY,4.999963641166687,5.0311450718686626,0.9703146840098356,1.4383940696716309,6.162849068641663,5.255272417988364,0.9704310560632347,1.439990758895874,5.695420503616333,5.305222377403952,0.9704467556057471,1.4501689672470093,5.437861084938049,4.96605312042403,0.970461324924721,1.4707214832305908
227,IoBT_GUNFIRE,-10.000104904174805,-9.891561555066076,0.6207238361148429,1.0894299745559692,-8.927849531173706,-9.736411719846592,0.621325860707539,1.0894712209701538,-9.64391827583313,-9.673353323904273,0.6216360158864292,1.0912035703659058,-9.570808410644531,-9.636747005984166,0.6216913659441741,1.091448426246643
228,IoBT_GUNFIRE,-2.5886045023071347e-05,0.018736279123403535,0.7212561680969785,1.3569692373275757,1.4999879896640778,0.577030472189446,0.7212511297814262,1.3654966354370117,0.8577106893062592,0.5845281993255451,0.7212018296308429,1.375400424003601,1.049981638789177,0.7079852295543019,0.7212002906156803,1.376960039138794
229,IoBT_GUNFIRE,15.000004768371582,14.999205272343094,0.9464034308248583,1.9533531665802002,8.549496531486511,7.896748140211816,0.9464167197567988,1.9756711721420288,11.101410388946533,10.785216731676817,0.9464187348843299,1.9784557819366455,9.021915197372437,8.58914043584704,0.9464720742715392,1.9863682985305786
230,EXISTING_PROXY,0.00016463163774460554,0.014987657309517607,0.9853700200198653,1.0445709228515625,-1.1923795193433762,-2.2736547714644275,0.9853414811008245,1.0604480504989624,-1.1605869233608246,-1.6210099565836296,0.9853529483681671,1.060375690460205,-1.3087883591651917,-1.8369419372562081,0.9853329882254916,1.0469906330108643
231,IoBT_GUNFIRE,5.000032186508179,5.000162138785363,0.8761328702359206,1.3491204977035522,5.997471809387207,5.209104103917786,0.8763865412291971,1.3596587181091309,5.463120937347412,5.36694037136839,0.8764432238630104,1.3730907440185547,5.586727857589722,5.4480901834023046,0.8765119622496098,1.3767940998077393
232,EXISTING_PROXY,-1.7861354990600375e-05,0.08164837968627661,0.9762979022124795,1.178017020225525,-13.153351545333862,-14.350227412052314,0.9762813095764971,1.2578446865081787,-9.606674313545227,-10.00420638166289,0.9762602338634241,1.1965932846069336,-17.58131980895996,-18.078859353812394,0.9762657159277986,1.2723126411437988
233,IoBT_GUNFIRE,9.999833106994629,9.982563362922605,0.9300314602639917,1.381345510482788,8.048765659332275,7.368200702516949,0.9303663518329057,1.3893548250198364,3.7725448608398438,3.577539673572315,0.9304146569737956,1.4198174476623535,4.244615137577057,3.996499799791547,0.930462026335812,1.4162904024124146
234,IoBT_GUNFIRE,14.999891519546509,14.98775063532616,0.9479914468597354,2.585819959640503,12.915799617767334,13.282635537191306,0.9480565747729097,2.5708725452423096,11.617584228515625,11.402088101981393,0.9481127105813528,2.605405807495117,11.617887020111084,11.367043390772729,0.9480976384184286,2.6065878868103027
235,IoBT_GUNFIRE,4.999999105930328,4.959507029004965,0.8091297279939272,1.708780288696289,5.886838436126709,5.101712196430137,0.8091600313827698,1.7113316059112549,5.444076657295227,5.120123340488827,0.8091873388907562,1.7191290855407715,5.524356961250305,5.144896556460711,0.8092043905974124,1.7213537693023682
236,IoBT_GUNFIRE,-10.000009536743164,-10.069161098470982,0.7074046008396808,1.0318782329559326,-8.517645001411438,-9.53976438711954,0.7075627240061811,1.0343475341796875,-9.108561277389526,-9.465010694037314,0.707557912983077,1.0337766408920288,-9.082086086273193,-9.522451745333909,0.707573371386612,1.0352215766906738
237,IoBT_GUNFIRE,-4.3229783841525204e-05,-0.026767203486459522,0.7824978439642282,1.217205286026001,0.815042182803154,-0.35690604344866217,0.782597080119395,1.2197668552398682,0.349983274936676,-0.1464599604363039,0.7827518234935579,1.2251646518707275,0.3873972222208977,-0.2085452877600521,0.7827241037256214,1.2275569438934326
238,EXISTING_PROXY,4.999974370002747,4.97436716383158,0.8759114986430304,1.6544153690338135,5.370422601699829,4.518427675038975,0.8759522636328938,1.6672217845916748,5.154204368591309,4.960299435045438,0.8759928711231434,1.6714818477630615,4.575394093990326,4.3322740387578715,0.8760204798007984,1.6822545528411865
239,IoBT_GUNFIRE,9.999988079071045,9.992689800642605,0.8411310966863162,1.4585280418395996,9.372409582138062,8.871422887209851,0.8412652365026227,1.4773837327957153,10.379394292831421,10.034705281270428,0.8413014825197975,1.4767532348632812,10.295202732086182,9.91064846842752,0.8412240364638242,1.4802212715148926
240,IoBT_GUNFIRE,20.00002384185791,19.99385065770184,0.9628879869798859,3.1920251846313477,14.95795488357544,16.07039306234476,0.9628793125246181,3.1963260173797607,18.725621700286865,18.757142300633692,0.9628887235833415,3.2058918476104736,19.46486234664917,19.68392937082487,0.962847463668848,3.2081997394561768
241,IoBT_GUNFIRE,4.99996691942215,4.987793075083789,0.7818961723037599,1.5252275466918945,6.0267674922943115,5.231934907099594,0.7821309452608435,1.5398142337799072,5.837953686714172,5.700008275149942,0.7822421816710323,1.5600566864013672,5.927993059158325,5.753939352208705,0.7821898976451858,1.5663142204284668
242,EXISTING_PROXY,0.0,105.94800850734329,0.9999999999999999,4.643888473510742,9.046720266342163,8.478181920125827,0.9999624316958367,4.457048416137695,12.603100538253784,12.445239522035031,0.9999289628340345,4.531458377838135,12.723397016525269,12.597641836223358,0.9999102134392874,4.455348491668701
243,EXISTING_PROXY,5.000004768371582,4.937365035690783,0.7809769788758744,1.1384406089782715,5.524014234542847,4.487954076455808,0.7809856127492846,1.1406724452972412,5.030621290206909,4.514866232093255,0.7811004542829768,1.1441476345062256,5.129906535148621,4.531952248112682,0.7808610248912373,1.1445448398590088
244,EXISTING_PROXY,9.999536275863647,10.03081184310587,0.9282830972969001,1.4099587202072144,2.522251009941101,1.6915875204680764,0.9283749957987995,1.5440387725830078,3.3923885226249695,3.0926983026890245,0.9284700767602164,1.5270776748657227,3.7462976574897766,3.359458632629844,0.9284236237285001,1.5139195919036865
245,IoBT_GUNFIRE,20.0,19.99336727290675,0.9691926988361447,2.806546688079834,15.515767335891724,16.775042620772552,0.9691247187782407,2.794114589691162,18.67146134376526,18.63922426594626,0.9691396338095253,2.819070816040039,18.290212154388428,18.28164026963263,0.9691232131947015,2.8185012340545654
246,IoBT_GUNFIRE,5.000016689300537,4.9845808024157705,0.7736088307986199,1.1816809177398682,5.8902716636657715,5.082158615264682,0.7739306324067166,1.1823477745056152,5.465307831764221,5.273082002081145,0.77371755423986,1.1877726316452026,5.4258012771606445,5.186728167052176,0.7738414906846293,1.1893796920776367
247,IoBT_GUNFIRE,-9.060098591362475e-06,0.05662579582878372,0.9008186074164276,1.3114423751831055,0.5195574089884758,-0.7182871180881046,0.9007618850749134,1.3195915222167969,0.25516005232930183,-0.33074718820923615,0.9008200920609514,1.3177475929260254,-0.44187597930431366,-1.141630797069689,0.9007786168141154,1.3328441381454468
248,IoBT_GUNFIRE,4.999976754188538,5.029580079648072,0.9376948148055817,2.093996524810791,5.715422034263611,4.808608483725237,0.9375960356745091,2.0998902320861816,5.365855693817139,4.9572390657906675,0.9376768378034706,2.10677170753479,5.430532097816467,4.949519607781564,0.9375768081589271,2.1088707447052
249,IoBT_GUNFIRE,5.002639889717102,0.9111402256515226,0.5004132188623649,2.256624221801758,5.5609846115112305,0.9380997125575729,0.5004406708013209,2.280500888824463,5.200347304344177,0.9666577708808364,0.5003874367178952,2.2781457901000977,5.300520658493042,1.0693922625954766,0.5000772355051888,2.2828116416931152
250,EXISTING_PROXY,19.999393224716187,19.748423986188598,0.9490735817216895,3.0524466037750244,17.058115005493164,20.066496561174716,0.9491040752548102,3.050386905670166,19.582513570785522,20.0905773115458,0.9490272294467735,3.0518908500671387,18.910505771636963,19.669001863745244,0.9490667078872411,3.0557687282562256
251,EXISTING_PROXY,0.0,0.014735116494855862,0.6740167712258373,1.037432312965393,0.14222288504242897,-0.9073068630106501,0.673848165751692,1.03745698928833,-0.4442148655653,-0.7329940963566712,0.6738070038438276,1.0390539169311523,-0.2401105873286724,-0.5958104136097169,0.6738015178511713,1.0384910106658936
252,EXISTING_PROXY,4.99996691942215,5.085620439824252,0.8731700407630787,1.4553889036178589,1.9337709248065948,1.0204225914303597,0.8730105823096759,1.473720669746399,4.167981147766113,4.032400704669222,0.8729806154613486,1.4702777862548828,4.80080783367157,4.6150581467323155,0.8729131232691606,1.4648616313934326
253,EXISTING_PROXY,14.999966621398926,15.00855238863608,0.8251010582050184,1.2230079174041748,13.228210210800171,13.93251611804136,0.8253269096282378,1.2273582220077515,14.570575952529907,14.418024389975411,0.8253542281813434,1.2317116260528564,13.260201215744019,13.050260012474311,0.8252808826333572,1.2370073795318604
254,IoBT_GUNFIRE,4.999986290931702,5.015407316985463,0.8798655389429855,1.245444416999817,2.92328804731369,2.0273981978010616,0.8806586196018744,1.2418513298034668,5.00480592250824,4.694111255318088,0.8809538071581174,1.2363797426223755,2.1087633073329926,1.8097948077836932,0.8811166981116816,1.2525230646133423
255,IoBT_GUNFIRE,4.999986886978149,4.963756928683902,0.8213334394357774,1.1258996725082397,5.840520858764648,4.920759438000035,0.8213531796332687,1.1273603439331055,5.5914294719696045,5.282740114556167,0.8215185566273531,1.1309221982955933,5.691184997558594,5.315759782728671,0.8216324583864544,1.1317254304885864
256,IoBT_GUNFIRE,15.000026226043701,14.993141234559085,0.8166008675632549,1.6489338874816895,13.525857925415039,14.457998326058888,0.8165860510614551,1.648625373840332,14.752123355865479,14.626120469720421,0.8166322150622136,1.6603734493255615,14.567517042160034,14.470367046217065,0.8165490310938879,1.6614218950271606
257,EXISTING_PROXY,10.00003457069397,9.986301410539964,0.873679003770098,1.3824756145477295,8.305875658988953,7.6157190401750094,0.8735755120563853,1.403507947921753,9.964284300804138,9.595158103571425,0.8735399311360724,1.3929386138916016,9.288005232810974,8.843616673558294,0.8735893030770528,1.3997111320495605
258,IoBT_GUNFIRE,-4.998400509357452,-5.172062396296577,0.141131293050497,1.4907327890396118,-3.7119537591934204,-4.802542070755885,0.1412159045267806,1.5146123170852661,-4.423381090164185,-4.853788769067874,0.14111205288442194,1.5213333368301392,-4.2451536655426025,-4.735059721350437,0.14111152273058364,1.5217382907867432
259,IoBT_GUNFIRE,9.999991655349731,9.998354481815497,0.821351552310832,1.6085240840911865,8.040371537208557,7.328497252988768,0.8213931449928182,1.627187728881836,10.242000818252563,9.955563031433728,0.8214516419394576,1.6272464990615845,6.748227477073669,6.354642482265382,0.8214488862674606,1.6600418090820312
260,IoBT_GUNFIRE,-1.3719584330829093e-05,-0.07380320081635752,0.8394527898921434,1.1484335660934448,1.3042230904102325,0.3168832602965007,0.8399057118363913,1.1492888927459717,0.8405791968107224,0.5951399402886872,0.8400613216481171,1.1523799896240234,0.9832439571619034,0.6914928562981264,0.8400657621394229,1.1532340049743652
261,IoBT_GUNFIRE,4.999976754188538,4.9987717423494065,0.9264299151462192,1.839398980140686,6.02538526058197,5.227542235796141,0.9265258181498242,1.8379210233688354,5.61435341835022,5.444960449066647,0.9265759517912086,1.8511602878570557,5.750589966773987,5.53365585036495,0.926611421900991,1.852874755859375
262,EXISTING_PROXY,14.999939203262329,14.98225192285965,0.9569108008226481,1.6531991958618164,12.803726196289062,13.506755686867928,0.9569862235260713,1.666308879852295,14.23570990562439,14.244823850300282,0.9569777961659186,1.6650049686431885,13.931143283843994,14.02865454868562,0.9569893375474572,1.6682424545288086
263,IoBT_GUNFIRE,-4.400616830935178e-06,0.007162540474281074,0.8558949209498183,1.1930325031280518,1.2301693856716156,0.33841450382340793,0.8561454327612923,1.1949485540390015,0.7038997858762741,0.5640258837147935,0.8564006178290965,1.1983449459075928,0.6914809346199036,0.5060896469437439,0.8564298298323101,1.2002650499343872
264,IoBT_GUNFIRE,5.000017881393433,4.9967701650632375,0.9515122355987677,1.6278488636016846,5.752015113830566,4.944183417073535,0.9514401362785291,1.6171624660491943,5.247912406921387,5.039936767315468,0.951482145418746,1.622720718383789,5.297110080718994,5.035188724726759,0.9514326390118154,1.621989130973816
265,IoBT_GUNFIRE,10.00003457069397,9.962057585221228,0.9537446213775129,2.9691123962402344,10.083317756652832,9.682426342865792,0.9537695220182829,2.9785687923431396,10.356087684631348,10.083390165926458,0.9537580400719601,2.979660987854004,10.374019145965576,10.063104849558869,0.9537181909665697,2.981576442718506
266,IoBT_GUNFIRE,-4.999968409538269,-4.983831699288329,0.7299818277398482,1.0508109331130981,-3.8096529245376587,-4.790169591912406,0.7302253115470815,1.048789620399475,-4.437907636165619,-4.733484720981783,0.7303526013689167,1.049656867980957,-4.39205139875412,-4.754040735530979,0.7304441546060082,1.049481987953186
267,IoBT_GUNFIRE,4.999805986881256,4.989752027966373,0.9944347924713892,2.7997283935546875,5.890178680419922,5.035121719547887,0.9944315008588871,2.8027400970458984,5.626277327537537,5.251863063703101,0.9944286943422899,2.8031203746795654,5.7708340883255005,5.326828151855175,0.9944222190657738,2.8034541606903076
268,IoBT_GUNFIRE,15.0014066696167,11.928664920740307,0.8863843251863525,1.7431573867797852,12.282942533493042,10.83098787662718,0.8865090174948282,1.7585992813110352,13.54000449180603,11.098082914556711,0.886501701637355,1.7755898237228394,11.994030475616455,9.32817143848584,0.8864997462704417,1.8052046298980713
269,IoBT_GUNFIRE,9.999990463256836,10.090548393579564,0.9544192839620187,1.1045958995819092,9.225072860717773,8.677704506557818,0.954457891935312,1.4691720008850098,9.451830983161926,9.147723404683495,0.9544645579660465,1.47129487991333,8.042960166931152,7.639378019196698,0.9544601964577887,1.4847263097763062
270,EXISTING_PROXY,-10.000307559967041,-10.186081914812862,0.20711647161977162,1.0931990146636963,-8.796581029891968,-10.148929970303623,0.20683208075896664,1.0943288803100586,-9.532805681228638,-10.031411718566412,0.2067070202203777,1.0949208736419678,-9.506431221961975,-10.092735429523334,0.20657880263085357,1.0881028175354004
271,IoBT_GUNFIRE,9.99998152256012,10.017487623853498,0.8516875964810834,1.3413705825805664,10.241912603378296,9.849578739913289,0.8517134533935408,1.3459906578063965,10.32999873161316,10.133109061389526,0.8516836407720811,1.3522852659225464,10.341523885726929,10.091549194272162,0.8516988884827937,1.353663682937622
272,IoBT_GUNFIRE,-7.35167714083218e-05,-0.049405652091305624,0.7012337842453311,1.1425710916519165,1.3107486069202423,0.3492301771407009,0.7009826375520195,1.1435470581054688,0.7196692377328873,0.4018272406783364,0.7009593556290061,1.1481174230575562,-0.7583954185247421,-1.1950235094142179,0.7009178884364009,1.1694916486740112
273,IoBT_GUNFIRE,1.2942964531248435e-05,0.017583439729252723,0.6686533864771088,1.1863185167312622,1.1062128096818924,-0.10104687223805825,0.6688157713489158,1.182748556137085,0.4228484258055687,-0.07844968757760212,0.6688860061343967,1.1849167346954346,0.5663364008069038,-0.03654054445695625,0.668897481774585,1.1845574378967285
274,EXISTING_PROXY,5.000006556510925,4.912930161921557,0.9077935275696566,1.2364672422409058,6.086606383323669,5.2106473479113244,0.9080818246277693,1.2551325559616089,5.333946943283081,4.907522888128946,0.9081954662117547,1.2660186290740967,4.387126863002777,3.8833969667741437,0.9082371131086603,1.288393497467041
275,IoBT_GUNFIRE,9.999879598617554,10.015672538619246,0.9432330259646956,1.7685203552246094,10.574318170547485,10.20692802122515,0.9433537667554712,1.7922241687774658,10.505293607711792,10.36855849394283,0.9433191255485408,1.8040006160736084,10.29802918434143,10.115319144226111,0.9434002725428094,1.8121026754379272
276,EXISTING_PROXY,-1.4755026995771914e-05,-0.14023435922285177,0.7741485416874138,1.1129127740859985,0.0484922481700778,-1.1565708713471745,0.7740367039432181,1.1149585247039795,-0.035447555128484964,-0.5577940841992373,0.7741592640347369,1.1172370910644531,-0.8234482258558273,-1.468487800830829,0.7741731636684713,1.1248164176940918
277,IoBT_GUNFIRE,1.2942964531248435e-05,-0.012734166061244424,0.6155787215884797,1.1138780117034912,0.6744075566530228,-0.43302853688723225,0.615584261636899,1.1144088506698608,0.3205123171210289,0.0024379401460463907,0.616136200908987,1.1157644987106323,0.31904391944408417,-0.06654073901132829,0.6159299983998747,1.1165904998779297
278,IoBT_GUNFIRE,5.000001788139343,4.8258261450014635,0.6643388229604082,1.1170293092727661,5.696930289268494,4.614424551234613,0.6644232116389474,1.1227502822875977,5.556809306144714,4.935066692703402,0.6644444732853592,1.1244326829910278,5.263234972953796,4.557538286119628,0.664368873710716,1.1295113563537598
279,IoBT_GUNFIRE,-6.212636662894511e-06,0.13475806222017572,0.6303445845356206,1.176796793937683,1.0788441449403763,0.14766559222790254,0.6306615475804689,1.1815359592437744,0.44898852705955505,0.32349853351782176,0.6307408220422989,1.1865589618682861,0.47937650233507156,0.28208291875111696,0.6309324547494798,1.188582420349121
280,EXISTING_PROXY,15.00001311302185,14.99899582615507,0.964976334616913,1.7122176885604858,12.571004629135132,13.019528072118709,0.9648537409969551,1.724743127822876,14.603793621063232,14.476734049208169,0.9648055189082869,1.7288355827331543,9.234281778335571,8.85057151604528,0.9649036002601453,1.7741100788116455
281,IoBT_GUNFIRE,-6.135017883934779e-05,0.1787002028485834,0.8266823434086548,1.2211077213287354,1.5343506634235382,0.7912972138245256,0.8272965308275051,1.2351535558700562,0.980718731880188,0.7997086959031925,0.8276862666655197,1.2318859100341797,1.0768575966358185,0.8200907532812808,0.8276915701646783,1.2348041534423828
282,IoBT_GUNFIRE,10.000066757202148,10.005693055512682,0.9666887011622384,1.9083436727523804,9.591236114501953,9.086687025309727,0.966750758256974,1.9028688669204712,7.008737325668335,6.762625519320635,0.9667915544522547,1.9059007167816162,6.9174253940582275,6.624926673742792,0.9667904699300315,1.9056179523468018
283,IoBT_GUNFIRE,-4.999993443489075,-5.027349837843077,0.5949346751605804,1.0904659032821655,-3.6382097005844116,-4.602556164604246,0.5950034743545959,1.0937919616699219,-4.313555061817169,-4.724488313023575,0.5948924745063898,1.092883586883545,-4.295336306095123,-4.775015390317211,0.5949715739158834,1.0951485633850098
284,IoBT_GUNFIRE,4.999995529651642,5.006480043895326,0.7636568496145127,1.3134945631027222,5.781719088554382,4.873680656751485,0.7636104840988229,1.3095847368240356,5.351794958114624,5.06039789894651,0.7635915497389857,1.3144447803497314,5.419856905937195,5.058211452359519,0.7636005877421043,1.52347993850708
285,IoBT_GUNFIRE,9.999552965164185,10.019479306882992,0.8826952403607653,1.4234910011291504,5.41329026222229,4.574266887826809,0.8827179633549292,1.4424779415130615,8.215667009353638,7.928134264308345,0.8826371467359042,1.4374337196350098,8.320637345314026,7.984757606937764,0.8826345088869221,1.4447615146636963
286,EXISTING_PROXY,-5.0001460313797,-5.041099443117382,0.5332696790317278,1.0772737264633179,-4.440181851387024,-5.642218364234386,0.5330427023901393,1.0780038833618164,-4.7076475620269775,-5.294882456557092,0.5329483017568263,1.0779153108596802,-4.872922301292419,-5.558381847302276,0.5329446542479723,1.0787301063537598
287,IoBT_GUNFIRE,19.999995231628418,19.999328537663374,0.9049431094704319,2.527596950531006,16.27165913581848,19.44053045962989,0.9049042606665724,2.5337417125701904,19.59980845451355,19.71457057570919,0.9048809540538375,2.537966251373291,19.35609221458435,19.617018403816246,0.9048907471416553,2.5383107662200928
288,IoBT_GUNFIRE,-0.0004028043622383848,0.1784131487987975,0.7155574011380805,1.1476043462753296,0.9857350587844849,0.24353930632409881,0.7159473378689302,1.1511991024017334,0.3926375135779381,0.2829486278282953,0.7161959633747138,1.1524845361709595,0.48488955944776535,0.3139324085298161,0.7161292197478252,1.1532725095748901
289,IoBT_GUNFIRE,-5.694917035725666e-06,0.07090288317084556,0.6975957966433475,1.379096508026123,0.21298086270689964,-0.5748876996755172,0.697665128131927,1.3843220472335815,0.36376457661390305,0.3205584046403267,0.6976338760900744,1.386559009552002,0.4559938609600067,0.3802442978288527,0.6975939168311447,1.3880220651626587
290,IoBT_GUNFIRE,-5.000026226043701,-5.076624555192741,0.595130430216174,1.0357048511505127,-3.82233589887619,-5.025347637137251,0.5954420556742186,1.0376605987548828,-4.26021546125412,-4.652564342999411,0.5957987124785378,1.036846399307251,-4.29168701171875,-4.750808992847765,0.5958265652016922,1.0379422903060913
291,IoBT_GUNFIRE,-4.400616830935178e-06,-0.022872956929347404,0.8551051034084526,1.374325156211853,0.8105596899986267,-0.2373311609029821,0.8550759192363794,1.377389907836914,0.41081152856349945,0.05206143080790869,0.8551269274028821,1.3782024383544922,0.46596989035606384,0.032788636558402334,0.855055795883854,1.379498839378357
292,IoBT_GUNFIRE,4.999999403953552,4.976581839413044,0.883285867251583,1.3367067575454712,6.0901689529418945,5.295445590829797,0.8836624269978034,1.345560908317566,5.597206354141235,5.344501622964049,0.883828776292161,1.3456782102584839,5.7059162855148315,5.399949132542003,0.8838947357833583,1.3473126888275146
293,IoBT_GUNFIRE,-3.080441047131899e-05,-0.03600971249635658,0.9171815974304437,1.6243681907653809,1.1181800067424774,0.15885330411292223,0.9170994457128617,1.6589107513427734,-0.06727466825395823,-0.3187831366279399,0.9171122441393246,1.6739965677261353,-0.6072542071342468,-1.0730254614741113,0.9170251212823556,1.6869254112243652
294,IoBT_GUNFIRE,5.000002384185791,5.135147132797961,0.7398345042003599,1.2348487377166748,5.46406090259552,4.6190659711870445,0.7398492795812951,1.236892819404602,5.2775490283966064,5.073080153335255,0.7397423988031085,1.2368525266647339,4.686349332332611,4.409640999395669,0.7397825812885943,1.2389403581619263
295,EXISTING_PROXY,9.99999225139618,9.990742840501767,0.8626814292869406,1.0909819602966309,10.293666124343872,9.892835980061804,0.8630199120646515,1.1001774072647095,10.32460331916809,10.184216888904412,0.8633391753002763,1.1131492853164673,10.355404615402222,10.16715512845493,0.863407982442618,1.1150116920471191
296,IoBT_GUNFIRE,9.99998927116394,10.012958210792526,0.8291509346809597,1.9673631191253662,9.89786684513092,9.601814457103133,0.8290540761554903,1.9711812734603882,7.839460968971252,7.27863121356834,0.829083038254818,2.02278208732605,8.867970705032349,8.310162618706599,0.8290200469566232,2.0023863315582275
297,EXISTING_PROXY,14.999979734420776,15.042036893927566,0.9729565839235073,1.5768775939941406,14.19485330581665,15.003661139908557,0.9729126594140389,1.590272068977356,15.03491759300232,14.9093329590401,0.972931050968573,1.6106932163238525,15.086255073547363,14.950258032145904,0.972919941061164,1.615973711013794
298,IoBT_GUNFIRE,-1.3719584330829093e-05,-0.02743649602578562,0.7631850811281764,1.0857877731323242,1.335996687412262,0.3415258377001541,0.7633785522860841,1.0887774229049683,0.6886021792888641,0.441364460912852,0.763481297723228,1.0911065340042114,0.8587163686752319,0.549948216517822,0.7634637114947767,1.0911991596221924
299,EXISTING_PROXY,-6.4714970449131215e-06,-0.19265279092507526,0.5989602416387596,1.0740025043487549,0.8360590040683746,-0.4996907386315379,0.5988166352271115,1.075194239616394,0.06684545427560806,-0.49832820697326863,0.5989874824373762,1.0760924816131592,-0.4242955893278122,-1.0774025376847842,0.5988378783905026,1.0793181657791138
300,IoBT_GUNFIRE,9.999988079071045,9.99511114117208,0.9036626560730331,1.6454687118530273,9.812521934509277,9.355227823848638,0.9038111209807378,1.6453948020935059,10.2103590965271,9.948090209364327,0.9039534539011661,1.653268575668335,10.201494693756104,9.892913824243175,0.9039505499454383,1.654212474822998
301,IoBT_GUNFIRE,10.00002145767212,10.008372862254804,0.9006289311008105,1.6876983642578125,10.372577905654907,10.000090103448018,0.9006601415185811,1.695014476776123,10.469523668289185,10.238005908681444,0.900643263737944,1.707281231880188,10.559722185134888,10.287493453553129,0.900590923710403,1.7092539072036743
302,IoBT_GUNFIRE,7.97280517872423e-05,0.05078938796962945,0.8556360888652897,1.1383700370788574,0.7489041984081268,-0.3016760569815808,0.8559043705368143,1.140349268913269,0.4531985893845558,0.23246130030129336,0.8560315544745006,1.1406091451644897,-0.09980344213545322,-0.32270840101045906,0.8560273408007308,1.1471682786941528
303,IoBT_GUNFIRE,-4.999883770942688,-5.507156299525385,0.8052319256691659,1.2317427396774292,-3.920266032218933,-5.5406866608253305,0.805305589098364,1.2244194746017456,-4.570991098880768,-5.464977398355421,0.8052330488566734,1.2269262075424194,-4.487212896347046,-5.46500082834978,0.805233462255917,1.2264184951782227
304,IoBT_GUNFIRE,4.99994695186615,4.9868587808629545,0.8713338123840597,1.2797852754592896,5.594896674156189,4.805775055490294,0.8717796597223276,1.2783805131912231,5.606855750083923,5.3735539475455685,0.8720318352201385,1.2824554443359375,5.7019490003585815,5.41403764214456,0.872042393665946,1.2827609777450562
305,IoBT_GUNFIRE,9.999858140945435,9.99996546494242,0.9259412365775135,3.171597480773926,10.2219557762146,9.790597547959932,0.925944076250835,3.200838804244995,9.298508763313293,9.021657811906438,0.9258960030965079,3.1925721168518066,10.390044450759888,10.08820494245118,0.9258942749109654,3.191570281982422
306,IoBT_GUNFIRE,15.000003576278687,14.99263865050864,0.9498247851281825,2.683732032775879,13.779141902923584,14.598532190544953,0.9497992796184217,2.6776421070098877,14.985511302947998,14.85492058726216,0.9498101936659133,2.6869194507598877,14.905848503112793,14.803178365116905,0.9497998125590578,2.6873459815979004
307,IoBT_GUNFIRE,-4.999995529651642,-4.986518329795974,0.8280766212036682,1.2839816808700562,-3.8672858476638794,-4.802103576489913,0.8286558039890736,1.298166275024414,-4.4305068254470825,-4.562281521046694,0.828852615513575,1.3029028177261353,-4.324911534786224,-4.489242239285489,0.8289823417528702,1.3062176704406738
308,EXISTING_PROXY,5.000011324882507,4.98224738161254,0.7525220337768473,1.2252342700958252,5.835590362548828,4.9745479664533825,0.7529063988494233,1.2352734804153442,5.206528306007385,4.97736540607143,0.7534199774368311,1.2417892217636108,5.473083853721619,5.183908933539145,0.7537238187205609,1.2426960468292236
309,EXISTING_PROXY,19.999961853027344,19.995281444229228,0.9691225858045337,3.3300492763519287,-0.586894154548645,-1.5664942909807542,0.9691037038345142,3.4835264682769775,13.409096002578735,13.256660907285085,0.9690382135867516,3.358386754989624,11.65313720703125,11.449033010985442,0.9690205243588361,3.3688628673553467
310,EXISTING_PROXY,1.4496117728413083e-05,0.11901070216897484,0.9179571336790477,1.1773228645324707,1.4141006767749786,0.5799036318425834,0.9183057697670817,1.1791414022445679,0.6862073391675949,0.5000792576282862,0.9184075528244805,1.1789628267288208,0.840589851140976,0.5873891472553104,0.9185007386785523,1.1794695854187012
311,IoBT_GUNFIRE,15.000011920928955,15.001620616548479,0.9735448468680581,2.552990198135376,13.95052433013916,14.447562287538533,0.9737157708409094,2.5461299419403076,9.683704376220703,9.523208418608927,0.9737218523080053,2.5848004817962646,13.63709807395935,13.47624684155592,0.9736701591951078,2.5711307525634766
312,IoBT_GUNFIRE,-5.177194140060237e-07,-0.20297594347264908,0.7485666658309013,1.114880919456482,0.860896110534668,-0.3200642909467879,0.7486832384376918,1.1154978275299072,0.41452556848526,-0.03813410951216409,0.7488134927086161,1.1194082498550415,0.5090624839067459,0.0023053497527203157,0.7489229853377578,1.1200636625289917
313,IoBT_GUNFIRE,10.000017881393433,10.005751008407643,0.8536259483350592,1.4974095821380615,8.786907196044922,8.201858567467744,0.853780444069782,1.480387568473816,2.843339443206787,2.7008551717794034,0.8538255925064027,1.4639453887939453,7.043284177780151,6.858668660660979,0.853869199925826,1.479910969734192
314,IoBT_GUNFIRE,1.656698827900982e-05,-0.008679395184975656,0.833101931968043,1.3826217651367188,1.341402679681778,0.4248040534657754,0.8336032648234426,1.3934333324432373,0.8890093117952347,0.7201032347569722,0.8340099744179333,1.4063068628311157,1.035468950867653,0.8193053841610853,0.8340684588997683,1.4095879793167114
315,IoBT_GUNFIRE,19.99994397163391,20.020012768649337,0.9714341874010078,2.5424609184265137,15.577706098556519,19.138310263526137,0.9714512021401263,2.5488648414611816,16.85887098312378,17.013936070552017,0.9714453798422207,2.5632882118225098,18.32330346107483,19.135005978295464,0.9714435200393988,2.564823865890503
316,IoBT_GUNFIRE,15.000003576278687,15.006209064762713,0.8602863988512723,1.5638298988342285,14.260708093643188,14.793918237609846,0.8603282105688347,1.5552372932434082,13.8187575340271,13.771690429578957,0.8603905450181316,1.558558464050293,15.31929612159729,15.244783296376685,0.860371132279858,1.5571703910827637
317,EXISTING_PROXY,9.999893307685852,10.024209664474284,0.6696114027708902,1.1480871438980103,3.6185935139656067,2.6512643268581675,0.6697310532360641,1.2399389743804932,8.773803114891052,8.539490735356761,0.6698822302147903,1.1602238416671753,9.613863825798035,9.327762641152612,0.6698820967202475,1.1557022333145142
318,EXISTING_PROXY,10.000026226043701,10.065925498790499,0.88146310206495,1.6154277324676514,9.853283166885376,9.379052638438672,0.8818851181771066,1.6385692358016968,9.561790823936462,9.42733063311314,0.8820211440996732,1.6381874084472656,9.565165638923645,9.37895827653124,0.8819534540545388,1.6418635845184326
319,EXISTING_PROXY,4.999922215938568,5.028926696353176,0.8265015581135994,1.1814593076705933,6.142887473106384,5.416014325827597,0.8266483274402194,1.178641676902771,5.516703128814697,5.295827980154942,0.8265789568475935,1.1839594841003418,5.468898415565491,5.1922488098981,0.8266694156440557,1.1846843957901
320,IoBT_GUNFIRE,4.999991953372955,4.979649458469649,0.6529562701438618,1.1967136859893799,5.793400406837463,5.01848619902008,0.6534513149259983,1.2522587776184082,5.294760465621948,5.033516766469362,0.6537594119700652,1.2547330856323242,5.361994504928589,5.059577055351277,0.6538557310693868,1.2579853534698486
321,IoBT_GUNFIRE,-5.0000011920928955,-4.836479412258648,0.6872675241249949,1.0891443490982056,-3.7961459159851074,-4.779562932024915,0.6871767846245694,1.0940834283828735,-4.289702475070953,-4.410411305758382,0.687223112861769,1.092669129371643,-4.156287908554077,-4.33178056714679,0.6872544808546092,1.0930553674697876
322,IoBT_GUNFIRE,3.416934305278119e-05,-0.17784609974257734,0.6176523193505813,1.2392823696136475,-0.48225104808807373,-1.926954927471824,0.6176605705383942,1.3055652379989624,0.6119770556688309,-0.15436898241298516,0.6177292377861088,1.2522642612457275,0.5352747812867165,-0.33496115514610286,0.6176989047802826,1.2621681690216064
323,EXISTING_PROXY,19.99993324279785,19.997959374856993,0.9809825571462033,2.917618989944458,16.826682090759277,19.542792623563788,0.9809229278586319,2.923339366912842,19.482039213180542,19.594562328184168,0.9808662812799714,2.918294906616211,19.248090982437134,19.4689391053985,0.9808381301331072,2.9199626445770264
324,IoBT_GUNFIRE,-10.000025033950806,-10.019929657142473,0.7066703578021665,1.0526313781738281,-8.577384948730469,-9.53717933260022,0.7068244347236022,1.0601173639297485,-9.057668447494507,-9.336914118825481,0.7068427304897825,1.0565221309661865,-8.893337845802307,-9.248308921214237,0.706824762555515,1.0568528175354004
325,IoBT_GUNFIRE,10.000029802322388,10.009811664662848,0.6902961529768671,1.337766408920288,8.809035420417786,8.199483208816137,0.6902916234397035,1.3287674188613892,8.771746158599854,8.527745333348195,0.6902668494730376,1.3311554193496704,7.668657898902893,7.367897942640136,0.6902718894443635,1.329063892364502
326,IoBT_GUNFIRE,4.999986886978149,5.035090687198349,0.8287925260601975,1.3811436891555786,5.761664509773254,4.943910924953509,0.8287535583108397,1.3893952369689941,5.23262619972229,5.003242130325448,0.8286021238787067,1.3951356410980225,5.36123514175415,5.074614819642066,0.828574386182286,1.3963441848754883
327,IoBT_GUNFIRE,1.1907528687515878e-05,-0.009879424702841099,0.8108437554208539,1.2450478076934814,1.4797130227088928,0.49620235713023375,0.8114097246145467,1.2717764377593994,0.9429191797971725,0.7784563555763281,0.8117751181371621,1.2797391414642334,1.1035862565040588,0.879671489640371,0.8119077734923904,1.2844260931015015
328,EXISTING_PROXY,9.99999463558197,10.135260669923884,0.855785148029147,1.9560312032699585,10.30676007270813,9.951891582802357,0.8557360351818302,1.9684994220733643,10.367670059204102,10.065794678672788,0.8557948002816939,1.9836251735687256,10.300257205963135,9.94907912259212,0.8557303791153191,1.989011287689209
329,IoBT_GUNFIRE,-9.999940991401672,-10.113754095235254,0.4812437313331462,1.0364716053009033,-8.994278907775879,-10.063868416170097,0.48136620154592363,1.036601185798645,-9.614074230194092,-10.106763830686456,0.48142961502084924,1.0581809282302856,-9.531651139259338,-10.108096818353069,0.4814241365098529,1.0583300590515137
330,EXISTING_PROXY,15.000003576278687,14.995709993200176,0.9296811032619241,1.7219769954681396,14.168895483016968,14.769491819009883,0.929509266928924,1.7267887592315674,14.993904829025269,14.862052988373282,0.9294739585766566,1.7398159503936768,14.98878002166748,14.849133058442895,0.9295133238184059,1.7449586391448975
331,IoBT_GUNFIRE,0.001790422247722745,-9.99230543342139,0.31302024943652595,1.016850233078003,0.7297173887491226,-10.663985067317615,0.3133886661487934,1.0176808834075928,0.44081762433052063,-10.047594391401422,0.31339991535108763,1.0164631605148315,0.29679281637072563,-10.150942798369535,0.31351627818566424,1.0165215730667114
332,EXISTING_PROXY,20.000057220458984,19.993179492241666,0.9831162567876485,2.0927157402038574,15.312193632125854,19.20137112206012,0.9830353262702858,2.0954928398132324,18.19840669631958,18.86732164979959,0.983019036569737,2.1080219745635986,17.707821130752563,18.637966796553947,0.9829769143328559,2.1097939014434814
333,IoBT_GUNFIRE,3.416934305278119e-05,-0.09504679689400686,0.8573942637753933,1.2005094289779663,0.8339829742908478,-0.22395096208560328,0.857546045048741,1.1978765726089478,0.4385273903608322,0.14331019274587187,0.8575667379208389,1.2006298303604126,0.537007711827755,0.17878896269383282,0.8576382176457885,1.2006062269210815
334,IoBT_GUNFIRE,10.000001192092896,10.003264943617259,0.9533904641835863,2.234968423843384,10.151551961898804,9.738804711483198,0.9533764925869497,2.2372348308563232,10.291301012039185,10.089697674704972,0.9533790561392415,2.25732421875,10.334250926971436,10.089386879720305,0.9533960512745707,2.2598400115966797
335,IoBT_GUNFIRE,14.999762773513794,14.996350255783407,0.9983588246988362,2.2646756172180176,5.046480894088745,4.251028556881811,0.9983563150965632,2.3547494411468506,14.752610921859741,14.656654934788769,0.9983577213940833,2.2931909561157227,8.50095510482788,8.3160317112076,0.9983538291827954,2.3223493099212646
336,IoBT_GUNFIRE,4.999895393848419,4.983031872079699,0.9129922436954268,1.2977519035339355,6.097472906112671,5.159925642917572,0.9129342958156037,1.305320382118225,5.6787556409835815,5.118436949447065,0.9129594482294334,1.307344913482666,5.712513327598572,5.070808436624902,0.9129008682396641,1.3101056814193726
337,IoBT_GUNFIRE,-5.000396370887756,-5.086911008488783,0.6300458056595255,1.0361874103546143,-3.6154773831367493,-4.697599732834692,0.6299456909602033,1.0377174615859985,-4.2688509821891785,-4.714484761586897,0.6298717565586286,1.0374985933303833,-4.11558598279953,-4.62533386957377,0.6298919990551067,1.0375770330429077
338,IoBT_GUNFIRE,4.999874830245972,4.938136099487061,0.8035328368469108,1.446372151374817,5.645448565483093,4.814108783555077,0.8038818512106468,1.4558742046356201,5.343308448791504,5.136898584225536,0.804111012905721,1.453934669494629,5.409055948257446,5.158685022938107,0.8041853171146679,1.4553433656692505
339,IoBT_GUNFIRE,4.999983906745911,5.010895992440169,0.8546138972017915,1.2219531536102295,4.645100831985474,3.84578952640628,0.8548356319643575,1.2336058616638184,3.884797990322113,3.7339021815645883,0.8550004547061865,1.2408857345581055,3.2705003023147583,3.160671295331791,0.8549888534025458,1.2476868629455566
340,IoBT_GUNFIRE,-4.4006369535054546e-05,-0.06095154883023055,0.7999523765709914,1.0807297229766846,0.23281047120690346,-0.8021736143316588,0.7999237616105591,1.083252191543579,0.30237680301070213,0.1304378279466761,0.8000122500226499,1.0829874277114868,-0.18589988350868225,-0.4690025557075861,0.8000212283853895,1.085505723953247
341,IoBT_GUNFIRE,-4.999904632568359,-4.904860398664054,0.6519577081871615,1.172799825668335,-3.7000489234924316,-4.6478219504207745,0.6521048191082239,1.2523808479309082,-4.257799983024597,-4.57563174433631,0.6523289266175697,1.2522428035736084,-4.150459468364716,-4.551779601800896,0.6522751419197154,1.253924012184143
342,EXISTING_PROXY,10.000020265579224,10.027644359409798,0.9851151905863299,3.089369535446167,4.8464235663414,3.799366824125754,0.9850777524048966,3.1515002250671387,8.688762784004211,8.219261175624345,0.9850264294817992,3.1082584857940674,10.354201793670654,9.938975571112149,0.9849851267522436,3.0913219451904297
343,EXISTING_PROXY,-9.99995231628418,-10.363236053874367,0.3855834659372739,1.172003149986267,-9.316983819007874,-10.388275924046749,0.3858282890999755,1.1743931770324707,-10.873785018920898,-11.134515221442047,0.3854398003845857,1.1906894445419312,-9.776147603988647,-10.664867742474291,0.38549589034371345,1.1733283996582031
344,IoBT_GUNFIRE,-2.6144907678826712e-05,-0.04753418683379973,0.6893289792501267,1.1198394298553467,1.1657096445560455,0.23087619278534613,0.6897359295002741,1.119829773902893,0.4862608015537262,0.27228077092672376,0.6899014528885746,1.1206878423690796,0.5343959480524063,0.2827942646169549,0.6898315037975326,1.120895504951477
345,EXISTING_PROXY,15.000050067901611,14.9803105066157,0.9932411018920831,2.0618741512298584,13.819427490234375,15.056234771763041,0.9932175344073061,2.081789493560791,15.001800060272217,14.912049527008339,0.9931836265832322,2.0925564765930176,15.04474401473999,15.032855824654233,0.9931792786863425,2.0970163345336914
346,IoBT_GUNFIRE,20.00009775161743,19.99030285588531,0.9963815141631536,2.4169392585754395,16.07716202735901,19.66388675967876,0.9963752856776144,2.4189891815185547,18.969948291778564,19.542969684233253,0.996360106950045,2.434232473373413,18.504745960235596,19.301719396697866,0.9963643361291816,2.437117576599121
347,IoBT_GUNFIRE,-1.5531609278696124e-05,0.003815240872557053,0.7602052238677804,1.1501460075378418,1.010439619421959,0.16046348732464022,0.7606943730774444,1.1528853178024292,0.5276132747530937,0.27017961834448206,0.7606129535782796,1.1522080898284912,0.3194427117705345,0.010301290972935612,0.7606908385008851,1.1544685363769531
348,EXISTING_PROXY,20.000019073486328,19.99466215387451,0.9944063262894879,2.4248273372650146,16.88921809196472,19.67528451604591,0.9943695721518416,2.4415740966796875,19.449926614761353,19.521119144785896,0.9943751354574805,2.447570323944092,19.283798933029175,19.459393315423096,0.994364779307409,2.451695203781128
349,IoBT_GUNFIRE,-9.999948740005493,-10.142742489024378,0.6086223383832035,1.0789604187011719,-8.919982314109802,-10.07777738521946,0.608663632326321,1.0810648202896118,-9.644431471824646,-10.084397855618679,0.6085710747584478,1.0808484554290771,-9.56893503665924,-10.074222667724781,0.6085682292675505,1.081375002861023
350,IoBT_GUNFIRE,9.99990999698639,10.043821716867383,0.8620647964389228,1.638822078704834,10.855337381362915,10.510913884639194,0.8625052225827128,1.6339000463485718,10.73108434677124,10.570215424347456,0.8626883403897219,1.6408047676086426,10.443315505981445,10.235189790414285,0.8626717671579632,1.642311692237854
351,EXISTING_PROXY,0.0,-0.004268235372131885,0.8686049157344876,1.391502022743225,1.670575588941574,0.7922399370976678,0.8690586190345512,1.3905069828033447,1.1133020371198654,0.9910306337813826,0.869262073852169,1.4019041061401367,1.2917114794254303,1.1372610519051916,0.8692147325245144,1.4032502174377441
352,IoBT_GUNFIRE,0.00022520209313370287,-0.0973638383903516,0.711737319481795,1.1117699146270752,1.2711207568645477,0.285196702629502,0.7120696006843554,1.1170281171798706,0.6790543347597122,0.29491799507375194,0.7120546859270306,1.1168891191482544,0.8172289282083511,0.37064012860391066,0.7120698303648937,1.1176080703735352
353,IoBT_GUNFIRE,9.999903440475464,9.956041913985551,0.9066094416554321,1.279540777206421,10.239055156707764,9.864977260203988,0.9065324085877713,1.2827335596084595,10.118492841720581,9.890349058223142,0.9065395687282393,1.292604923248291,10.324251651763916,10.058111776809191,0.90652650965807,1.2940480709075928
354,IoBT_GUNFIRE,-9.999985694885254,-10.066785110908139,0.5405378526135913,1.031973123550415,-9.248242974281311,-10.3053004257294,0.5413733845619053,1.032009243965149,-9.603576064109802,-9.812750811253224,0.5417007081560555,1.0320053100585938,-9.492061734199524,-9.746694696561441,0.5419487305828274,1.0346615314483643
355,IoBT_GUNFIRE,-8.154156603268348e-05,0.04734399259174492,0.6805093897227683,1.2545796632766724,1.3406990468502045,0.4765503602704749,0.6805936210506734,1.2550320625305176,0.39752431213855743,0.18410621912277464,0.680626669322909,1.2597306966781616,0.8317752182483673,0.5613850788610237,0.6807139735293921,1.2570428848266602
356,IoBT_GUNFIRE,-5.000019073486328,-4.885089798662834,0.5892054716390442,1.0660873651504517,-3.979426324367523,-4.8099002716448975,0.5896094795068324,1.0703165531158447,-4.741361141204834,-4.701981846010891,0.5899865732203334,1.0746433734893799,-4.561419486999512,-4.5570317139080885,0.590026509462921,1.0744048357009888
357,IoBT_GUNFIRE,5.000017881393433,5.0317057556067715,0.7605744655879983,1.2830919027328491,6.167812347412109,5.435376237998132,0.7611871019077301,1.290278673171997,5.31926155090332,5.112195671272252,0.761301685153182,1.290663719177246,5.809730291366577,5.548556680736613,0.7613203664214202,1.2934317588806152
358,IoBT_GUNFIRE,5.0011807680130005,1.8561475422486655,0.7501996659698356,1.1449133157730103,5.604881048202515,1.8495984668560035,0.7504993030867759,1.1550590991973877,5.4723769426345825,2.140605254305392,0.7505518909321224,1.1535208225250244,5.300661325454712,1.9771973427407694,0.7506364237819487,1.1567307710647583
359,IoBT_GUNFIRE,5.000000596046448,4.939113832167086,0.8356622157276858,1.2139122486114502,5.838610529899597,4.857654996088453,0.8357293063269433,1.2144783735275269,5.407347679138184,4.943643529321491,0.8359470034470977,1.221082091331482,5.492488741874695,4.950406690478876,0.835848115954946,1.221903920173645
360,EXISTING_PROXY,4.607677965395851e-05,0.036103175383145815,0.9458699646744957,1.8136327266693115,1.3197502493858337,0.3190279747960758,0.9458371841766122,1.7525156736373901,0.7525770366191864,0.43035228635398504,0.9458706496581318,1.7518583536148071,0.637151300907135,0.2617726528442125,0.9458193096145825,1.7322590351104736
361,EXISTING_PROXY,4.999857544898987,5.09011216147485,0.8688772868968772,1.171227216720581,3.715704381465912,2.896352829039372,0.869207633763927,1.1743642091751099,5.123546123504639,5.078526555349587,0.869236166198151,1.1717913150787354,3.955780267715454,3.8620727536290413,0.8693109726010888,1.1744908094406128
362,IoBT_GUNFIRE,-8.283518013740832e-06,0.02876501421937051,0.7364182471684024,1.1164427995681763,1.3370010256767273,0.4303820641565584,0.73677438606598,1.1256455183029175,0.6669872999191284,0.5771431626819732,0.7370306772780125,1.1278903484344482,0.7943543046712875,0.6540529174428364,0.7370048532160354,1.129775881767273
363,IoBT_GUNFIRE,-4.9999964237213135,-5.029718734034243,0.7462069742166024,1.0861709117889404,-3.4752699732780457,-4.513517436259674,0.7463590776685818,1.0889265537261963,-4.048213362693787,-4.285279046647084,0.7464440733056346,1.0897561311721802,-4.086759090423584,-4.356496125369756,0.7465276713970287,1.0948439836502075
364,EXISTING_PROXY,9.999988675117493,9.934488827748032,0.9393395018841249,1.3097624778747559,9.154926538467407,8.592552630807255,0.9392389669150172,1.306483507156372,9.3133544921875,9.020967467647026,0.9392178614690051,1.3086498975753784,9.587942361831665,9.25824955931718,0.9392210506338361,1.3081121444702148
365,IoBT_GUNFIRE,-5.000014901161194,-5.013953814246509,0.6316502019011014,1.1022523641586304,-4.331560730934143,-5.1831386170608145,0.6320140321196883,1.1061838865280151,-4.4202229380607605,-4.791827525384945,0.6321001981109934,1.1020128726959229,-4.305124282836914,-4.754594817066657,0.6321035772631233,1.1028072834014893
366,IoBT_GUNFIRE,-4.998729228973389,-5.121817102682574,0.7263137543650876,1.2161831855773926,-5.564795732498169,-6.662601494250264,0.7261454192242764,1.2256615161895752,-5.8395916223526,-6.324382784828888,0.7261482330440867,1.2232187986373901,-4.533657431602478,-5.105991374939514,0.726167611830993,1.2146365642547607
367,IoBT_GUNFIRE,9.99992847442627,9.983895897805683,0.9868278751509981,1.4628777503967285,10.764743089675903,10.43104600601982,0.9871433700193556,1.4819267988204956,10.520401000976562,10.244768787666636,0.9873099891093318,1.4817484617233276,10.705338716506958,10.394843185741609,0.9873656651510455,1.484386920928955
368,EXISTING_PROXY,-5.000004172325134,-5.136758017670761,0.4196427201063001,1.3302950859069824,-4.013138711452484,-5.232892845217667,0.41922819958152574,1.339361548423767,-4.673398435115814,-5.208456682440196,0.4191224916974599,1.5090819597244263,-4.608358442783356,-5.232878280506842,0.4190575658281084,1.488936185836792
369,EXISTING_PROXY,-4.999991953372955,-4.623497606489143,0.8982035457662577,1.2657182216644287,-3.739250600337982,-4.336715547274573,0.8984172370746449,1.2765992879867554,-4.71146285533905,-4.497282306579866,0.8984656150336109,1.2877519130706787,-4.652059376239777,-4.487211048978055,0.898593583054957,1.2906420230865479
370,IoBT_GUNFIRE,-3.882912551489426e-05,-0.04070028475747105,0.8087812838443695,1.2033771276474,1.0502975434064865,-0.07196274116953141,0.8092222678381525,1.207890510559082,0.4458271339535713,0.01664200655319617,0.8094269578102249,1.2124900817871094,0.3178194910287857,-0.20430667776405653,0.8094748497467426,1.216651201248169
371,IoBT_GUNFIRE,-5.000019073486328,-5.155261415851284,0.6477574087657634,1.0493955612182617,-4.123582243919373,-5.272618363059599,0.6480385964712784,1.0545626878738403,-4.473892152309418,-4.742033445603852,0.6481212461072051,1.0525158643722534,-4.349483847618103,-4.665437317280249,0.6481461522309004,1.0525785684585571
372,IoBT_GUNFIRE,-5.000009536743164,-5.356493349061992,0.8293552551697174,1.07283616065979,-4.188557863235474,-5.5264840012657315,0.8296620928100962,1.0732715129852295,-4.6196600794792175,-5.155995026195541,0.8298156972907093,1.074779748916626,-4.5909833908081055,-5.17857542797871,0.8298039890625487,1.0749441385269165
373,IoBT_GUNFIRE,14.999992847442627,14.998607580665137,0.9604021871936974,2.6786584854125977,14.211609363555908,14.68723270012675,0.9604313043150449,2.6822426319122314,14.98005986213684,14.84268205778964,0.9604539139945352,2.696227788925171,14.186294078826904,14.019417511615968,0.9604520839607776,2.6978695392608643
374,IoBT_GUNFIRE,9.999999403953552,0.859002094794336,0.5759108607610295,1.0632846355438232,9.910364747047424,1.3260122363870186,0.5763637155617809,1.0672719478607178,10.189313888549805,1.555775951975876,0.5764731867137054,1.0685391426086426,9.728738069534302,1.2170047698910806,0.5765178865704499,1.0715800523757935
375,IoBT_GUNFIRE,-4.141757017350756e-06,-0.02941304856478186,0.8584362156494172,1.3641879558563232,1.0023073852062225,-0.020633252971907344,0.8583165532347997,1.3657498359680176,0.38302376866340637,0.1115278845984581,0.8583609323515685,1.3646715879440308,0.46440284699201584,0.1326500312281283,0.8582975662074802,1.3650968074798584
376,EXISTING_PROXY,5.000002980232239,5.053251605560893,0.8770059629228573,1.3513610363006592,3.1480568647384644,2.273397481617153,0.8769113929734216,1.392444133758545,5.312259197235107,5.174190430668986,0.877088144946168,1.3703527450561523,5.0589919090271,4.8689430004565315,0.877042528513152,1.3777997493743896
377,EXISTING_PROXY,10.000039339065552,10.005280110013608,0.9350366975516041,1.4438774585723877,9.753503799438477,9.283003103862628,0.9348068295413895,1.4462411403656006,9.649595618247986,9.384036656084533,0.9347566749297095,1.458424687385559,10.059254169464111,9.753136868536052,0.9346543789318266,1.4581671953201294
378,IoBT_GUNFIRE,5.000010132789612,4.987497334763301,0.8883774494429587,1.0928921699523926,5.7058024406433105,4.869357055984379,0.8887639680567763,1.0950706005096436,5.542426109313965,5.343618201597748,0.888930085667764,1.0963798761367798,5.529452562332153,5.275349398829268,0.8890041055622624,1.0977412462234497
379,IoBT_GUNFIRE,14.99990701675415,15.008919279899324,0.9552403510455648,1.965935230255127,14.186943769454956,14.71931999484898,0.9554336162241313,1.9747653007507324,15.195523500442505,15.071740962617229,0.9555085056307894,1.9835524559020996,15.259343385696411,15.12869062595055,0.9555054259658121,1.9865167140960693
380,IoBT_GUNFIRE,9.999961256980896,10.003805861900236,0.9334029682142748,1.7520302534103394,9.651048183441162,9.152927115003951,0.933474590387271,1.7470245361328125,9.452751278877258,9.202003044451107,0.9334058595432072,1.7540793418884277,9.635969400405884,9.333997919386178,0.9334136855815568,1.75339674949646
381,IoBT_GUNFIRE,-1.0354388280120475e-06,0.021060548316281864,0.8234102020280727,1.4502259492874146,-0.07588267792016268,-1.0190546719173723,0.8234178229327505,1.472246527671814,0.3226536512374878,0.2182298862381149,0.8234079549573471,1.466352105140686,0.20996693521738052,0.0594017141040596,0.8234375398549285,1.4710750579833984
382,IoBT_GUNFIRE,10.000017881393433,9.976004901130413,0.8591986047158784,1.5778923034667969,10.527046918869019,10.158514034169544,0.8596112909407205,1.5838942527770996,9.12538766860962,9.012175474834683,0.8597747523839345,1.5981667041778564,10.41337251663208,10.27082785057269,0.8598025970115902,1.5981130599975586
383,IoBT_GUNFIRE,-1.8120215372618986e-05,-0.10409684731491688,0.8408852082194905,1.5587347745895386,0.6870268285274506,-0.42031727535253727,0.8409696788817295,1.5669302940368652,0.3954678028821945,0.09412271128941609,0.8409643596438129,1.5692423582077026,0.31965143978595734,-0.048997614474952204,0.8409640016355084,1.5757577419281006
384,EXISTING_PROXY,5.000104308128357,5.024064699547135,0.7455067857783377,1.1105234622955322,5.393410325050354,4.504993426802153,0.7457569484245351,1.114235758781433,5.075260400772095,4.8588089921032385,0.7456690594403017,1.1169406175613403,5.2162933349609375,4.940303385197257,0.7456632998880585,1.1176902055740356
385,IoBT_GUNFIRE,10.000005960464478,10.007288968511006,0.9036884420809264,1.4475096464157104,10.49065351486206,10.133539103258752,0.9035975103850289,1.4330449104309082,10.667111873626709,10.467303930321002,0.9036749427402059,1.4409513473510742,9.137412309646606,8.877554049522573,0.9036818308363611,1.4397318363189697
386,IoBT_GUNFIRE,9.999890327453613,10.0169392716904,0.9221727095060211,1.3529431819915771,9.048467874526978,8.488101074015566,0.922320813993971,1.3975741863250732,9.803953170776367,9.599821445732367,0.9225260849289402,1.3998899459838867,6.851125955581665,6.584947968927652,0.9225240329142462,1.419198989868164
387,IoBT_GUNFIRE,19.999901056289673,20.00567147343041,0.9252853968208111,2.1254303455352783,15.393892526626587,18.85071407824488,0.9252730408362019,2.1268539428710938,18.295276165008545,18.75902624091186,0.9253130509204359,2.135859489440918,17.22184658050537,17.723067842898903,0.9252854810970998,2.1389412879943848
388,EXISTING_PROXY,15.000079870223999,15.004156253787249,0.9793167064016698,2.2483739852905273,13.799757957458496,14.229839229139651,0.9792871010749178,2.24997878074646,14.925234317779541,14.796830445268245,0.9793008543543749,2.259831428527832,14.508267641067505,14.35785113343788,0.9793316516139056,2.263810396194458
389,EXISTING_PROXY,4.999979734420776,4.850783737638122,0.799336314399175,1.390647530555725,5.500420331954956,4.550829518474049,0.7994757163974638,1.4025986194610596,5.187328457832336,4.810483641071116,0.7996667126516458,1.4034547805786133,5.151135325431824,4.718127021034621,0.7997380862931379,1.407378077507019
390,IoBT_GUNFIRE,15.000163316726685,15.009337041256357,0.9722986513928313,2.063080072402954,14.686206579208374,15.504955921790879,0.9723302701108164,2.0356383323669434,15.641107559204102,15.523836801498842,0.9723435367576909,2.0418190956115723,15.551455020904541,15.447427010503638,0.9723228969137389,2.0387535095214844
391,IoBT_GUNFIRE,14.999697208404541,14.99890041370258,0.949086998777428,2.2252941131591797,13.671408891677856,13.905171646666208,0.9491863711392143,2.23824143409729,14.369299411773682,14.207922003567786,0.9492599075917837,2.2388153076171875,14.859431982040405,14.732551670888087,0.9493041072605908,2.239631414413452
392,EXISTING_PROXY,4.999904632568359,4.965613713342986,0.5260152312356403,1.3416804075241089,4.722478091716766,3.873094645331205,0.5262075829480921,1.3443710803985596,5.201015472412109,4.860650072593203,0.5261508011405807,1.3426569700241089,4.944663047790527,4.549606474257814,0.526239165270997,1.3435983657836914
393,EXISTING_PROXY,-4.999995827674866,-5.018369693603612,0.5319698533271136,1.061340093612671,-4.015733301639557,-4.919154849028571,0.5321833455536537,1.0651923418045044,-4.661042392253876,-4.96775930419492,0.5324183225115736,1.1077383756637573,-4.579428732395172,-4.952706229257422,0.5326609606571792,1.0457642078399658
394,IoBT_GUNFIRE,14.999494552612305,14.998850171735471,0.9554984838912063,1.776258945465088,11.731419563293457,11.623677503832898,0.9554248990854692,1.7820035219192505,14.991675615310669,14.855920469369035,0.9554639817124657,1.7844563722610474,9.044946432113647,8.76155696320401,0.9554283888242302,1.8160827159881592
395,EXISTING_PROXY,-0.002091572096105665,-0.8582377473833919,0.2864569200669749,1.1239393949508667,-11.036591529846191,-13.59191875793597,0.2863816073032419,1.1180509328842163,-3.2860001921653748,-5.260158616980522,0.28623710811252445,1.123435378074646,-11.11556887626648,-13.352615467097518,0.28626159824919045,1.1210285425186157
396,IoBT_GUNFIRE,14.999905824661255,14.996939916824987,0.928310560831882,1.5277743339538574,12.88120150566101,13.093668012772179,0.9282219062975777,1.5363242626190186,14.275354146957397,14.14977973793472,0.9281712584356843,1.5560263395309448,14.023910760879517,13.870820972391245,0.9281918606715793,1.5597268342971802
397,IoBT_GUNFIRE,9.999874234199524,9.921922556396703,0.5346128208399358,1.730515480041504,10.862915515899658,10.455253337100824,0.5348016342048102,1.721771478652954,9.829185009002686,9.463800024879262,0.5349724054078007,1.7251036167144775,10.555227994918823,10.167077060375922,0.5351437038746008,1.7232387065887451
398,IoBT_GUNFIRE,5.000028610229492,5.003928544213858,0.7249667164060233,1.6422803401947021,4.324034750461578,3.281016590160788,0.72482310160608,1.6617521047592163,4.646239280700684,4.228963099986595,0.7248662569800055,1.6600204706192017,5.222345590591431,4.7345275325179665,0.7248474469932259,1.6564741134643555
399,IoBT_GUNFIRE,5.000019073486328,4.911110004593001,0.8210395316520944,1.186338186264038,5.859343409538269,4.875549967822569,0.8211479195902596,1.1937886476516724,5.4853761196136475,5.040395813750113,0.8212452882849451,1.195774793624878,5.570492148399353,5.055067885264728,0.8212516054577805,1.1970598697662354
400,IoBT_GUNFIRE,5.0000035762786865,4.98284086164294,0.8526882796746947,1.4021327495574951,5.132878422737122,4.301665660186398,0.8527369359199953,1.4061477184295654,3.1243500113487244,2.915027492090463,0.8528308312305208,1.4122238159179688,5.247770547866821,5.004979742490131,0.8527889677467592,1.4080339670181274
401,EXISTING_PROXY,4.9999696016311646,4.986017024422527,0.8311068962055483,1.219406008720398,5.874193906784058,5.095738129360833,0.8312324557674894,1.2249494791030884,4.977329075336456,4.75175628817415,0.831302166255975,1.2269375324249268,5.0865113735198975,4.80632625117893,0.8313140678710713,1.2276602983474731
402,IoBT_GUNFIRE,4.999939501285553,4.957054637058183,0.8626174675582045,1.193856120109558,6.079963445663452,5.1869388683927875,0.8628824510757234,1.1949487924575806,5.6526488065719604,5.3448296340319015,0.8631250459593947,1.2037354707717896,5.7912057638168335,5.423566391261981,0.8631866872507477,1.2051587104797363
403,IoBT_GUNFIRE,9.999929070472717,10.006410433069114,0.9826270635714744,1.6169309616088867,4.094044268131256,3.2129551718111315,0.9826079677542925,1.6231682300567627,5.004252791404724,4.870032701452578,0.9826124939881368,1.6254327297210693,2.970907986164093,2.795615430986949,0.9826129866585147,1.6339867115020752
404,EXISTING_PROXY,9.999980330467224,9.988186852342704,0.9355258589546737,1.2897318601608276,7.025883793830872,6.3120970038308,0.9358110388710493,1.2878644466400146,7.090333700180054,6.918536991390973,0.9359926382489234,1.2999426126480103,7.649875283241272,7.435255970577044,0.9360614608289295,1.298815369606018
405,IoBT_GUNFIRE,-4.999991059303284,-5.147013814321087,0.7191240492978193,1.069340467453003,-3.7937775254249573,-4.914778771151264,0.7194422929988179,1.0707186460494995,-4.51689600944519,-5.050161741073481,0.7192104295797623,1.0709177255630493,-4.470904469490051,-5.083265776304544,0.7193878733218605,1.0717496871948242
406,IoBT_GUNFIRE,14.999970197677612,15.005764334256323,0.897822090648384,1.822817087173462,8.480671048164368,7.884696732084065,0.8984515014681277,1.8657171726226807,13.035982847213745,12.910244974459042,0.8988474031746829,1.8586339950561523,11.204190254211426,11.045076916121559,0.898904586117305,1.8680002689361572
407,EXISTING_PROXY,-7.144586106733186e-05,-0.026700592601429787,0.82913847600128,1.079576015472412,0.3265523910522461,-0.6789796016841804,0.8290432728654484,1.0783079862594604,0.3410360962152481,-0.009052889657591786,0.8290602380728331,1.0801255702972412,0.24532677605748177,-0.17357929938439462,0.8290374798847648,1.0803757905960083
408,IoBT_GUNFIRE,5.000013709068298,4.996050122624593,0.8943622145846214,1.3183367252349854,5.567835569381714,4.771679818606905,0.8947056049236628,1.321761131286621,5.120758414268494,4.9892270724441055,0.8948339092891875,1.33024263381958,5.487067103385925,5.313185037936293,0.8949494023043657,1.330582618713379
409,IoBT_GUNFIRE,4.999993443489075,5.014406057025571,0.8389882818406061,1.3261916637420654,5.591163635253906,4.813377249922622,0.8393546785603004,1.3296465873718262,5.167261362075806,5.0726658214595535,0.8395736810848976,1.318033218383789,4.8275890946388245,4.694412070481787,0.8396271708758722,1.3202764987945557
410,IoBT_GUNFIRE,15.000022649765015,15.018239799580487,0.9679102294002424,1.9359638690948486,11.571943759918213,11.350969475548407,0.9681012689431258,1.909818172454834,14.896965026855469,14.761699309562268,0.9682182198435643,1.9153293371200562,14.089395999908447,13.9282333269243,0.9682106652138586,1.9120762348175049
411,IoBT_GUNFIRE,1.3460683021548903e-05,0.00039392744485216685,0.9805850901347284,2.152761459350586,0.49489282071590424,-0.3801777474486613,0.980703153522225,2.1808035373687744,0.1735473796725273,-0.03906889330411971,0.9807787337306582,2.179142951965332,-1.0987131297588348,-1.429185524828892,0.9807686571315223,2.2169339656829834
412,EXISTING_PROXY,14.999949932098389,14.993387254542721,0.7559523930961112,2.064410448074341,10.874334573745728,10.536907226655359,0.7560889877354505,2.079636812210083,14.998739957809448,14.90496509876635,0.7559631057857719,2.088920831680298,11.819430589675903,11.67970051261239,0.7559183079360294,2.097935914993286
413,IoBT_GUNFIRE,-5.000020265579224,-5.044373434176913,0.7380859724305908,1.0763843059539795,-4.102925062179565,-5.208130084615659,0.7382370295035624,1.0768377780914307,-4.603399336338043,-4.918740602171156,0.7383766980792865,1.0703516006469727,-4.522239863872528,-4.910450479964548,0.7384488915071509,1.0704736709594727
414,IoBT_GUNFIRE,4.999904632568359,5.007602639221281,0.8948883218242758,2.1178064346313477,5.262919664382935,4.457630327392948,0.8947613849218935,2.107694387435913,3.8265949487686157,3.469407304282786,0.8947358995011366,2.1310741901397705,5.320531725883484,4.936379518294441,0.8946795471599223,2.1199405193328857
415,IoBT_GUNFIRE,10.00001072883606,9.98751380045065,0.9088657769058859,1.6270554065704346,9.699914455413818,9.308224577346994,0.9088201920070398,1.6211955547332764,9.936941266059875,9.49734497658264,0.9087336837221348,1.640803337097168,9.793903827667236,9.320458140916827,0.9087765912348739,1.644196629524231
416,EXISTING_PROXY,14.999916553497314,15.012424235668158,0.9779769235806077,2.3836941719055176,14.346550703048706,14.935291465755075,0.9780909867634661,2.3967461585998535,14.965001344680786,14.908031171836665,0.9781148548201444,2.4167940616607666,12.816282510757446,12.726192185450438,0.9781765453880591,2.4284443855285645
417,IoBT_GUNFIRE,4.999971091747284,5.004106953210554,0.9580663885859491,1.670280933380127,5.802686810493469,5.026305869445839,0.9582225319358829,1.674004077911377,5.451065897941589,5.179757839560781,0.9583238715840561,1.683640480041504,5.563120245933533,5.234662387100297,0.9583040362044077,1.6856173276901245
418,IoBT_GUNFIRE,-4.999981224536896,-4.973572387117801,0.8307740872170434,1.0568338632583618,-4.215991497039795,-5.344711854730839,0.8306984551336555,1.0567039251327515,-4.562758505344391,-4.855652855123493,0.8308480856817266,1.0573415756225586,-4.487515389919281,-4.855188172410994,0.8307357754019217,1.0573972463607788
419,EXISTING_PROXY,10.000007152557373,10.102639181111366,0.8229749085207282,1.7946528196334839,10.442967414855957,10.048794211781903,0.8229516734052784,1.8035532236099243,10.19305944442749,10.075269287342259,0.8229199320946218,1.8164503574371338,10.211398601531982,10.040424787397516,0.8226612687602162,1.8202934265136719
420,IoBT_GUNFIRE,5.000017285346985,4.983303637180249,0.8275185775935845,1.3615034818649292,5.068562030792236,4.203136468351612,0.8276783253929414,1.3937046527862549,5.539674162864685,5.2845625013488675,0.8276898076925872,1.3898063898086548,5.389604568481445,5.081954192458071,0.8278279627534432,1.3963649272918701
421,IoBT_GUNFIRE,10.000029802322388,9.907497119355089,0.9198676136928741,1.4658883810043335,10.08078932762146,9.779643578258687,0.9198906734215261,1.463767647743225,9.131473898887634,8.70641490042757,0.9199033440137252,1.4858112335205078,7.438214421272278,6.940850271859339,0.9199668084549412,1.503139853477478
422,IoBT_GUNFIRE,9.999882578849792,10.003894966223356,0.8267418232310012,1.1587748527526855,9.627381563186646,9.137275709436736,0.8268034053181536,1.1584442853927612,10.156211853027344,9.903302365502753,0.8268085911594751,1.1629184484481812,10.23279070854187,9.933932292640673,0.8267481038107823,1.1633808612823486
423,IoBT_GUNFIRE,14.999905824661255,14.999209878106388,0.9100413407442285,2.08742356300354,13.918704986572266,14.545739058680514,0.9099013886719011,2.083378791809082,14.996490478515625,14.856989538754831,0.9098847904995673,2.09777569770813,14.890055656433105,14.751224121705048,0.9098378860810519,2.1005806922912598
424,EXISTING_PROXY,14.99997615814209,14.997162133624668,0.8957505431485776,3.5438578128814697,13.252173662185669,13.511914407806707,0.8959102958284765,3.5720081329345703,14.357556104660034,14.207007272655279,0.8959598182356435,3.5687413215637207,14.212033748626709,14.046122441645611,0.896043786023579,3.572624921798706
425,EXISTING_PROXY,4.999931156635284,4.988005704396905,0.8585345572240636,1.5243415832519531,5.603470802307129,4.8950407677806975,0.8586597695942064,1.5069844722747803,4.765599966049194,4.47878027038581,0.8586292601207882,1.5134104490280151,5.030783414840698,4.692455031869657,0.8587321206670261,1.512129783630371
426,IoBT_GUNFIRE,10.000063180923462,9.947543605909647,0.8918615406013976,1.937156319618225,9.935421347618103,9.524707881801493,0.891712875126943,1.9384859800338745,7.273557186126709,6.825785643051918,0.8916858185623897,1.9587743282318115,10.009136199951172,9.601783817636669,0.8916633925798447,1.9470288753509521
427,EXISTING_PROXY,-4.999999701976776,-4.810800213893529,0.6729172520329387,1.0438809394836426,-3.9996549487113953,-4.756670875596971,0.6729407344597784,1.044290542602539,-4.737251400947571,-4.8527333690784165,0.6727636659524919,1.0444692373275757,-4.692814946174622,-4.878454132977886,0.672992565325133,1.0447168350219727
428,EXISTING_PROXY,10.000131130218506,9.996343101085383,0.8404616807731441,1.8486219644546509,8.485913872718811,7.81987347068919,0.8401563782392066,1.87495756149292,9.596061110496521,9.167177032886398,0.8402016260881693,1.86233389377594,8.53849172592163,8.013277228393779,0.8402093111985636,1.8740918636322021
429,EXISTING_PROXY,5.0000011920928955,4.88719711294471,0.8031345125756992,1.2859052419662476,5.509274005889893,4.608685056895796,0.8033191681476929,1.2874541282653809,4.974323511123657,4.681699646748822,0.8030360335769137,1.289249300956726,4.082201421260834,3.7378762356166932,0.8030549585126778,1.2966060638427734
430,IoBT_GUNFIRE,5.002920627593994,-0.12519013480091615,0.6712917317270921,1.2768608331680298,5.533749461174011,-0.22803699710965497,0.6719011499854268,1.3156673908233643,5.240415930747986,-0.13927049747928155,0.6720639617699941,1.3100051879882812,5.372025966644287,-0.016067588729831578,0.6721828366300209,1.311760425567627
431,EXISTING_PROXY,20.000109672546387,19.987757603930746,0.9820004330724519,2.0321085453033447,15.590629577636719,19.176437722192546,0.9820799631495625,2.044224262237549,18.57038140296936,18.968063681398284,0.9820845106709456,2.0564489364624023,15.542007684707642,15.60293937936911,0.9820176253681964,2.066939353942871
432,IoBT_GUNFIRE,5.000030994415283,4.953773363837222,0.8087278192247087,1.5165436267852783,5.305017828941345,4.33426162999401,0.8087376158458396,1.5295796394348145,5.219312906265259,4.840888151848684,0.8087177121939897,1.5285227298736572,5.1470112800598145,4.699288447357009,0.8087603794551285,1.531973123550415
433,IoBT_GUNFIRE,9.999991059303284,9.991212795521344,0.8836501101110034,1.5322699546813965,10.048201084136963,9.600188627764195,0.8843190664284221,1.5933482646942139,10.58434009552002,10.450867008440623,0.8845784008299532,1.5996646881103516,10.537843704223633,10.364240122907432,0.884707788864836,1.6103880405426025
434,IoBT_GUNFIRE,9.999966621398926,10.026548920716927,0.8950208839493305,1.9513213634490967,9.6905517578125,9.198206036604885,0.89519040491985,1.971923589706421,9.012298583984375,8.702543410498,0.8952323691226147,1.976158857345581,10.317370891571045,9.985603919018416,0.8952373696508834,1.9738237857818604
435,IoBT_GUNFIRE,9.999908208847046,9.99610734785317,0.7671426935265409,1.3579528331756592,10.552321672439575,10.244546823897844,0.7672616626050057,1.3650636672973633,10.634137392044067,10.385751303084431,0.7673012815883835,1.3778380155563354,10.713030099868774,10.42709444002581,0.767396611676822,1.380752444267273
436,IoBT_GUNFIRE,5.002400875091553,-7.6052665197836875,0.4258922876670483,1.01914381980896,5.808988809585571,-7.738086286132914,0.4260953105362411,1.0193300247192383,5.433995723724365,-7.925250616658676,0.42600793952137517,1.0181130170822144,5.474624037742615,-7.972664441473848,0.4259301369875864,1.0180851221084595
437,IoBT_GUNFIRE,-4.918337026538211e-06,0.06677149798633471,0.8325212243152376,1.1551433801651,0.3095313347876072,-0.6001070337559271,0.8326478195539745,1.1804134845733643,0.7360769063234329,0.5696451315305848,0.8325809428355068,1.1617317199707031,0.7177110016345978,0.48914129823591834,0.8325924331714367,1.1655900478363037
438,IoBT_GUNFIRE,9.999946355819702,3.871266621260813,0.7931291039883619,2.5054056644439697,9.672727584838867,3.8325925963084044,0.7932059396895156,2.3852157592773438,9.881963729858398,3.9926236120979257,0.7930308913560341,2.390065908432007,9.215636253356934,3.381810500651399,0.7927959652818137,2.402940511703491
439,IoBT_GUNFIRE,15.000008344650269,14.998174408834071,0.9106768754499218,1.7896696329116821,12.621504068374634,12.70661550975193,0.9105125084166203,1.7723726034164429,14.607523679733276,14.509213507672847,0.9105267332261017,1.7827799320220947,13.303505182266235,13.167323359629744,0.9104760879250606,1.7820794582366943
440,IoBT_GUNFIRE,4.999982118606567,5.009829373054838,0.7885850988069751,1.1712937355041504,5.609603524208069,4.813998554500082,0.7888681580978576,1.1702367067337036,4.307268261909485,4.210787558301463,0.7890500170794787,1.1753664016723633,5.412811636924744,5.274028711023161,0.7890316006727884,1.172703504562378
441,EXISTING_PROXY,-5.927927304583136e-05,0.004760212686576393,0.9367243740370753,1.1025755405426025,0.9663192927837372,0.09096137118863593,0.9366307294305031,1.1039849519729614,-1.310569941997528,-1.5775777176806585,0.9365586333375794,1.1196813583374023,-0.4843732714653015,-0.8200655612129584,0.9365561378436054,1.1225154399871826
442,IoBT_GUNFIRE,15.000025033950806,14.999084379184035,0.9142158976077481,2.176081657409668,13.552079200744629,14.409703469864114,0.9143147542734124,2.1886305809020996,12.72275447845459,12.49833287559525,0.9142877605323468,2.2252399921417236,14.781051874160767,14.67274219279128,0.9143687918763741,2.2164969444274902
443,IoBT_GUNFIRE,14.999996423721313,15.00083666020932,0.9614391193109215,1.7261223793029785,6.3398051261901855,5.590640776278992,0.9614460208044506,1.7581675052642822,11.912119388580322,11.787981938212182,0.9614017691952446,1.7424018383026123,6.484220027923584,6.322402996293674,0.9613591695766679,1.7690165042877197
444,IoBT_GUNFIRE,9.999966621398926,10.033037759622296,0.891790280447918,1.9263572692871094,10.041152238845825,9.678551219306758,0.8917252206251614,1.9349253177642822,10.082554817199707,9.68525798473375,0.8917110155433382,1.9456366300582886,10.058823823928833,9.628304901689877,0.8916722583534589,1.9487643241882324
445,IoBT_GUNFIRE,5.000007748603821,5.040933188199137,0.7377087541105979,1.345521092414856,6.201470494270325,5.418777718400436,0.7377232936365202,1.3523118495941162,5.627466440200806,5.501509192656725,0.7376495542258515,1.361572027206421,5.802380442619324,5.624932269722647,0.7377195100985343,1.3633652925491333
446,IoBT_GUNFIRE,19.999972581863403,20.008552674559922,0.9673842612698421,3.29799747467041,14.706902503967285,15.584310559656691,0.9673870304458217,3.318516969680786,19.160807132720947,19.13081266544365,0.9673655715770128,3.3358876705169678,14.898093938827515,14.758091954610912,0.9673836957444859,3.348416566848755
447,IoBT_GUNFIRE,-4.999916255474091,-4.9854190617229275,0.8140633015084201,1.2004886865615845,-3.5970139503479004,-4.57568543959199,0.8142909641345213,1.197218418121338,-4.1952720284461975,-4.321298802475501,0.8144064382553887,1.2018208503723145,-4.063887894153595,-4.236523269074411,0.8143719314150661,1.201964259147644
448,IoBT_GUNFIRE,10.000004768371582,10.046387730877417,0.8483033878705577,1.4759345054626465,10.541282892227173,10.153150023739686,0.8487201538176059,1.5219147205352783,10.669013261795044,10.58262573969563,0.8489659320614096,1.5383851528167725,10.392515659332275,10.267081146939415,0.8489858530149436,1.546615481376648
449,IoBT_GUNFIRE,4.999992847442627,5.087311106881839,0.6509116894013313,1.3110053539276123,5.316898226737976,4.190007331721393,0.6509649873131953,1.3087273836135864,5.444862246513367,4.725185698057034,0.6508371501150712,1.3172695636749268,5.375773906707764,4.548780790951935,0.6508952179526064,1.2964656352996826
450,IoBT_GUNFIRE,20.000016689300537,20.01497510981678,0.9900306931492967,3.5686120986938477,17.369563579559326,19.827282052798825,0.990055149015891,3.5897789001464844,19.496428966522217,19.77813746024921,0.9900495637816544,3.583303213119507,19.19962763786316,19.67428486680556,0.9900547655581029,3.5848019123077393
451,IoBT_GUNFIRE,10.000007152557373,10.077521031493074,0.957528096403895,2.210453510284424,10.377219915390015,9.961931845903996,0.9575137539720899,2.205458402633667,10.387276411056519,10.24064043615008,0.9575412448382611,2.2124545574188232,10.450668334960938,10.26292766436206,0.9575486544815005,2.2135231494903564
452,IoBT_GUNFIRE,15.000040531158447,14.989423336605336,0.9278668992834858,2.2479352951049805,8.785077929496765,8.183167238274208,0.9279940911455096,2.315462350845337,4.326500296592712,4.159534006947017,0.9280128100049256,2.422407627105713,7.152591943740845,6.6997719434811405,0.928003437068352,2.3449175357818604
453,IoBT_GUNFIRE,4.999900460243225,4.97294594765583,0.8774651750571493,1.3384610414505005,5.828256011009216,4.990449741043641,0.8775582538610343,1.3418060541152954,5.341477394104004,4.9996515577380425,0.8775805154651809,1.3438694477081299,5.328255891799927,4.923698741811928,0.8775600964350687,1.3452131748199463
454,IoBT_GUNFIRE,2.0191007479297696e-05,0.05160836219721105,0.8249139077080576,1.121263861656189,1.2632188200950623,0.2987124291977776,0.8250993461708043,1.1242753267288208,0.6541349738836288,0.4758505557180752,0.8252174705771391,1.126205325126648,0.613207183778286,0.3692760723599752,0.8252819470530139,1.1279609203338623
455,IoBT_GUNFIRE,0.001434363512089476,-2.815222325202394,0.7004832430222055,1.0764570236206055,1.2193553149700165,-2.5644562038377856,0.7007648669048574,1.084417700767517,0.6685264408588409,-2.4570855518019172,0.700866317463687,1.0825989246368408,0.7670382410287857,-2.4406938259735993,0.7008729556103648,1.0839195251464844
456,IoBT_GUNFIRE,15.000057220458984,14.995360778397737,0.9356943046516859,2.3980553150177,14.129083156585693,14.766704780226352,0.9356837913445835,2.3991587162017822,14.994509220123291,14.86322956086803,0.935690686673574,2.4206740856170654,14.932160377502441,14.790955593907618,0.9357174905858019,2.424001455307007
457,EXISTING_PROXY,19.99994397163391,20.007823687730813,0.9771240591162138,2.8446242809295654,17.135789394378662,20.174872803583433,0.9772741000695377,2.8684427738189697,20.496907234191895,20.514511407388255,0.9773542191633862,2.887681245803833,20.17524242401123,20.250833618740756,0.9773553182321582,2.8938522338867188
458,IoBT_GUNFIRE,5.0001972913742065,4.992962335371485,0.9215579493799306,2.2656164169311523,5.561305284500122,4.5329327492996345,0.9215053585869392,2.267740488052368,5.352674722671509,4.760964928759667,0.9215215630311671,2.277294397354126,5.398913621902466,4.718572064908441,0.9214530551126938,2.2788631916046143
459,IoBT_GUNFIRE,9.999897480010986,9.99468610689343,0.8971924122450086,1.2676782608032227,10.282405614852905,9.922253050989841,0.8971209539458322,1.2719993591308594,10.66285490989685,10.400480365577188,0.8971217475336463,1.2799266576766968,10.345896482467651,10.03592824098974,0.8971017459456251,1.2831284999847412
460,IoBT_GUNFIRE,5.0000083446502686,4.999293019234919,0.8118692064695969,2.349895715713501,5.736643671989441,4.952957225334773,0.8118142484657328,2.3525102138519287,5.408521890640259,5.195293736680119,0.8118995452655784,2.350468635559082,5.399263501167297,5.138400329992442,0.8118760344856645,2.3553082942962646
461,IoBT_GUNFIRE,-5.000017881393433,-5.101893559821413,0.6895586912221419,1.0547558069229126,-3.909859359264374,-5.071927607862044,0.6897774166053897,1.0624775886535645,-4.369648098945618,-4.788360044597032,0.6897196820940723,1.0613391399383545,-4.290490746498108,-4.914658883293478,0.6896967206910753,1.0617390871047974
462,IoBT_GUNFIRE,9.999991655349731,9.96246128078645,0.9224359917200727,1.5052170753479004,10.465137958526611,10.083555977374363,0.9226302811155833,1.5014772415161133,10.390406847000122,10.194697957666733,0.9228618568629241,1.5036951303482056,10.45716404914856,10.227300396406804,0.9228583017375028,1.5040535926818848
463,IoBT_GUNFIRE,4.999998509883881,5.126928402035964,0.8407447174735028,1.088759422302246,5.977730751037598,5.233837044217031,0.8408313452377277,1.0926337242126465,5.086573958396912,5.073795085711092,0.8409381003294382,1.098057746887207,4.895748198032379,4.832458738612185,0.8409621198662557,1.1005011796951294
464,IoBT_GUNFIRE,14.999852180480957,14.988429129344922,0.9586775972597726,1.690758228302002,13.488290309906006,14.21903739581615,0.9586823576948132,1.6931302547454834,14.842787981033325,14.699348044560391,0.9587244356087471,1.7032372951507568,11.274242401123047,10.995848966601507,0.9587080991688275,1.71632981300354
465,EXISTING_PROXY,4.999998509883881,4.918560534729124,0.7908382032152288,1.177211046218872,5.80475389957428,4.986934816685445,0.7907365450487859,1.1799205541610718,4.916863143444061,4.587186419214059,0.7906667697832256,1.1836471557617188,5.229541659355164,4.845611234927032,0.7905598388635644,1.1832414865493774
466,EXISTING_PROXY,4.999555051326752,4.921824916937916,0.8961846383839039,1.796450138092041,5.509770512580872,4.692577896832659,0.8962062354756518,1.808921217918396,4.889858961105347,4.524026634756655,0.8958420181129907,1.8039945363998413,4.82366144657135,4.397553030470322,0.8958530614038027,1.8060345649719238
467,IoBT_GUNFIRE,-9.995614290237427,-10.312043271090285,0.43721496868464765,1.0438790321350098,-8.6970055103302,-10.053939231561955,0.4375356587916641,1.0458709001541138,-9.373982548713684,-9.941578548069725,0.4377099070078128,1.0455245971679688,-9.231824278831482,-9.861850657839655,0.43772823511614717,1.045520544052124
468,EXISTING_PROXY,14.998947381973267,15.053133077072845,0.9945600612060181,1.576338768005371,14.182678461074829,14.791440392314186,0.9945057931196343,1.5697815418243408,15.500171184539795,15.461606333494757,0.9944973729297492,1.6083629131317139,15.512977838516235,15.451876617655252,0.9944880764890691,1.6128296852111816
469,IoBT_GUNFIRE,10.000072717666626,9.979307955702621,0.8542291355745018,1.4813510179519653,4.83460545539856,3.8420341119507295,0.8544183417330745,1.547473430633545,9.928035736083984,9.581889500794835,0.8544244242472717,1.4914424419403076,8.75485360622406,8.323318173629824,0.8544282436845734,1.5019029378890991
470,EXISTING_PROXY,1.3978400374980993e-05,-0.007918454241380915,0.7659444636845241,1.3215116262435913,0.9289730340242386,0.00019822901676462036,0.7665110007713429,1.3267773389816284,0.752611830830574,0.405956228622515,0.766744348397866,1.3320353031158447,0.45870907604694366,0.037611614391099335,0.7667739478528784,1.3370453119277954
471,EXISTING_PROXY,4.9999576807022095,5.020080040383839,0.8355139206860784,1.50210702419281,5.567538142204285,4.800465561895162,0.8353418128621661,1.5080642700195312,4.947008192539215,4.5582159012170305,0.8352209434656845,1.5062289237976074,5.180366039276123,4.717733113205249,0.8351824103644744,1.5040557384490967
472,IoBT_GUNFIRE,-4.400616830935178e-06,-0.0582923102420286,0.8424072286874535,1.2098292112350464,0.8992220461368561,-0.19799839267423447,0.8423554096656694,1.3652970790863037,0.3437337279319763,-0.028803212853875493,0.8423152776057884,1.369924545288086,0.4346431791782379,-0.018536080579323214,0.8423354690803352,1.3701722621917725
473,IoBT_GUNFIRE,14.999938011169434,14.998878619278903,0.9725806507998154,2.495927333831787,14.230687618255615,14.717462992437927,0.9725508442995152,2.488332986831665,14.924778938293457,14.787950130177016,0.9724904587549292,2.4968667030334473,14.02713656425476,13.856604570132191,0.9725126124273736,2.4982454776763916
474,IoBT_GUNFIRE,-9.999897480010986,-10.163211528099126,0.6431024470482689,1.1110680103302002,-8.706454634666443,-9.828189923498249,0.6434678225345871,1.1102803945541382,-9.41943645477295,-9.866834055876591,0.6436047318737034,1.1113916635513306,-9.359795451164246,-9.878999350460155,0.6436422690562809,1.1118011474609375
475,IoBT_GUNFIRE,-7.76579724970361e-06,-0.1622132039602459,0.8148340719532555,1.0779075622558594,1.253407597541809,0.0042483432561130725,0.8148020399785258,1.0807876586914062,0.47438744455575943,-0.021699042774722968,0.8149479665333895,1.0837384462356567,0.05481407046318054,-0.5820737660159311,0.814825494690972,1.0861200094223022
476,EXISTING_PROXY,9.999979138374329,10.049144888217905,0.8217420047264463,1.553879976272583,9.721116423606873,9.23439577754924,0.8218974769664125,1.5533182621002197,9.356508255004883,9.172539912936905,0.821886477989602,1.570694923400879,9.80741262435913,9.58244660656726,0.8219205778249666,1.5714173316955566
477,IoBT_GUNFIRE,0.0004995704512111843,-0.06884182848459784,0.8015337014664202,1.1508378982543945,1.1178722977638245,0.09919684598564876,0.8016302509859646,1.162235140800476,0.4412783682346344,0.11094817443439613,0.8016603942797946,1.1642955541610718,0.5287254229187965,0.13528231492049,0.801692783947292,1.1637403964996338
478,IoBT_GUNFIRE,10.000067949295044,9.978399557940307,0.8848552713118136,2.71140193939209,10.086596012115479,9.648049799805856,0.8848847829893577,2.713636636734009,10.205625295639038,10.06273990595236,0.8848371965789665,2.7281880378723145,10.256439447402954,10.075119730805183,0.884827544432033,2.7296714782714844
479,IoBT_GUNFIRE,9.999997615814209,10.011857030011615,0.9348784203542351,1.975034475326538,10.418204069137573,10.033542310731793,0.9351130170564278,1.9760704040527344,10.757265090942383,10.605229902497399,0.935169012140766,2.0019381046295166,10.870199203491211,10.679336154072628,0.9351958022964453,2.006035566329956
480,IoBT_GUNFIRE,4.999909698963165,5.0222548692297995,0.9208905066139518,1.4577927589416504,5.874512195587158,5.10452313308692,0.9214307547164019,1.4760677814483643,5.0777268409729,4.928659501599229,0.9216207203352099,1.4835772514343262,5.789157152175903,5.598163812312677,0.9216827742565549,1.4827702045440674
481,IoBT_GUNFIRE,5.000014901161194,5.005484984135926,0.9980604678299984,2.8480184078216553,5.744800567626953,4.914255316094882,0.9980309305275371,2.8499786853790283,5.451781749725342,5.234110683175226,0.9980098341253164,2.852679967880249,5.553405284881592,5.27405811894334,0.9979942813072462,2.8630878925323486
482,EXISTING_PROXY,9.999984502792358,10.06030239207103,0.7240485945273744,1.1586769819259644,10.10373592376709,9.712172406004013,0.7239711788786407,1.1581683158874512,10.268220901489258,9.990174992813966,0.7240510317396266,1.1691490411758423,10.274828672409058,9.948918364589048,0.7241415543895958,1.1709429025650024
483,IoBT_GUNFIRE,-4.998803734779358,-5.1710964193271245,0.35317803538185877,1.1066354513168335,-3.8958805799484253,-4.990712225472955,0.352981882660254,1.113792061805725,-4.395012855529785,-4.846946983644148,0.35319010999624695,1.1110056638717651,-4.660880863666534,-5.168616942181597,0.3531738854639521,1.1171740293502808
484,IoBT_GUNFIRE,5.1771905873465585e-06,0.2848467904458333,0.7195635267988558,1.0781959295272827,1.321573406457901,0.454465322325297,0.7197675718926401,1.0806266069412231,0.794476792216301,0.6441262321960439,0.7196947389964469,1.081788420677185,0.8999165147542953,0.6581559337778996,0.7198392790807397,1.0825666189193726
485,IoBT_GUNFIRE,9.99979019165039,10.00056562749307,0.5792023993768478,1.8205134868621826,7.80974805355072,7.062564492385128,0.5791774892813466,1.8712646961212158,10.279912948608398,9.988639120925358,0.5791391115592861,1.8441288471221924,10.303901433944702,9.967674122372037,0.5791557253879902,1.8480923175811768
486,IoBT_GUNFIRE,2.9509903924918035e-05,-0.017585494355729692,0.6692065835825727,1.155992031097412,0.7794703543186188,-0.11297341413730616,0.6699612423582048,1.1568399667739868,0.4023919254541397,0.18816120287464339,0.6700745267529256,1.1593577861785889,0.05501037463545799,-0.21272440073764484,0.6700976129414051,1.1637707948684692
487,EXISTING_PROXY,-7.765790854818988e-07,0.04447796035888914,0.6673091120256891,1.0553370714187622,0.50163634121418,-0.5806594975587107,0.6673351051789057,1.0557037591934204,-0.17975032329559326,-0.5070273397242149,0.6673635342134454,1.058022379875183,0.27299556881189346,-0.10099403526456951,0.6674991129746259,1.056528925895691
488,EXISTING_PROXY,-2.5885968923944347e-07,0.07812363786501558,0.908362314751491,1.0887820720672607,1.397852897644043,0.48960297889473503,0.908787678292009,1.0983268022537231,0.8023698627948761,0.6799549057756887,0.9090258360065581,1.0960882902145386,0.584198459982872,0.39430200499897194,0.9090714766090174,1.1045479774475098
489,EXISTING_PROXY,-2.847457380994456e-06,-0.014934808131934582,0.7606074567167842,1.2260645627975464,1.119208037853241,0.20990939147595336,0.7608747720072535,1.2373926639556885,0.8432873338460922,0.6483542541039524,0.7608754579955184,1.239985466003418,0.8875780552625656,0.6436424770103919,0.7610157958405585,1.2434135675430298
490,EXISTING_PROXY,-1.812018126656767e-06,0.16286256441109181,0.6718135302979298,1.1170285940170288,0.8875299245119095,0.09430952748803567,0.6714203274851875,1.1171530485153198,-0.11839172802865505,-0.12386268337265405,0.6715170408171038,1.1202192306518555,-0.2693193778395653,-0.329296663884025,0.671421071391989,1.1211289167404175
491,EXISTING_PROXY,5.000000596046448,5.019797226742755,0.8469398901797083,1.1287522315979004,5.923842787742615,5.052574851744404,0.8468456018909697,1.1262115240097046,5.371260046958923,5.120648342566651,0.8468984305869219,1.1347239017486572,5.4532599449157715,5.135635665583935,0.8467510732770811,1.1355648040771484
492,IoBT_GUNFIRE,5.1771905873465585e-06,-0.21087237526863867,0.8392412568852324,1.2576714754104614,1.1267538368701935,-0.03960849814835117,0.8392895565521334,1.3240264654159546,0.5863615870475769,0.13207201747070188,0.8394740536591588,1.3285975456237793,0.68886898458004,0.17369699289738338,0.8394939283030914,1.3314905166625977
493,EXISTING_PROXY,19.999793767929077,20.005290689699887,0.9886662946291996,2.5021400451660156,8.748877048492432,8.15977691012998,0.9887447637355105,2.5410056114196777,8.47021758556366,8.23903527203152,0.9887694239077272,2.533609390258789,4.423898458480835,4.098177168123293,0.9887783973225035,2.5952377319335938
494,EXISTING_PROXY,3.6240339795767795e-06,-0.022137580570509192,0.6776014647228503,1.068254828453064,0.8018305897712708,-0.17967055267280274,0.6772480912103249,1.0681416988372803,0.3092285618185997,0.1134845210296903,0.6772052780110495,1.069662094116211,0.1702496036887169,-0.065241331162127,0.67699910617497,1.0705252885818481
495,IoBT_GUNFIRE,5.000011324882507,4.985345532785185,0.8452120323138287,1.1952670812606812,5.95464289188385,5.086230311728604,0.8455563561236663,1.1977629661560059,5.667200684547424,5.386907217594684,0.8455568924463698,1.2032734155654907,5.386568903923035,5.043521440097689,0.845674853810224,1.207967758178711
496,EXISTING_PROXY,4.999999403953552,4.971378785597197,0.7358750451913696,1.1656008958816528,5.478614568710327,4.550266388521127,0.7357536295154173,1.168297290802002,5.172559022903442,4.830581598047219,0.73576852176169,1.1740559339523315,5.105213522911072,4.6943203835775345,0.7358170070576555,1.1766473054885864
497,EXISTING_PROXY,2.070876945481359e-06,0.010255983912199697,0.7787756937287815,1.176783800125122,0.6495826691389084,-0.4099728621349572,0.7785770130876742,1.181591510772705,0.2868266776204109,-0.10328407242379516,0.7790388644991253,1.1828434467315674,0.29837800189852715,-0.16648355797672088,0.7788685123774473,1.1839590072631836
498,IoBT_GUNFIRE,5.00000536441803,5.117963181820988,0.7891696716620176,1.3534374237060547,6.012920141220093,5.225235881354578,0.7893432748014172,1.3622572422027588,5.570458769798279,5.38034978048308,0.7892905934382912,1.3679535388946533,5.657784938812256,5.412056291354467,0.7892494623965102,1.3704872131347656
499,IoBT_GUNFIRE,5.00005304813385,4.98485393349221,0.8686067749096302,1.842142939567566,5.650983452796936,4.597907766000374,0.8685748363123641,1.8434126377105713,4.822334051132202,4.128511526549054,0.868545826352494,1.854590654373169,5.315082669258118,4.537937563288756,0.8685917299561069,1.8370821475982666
500,IoBT_GUNFIRE,9.999994039535522,10.018031670089783,0.9465139268360507,2.686009645462036,10.199419260025024,9.770473085325568,0.9465085932035343,2.6952052116394043,10.030845403671265,9.87830980361717,0.9465137156217402,2.6967873573303223,7.908971309661865,7.699022951664025,0.9464642240887486,2.710956573486328
501,IoBT_GUNFIRE,4.999902844429016,4.968025302886257,0.8436283259870733,1.4652228355407715,6.280005574226379,5.541292854120524,0.8442901227912327,1.4767568111419678,5.777884125709534,5.509548077105051,0.8446899327214676,1.4750964641571045,5.798457860946655,5.485353507629519,0.8447548461528172,1.4774937629699707
502,IoBT_GUNFIRE,5.000056624412537,5.020147257073569,0.788291842498215,1.2009811401367188,5.864308476448059,5.076403233056049,0.7886373110490672,1.1943539381027222,3.7470927834510803,3.6163953614751736,0.7888028613456538,1.1959288120269775,3.8980847597122192,3.7239221212698403,0.7889456273602222,1.1953792572021484
503,EXISTING_PROXY,4.999991953372955,4.977681356215381,0.8914580085178967,1.2679336071014404,5.716153383255005,4.922618364151768,0.8918465410564432,1.2744228839874268,5.6663501262664795,5.470148608285169,0.8920425132493515,1.2798713445663452,4.919550716876984,4.675927955627665,0.8921004984104467,1.2901701927185059
504,IoBT_GUNFIRE,20.00002145767212,20.014616693741143,0.9854862297929894,3.5867533683776855,15.211018323898315,16.202084086873036,0.9854793173356633,3.5887696743011475,16.710963249206543,16.658652702609544,0.9854538550625543,3.591489553451538,14.08870816230774,13.919042477044348,0.9854415221479081,3.592041492462158
505,IoBT_GUNFIRE,9.99998152256012,9.99598663752033,0.9047605778605912,3.0613036155700684,8.427795767784119,7.806488667192055,0.9048163036826206,2.9970507621765137,0.6590740382671356,0.49244660616839026,0.9048755047772042,3.1294384002685547,10.04133939743042,9.850816873648927,0.9048553182089081,3.067502975463867
506,IoBT_GUNFIRE,6.626757112826454e-05,0.006452462368827517,0.6325420826124498,1.2784799337387085,1.0335743427276611,0.102177808630924,0.6330986210499511,1.285562515258789,0.40242116898298264,0.2999461477572935,0.6333017232170188,1.2932499647140503,0.4354487732052803,0.28807045134379367,0.6333120822952336,1.2959245443344116
507,EXISTING_PROXY,9.99976933002472,10.020801909124428,0.9439373162339008,1.6856961250305176,8.131096363067627,7.429517449820456,0.9438469314433791,1.6940038204193115,7.493346929550171,7.090358328240162,0.9437769541808739,1.6963444948196411,6.051883697509766,5.5475737005902594,0.9437959604919165,1.706066370010376
508,EXISTING_PROXY,10.000079870223999,9.971503565684296,0.9233434633668662,1.8684080839157104,10.506763458251953,10.130111489895025,0.9234177921740814,1.90464186668396,10.291187763214111,9.962836517022014,0.9234105414387962,1.895327091217041,10.342825651168823,9.980995941308104,0.9234707950635508,1.9026589393615723
509,IoBT_GUNFIRE,-5.177194140060237e-07,0.14756558287095403,0.7727888795538634,1.3258769512176514,1.0007920861244202,0.24928855419614343,0.7733357310039464,1.3445767164230347,0.39369210600852966,0.33538125319740464,0.7735265019956884,1.3459162712097168,0.4803100973367691,0.3708959620906257,0.7735795046468512,1.348397970199585
510,IoBT_GUNFIRE,19.99998688697815,20.01044550859735,0.9848839396706784,2.332319974899292,13.56220006942749,14.443945183765514,0.9848994728304836,2.353807210922241,17.059770822525024,17.103635059672673,0.9848795672845932,2.3512613773345947,12.917100191116333,12.689657607821976,0.9848612822769884,2.357226610183716
511,IoBT_GUNFIRE,-4.999939501285553,-4.902922021445738,0.8331223331875804,1.070852518081665,-4.187048375606537,-5.183322776162921,0.8330015431915228,1.0697485208511353,-4.535860121250153,-4.6737324923640715,0.8330062696656245,1.0700335502624512,-4.528191387653351,-4.728233236977913,0.8329682426347179,1.0704345703125
512,IoBT_GUNFIRE,10.000016689300537,9.99280675167334,0.8717848677074896,1.4559983015060425,10.09677767753601,9.684735095282228,0.8717237073725754,1.462878704071045,10.248064994812012,10.03926479438662,0.871835037292929,1.4661097526550293,10.256412029266357,10.007002264158597,0.8718799391454293,1.4679336547851562
513,IoBT_GUNFIRE,14.999748468399048,15.019901596862134,0.9874361384996871,1.882805585861206,14.625016450881958,15.390160670113449,0.9875615833565677,1.8793296813964844,15.366860628128052,15.262412411488864,0.9876256536426036,1.8828235864639282,15.302455425262451,15.24550680791988,0.9876383189503529,1.8826465606689453
514,IoBT_GUNFIRE,-4.999975562095642,-5.247758108327996,0.6811568214717436,1.096575140953064,-4.073858559131622,-5.418986002341174,0.6814141426586201,1.0970215797424316,-4.714518189430237,-5.2420549851066145,0.6817132882894207,1.1024448871612549,-4.7029197216033936,-5.300063041254286,0.6817813670565647,1.1037418842315674
515,IoBT_GUNFIRE,9.999889135360718,10.007152830281495,0.9570117058923314,1.6585979461669922,4.863384664058685,4.052665276059005,0.9572065627537453,1.7514803409576416,7.528709173202515,7.325310776016179,0.9572856377501485,1.7186412811279297,10.302538871765137,10.095851914081955,0.9572967500747283,1.7040534019470215
516,IoBT_GUNFIRE,4.999991357326508,5.055602990168497,0.8779082412809599,1.6393465995788574,4.957697093486786,4.163626445023022,0.8780258046719466,1.6520476341247559,4.991350471973419,4.606146459874961,0.8780631530750428,1.646791696548462,4.12305623292923,3.663694341354044,0.8781158775590238,1.658520221710205
517,IoBT_GUNFIRE,5.000013709068298,5.0314701415255305,0.7494989924160421,1.2040084600448608,-2.2507476806640625,-3.3981794008396413,0.7497135185881951,1.4922343492507935,2.062535285949707,1.7145304431431196,0.7498425115328687,1.4368544816970825,1.2941433489322662,0.8558591153723399,0.7498933271900193,1.4569666385650635
518,IoBT_GUNFIRE,10.000002384185791,9.996599075811824,0.946633489683447,1.8786293268203735,10.281507968902588,9.878181946140558,0.9466048586305645,1.859557867050171,10.211957693099976,10.02670296473823,0.9465851194721275,1.8694247007369995,10.241302251815796,10.014146825824035,0.9465656141523755,1.8671528100967407
519,IoBT_GUNFIRE,-5.000012516975403,-5.018832211381518,0.8466355240738788,1.2183185815811157,-4.259940683841705,-5.371218928302954,0.8466457157013731,1.2228552103042603,-4.627217352390289,-5.146721412318357,0.846721452182483,1.223354697227478,-4.619656503200531,-5.2327374602565735,0.8466697658675213,1.223698616027832
520,EXISTING_PROXY,5.000013709068298,5.095592386839073,0.7686830567272006,1.4049266576766968,5.537970662117004,4.7614039077079235,0.7688590414890113,1.406886339187622,5.057512521743774,4.979755382147913,0.768817564030904,1.4218558073043823,5.129745006561279,5.00279918626066,0.768955288157689,1.4239418506622314
521,IoBT_GUNFIRE,15.000032186508179,14.997593708811351,0.8116772547216505,2.7178733348846436,14.184285402297974,14.846345188653164,0.811653015650369,2.7274341583251953,15.256757736206055,15.140185527153216,0.8116496629981755,2.72866153717041,15.270992517471313,15.142950693991315,0.8116258060518966,2.730409860610962
522,IoBT_GUNFIRE,14.999699592590332,15.001381304567914,0.9999917846213323,3.118604898452759,13.89244556427002,14.720233012701083,0.9999710731439834,3.1180620193481445,15.137360095977783,15.004271391583528,0.9999614183717384,3.121051788330078,15.12408971786499,15.00331774568336,0.9999541020576669,3.121243715286255
523,IoBT_GUNFIRE,5.000014305114746,5.018541834009001,0.8330693699900629,1.2249943017959595,5.324510335922241,4.535083568108651,0.8331509599127556,1.2371677160263062,4.416108429431915,4.204681807781119,0.8331175798103971,1.2413196563720703,5.1470935344696045,4.890781821580766,0.8331733429085,1.2398874759674072
524,IoBT_GUNFIRE,-10.000060796737671,-9.781567310823062,0.4709451516392717,1.0778717994689941,-8.899564743041992,-9.72353405509325,0.4710621648790738,1.0789856910705566,-9.511180520057678,-9.64219964363696,0.47112180864223624,1.0721921920776367,-9.416086673736572,-9.623277920974074,0.471244462343714,1.07976496219635
525,IoBT_GUNFIRE,14.999977350234985,15.002344183488168,0.9675718696416019,2.695807456970215,11.529196500778198,11.293126098069104,0.9676606944869837,2.690761089324951,12.589964866638184,12.471406510285822,0.9677144166309476,2.6938533782958984,13.3531653881073,13.21370609018821,0.9677180905659429,2.6953725814819336
526,IoBT_GUNFIRE,5.00001072883606,4.99994957367497,0.9126075795053109,1.475841999053955,5.246142745018005,4.383579927469114,0.9125352864679281,1.5386416912078857,5.408364534378052,5.24790950638698,0.9125523007024757,1.5564422607421875,5.062799453735352,4.846708953498871,0.9125103752800081,1.5628767013549805
527,IoBT_GUNFIRE,4.999982118606567,4.986054267345586,0.7981960383940242,1.100649118423462,5.510338544845581,4.612743122730906,0.7982162800777804,1.099814534187317,5.367293953895569,5.114648663404061,0.7984988063283252,1.1029996871948242,5.465804934501648,5.150280822577403,0.798323234411089,1.1032533645629883
528,EXISTING_PROXY,15.000007152557373,15.004145754104174,0.9480281967930347,1.7048466205596924,13.572776317596436,14.738320953047685,0.9479718884487205,1.7009819746017456,14.645839929580688,14.537185008524036,0.9479140883907367,1.7236557006835938,14.579335451126099,14.529468027255138,0.9479030204843789,1.7257777452468872
529,IoBT_GUNFIRE,5.000010132789612,4.94562732882967,0.7933442715171453,1.1740095615386963,5.8364540338516235,5.024318857257871,0.7933836888454535,1.1879676580429077,5.323411226272583,4.945780684261495,0.7934910835823568,1.1900205612182617,5.243275165557861,4.802893232023062,0.7934977039148284,1.1923739910125732
530,IoBT_GUNFIRE,14.999881982803345,15.0154102959291,0.9525176899672769,1.5951205492019653,14.460896253585815,15.194918684005334,0.9530623613750285,1.616941213607788,15.621379613876343,15.509077575325815,0.9532743181641987,1.6213493347167969,15.706158876419067,15.588401682761484,0.9533304221723925,1.6254918575286865
531,IoBT_GUNFIRE,-9.999939203262329,-10.049795660191094,0.8259767030679992,1.102010726928711,-9.01814877986908,-10.1373430881958,0.8264531950156624,1.1083054542541504,-9.529367089271545,-9.824663825213412,0.8265247445586493,1.096644401550293,-9.457923769950867,-9.787932059380143,0.8266532951024368,1.097306489944458
532,IoBT_GUNFIRE,4.999993443489075,4.99031358757376,0.8954625784386392,1.7020081281661987,5.255190134048462,4.454714833915098,0.895573002875051,1.7175302505493164,4.972589313983917,4.863772655825196,0.8956122614485404,1.7197060585021973,5.19550621509552,5.052410579628301,0.895569087592058,1.7207813262939453
533,IoBT_GUNFIRE,7.765783607283083e-06,-0.02069643662006604,0.7895474099238317,1.1227686405181885,0.7850532978773117,-0.18631557231551404,0.7895035738662267,1.1209709644317627,0.3872480243444443,0.1642633223839181,0.7894797620289818,1.1240575313568115,0.46777158975601196,0.1885471458889758,0.789457211877984,1.1241414546966553
534,IoBT_GUNFIRE,5.000101923942566,5.003448875806234,0.8553857271900556,1.242027997970581,5.407395958900452,4.309771491975482,0.8553343388145249,1.2418549060821533,5.0307393074035645,4.374605498606744,0.8553734294402925,1.2524123191833496,5.332925319671631,4.583638698808326,0.8553288059340366,1.2495200634002686
535,EXISTING_PROXY,19.99993085861206,20.015956644207993,0.9821283150537301,1.999377965927124,11.04547381401062,10.876098093045357,0.9821352036414698,2.0303874015808105,16.320325136184692,16.31933740170395,0.9820797573496662,2.0215511322021484,14.79221224784851,14.715480266712017,0.9820170994818388,2.024825096130371
536,IoBT_GUNFIRE,5.0000035762786865,4.989578348439781,0.9276695157024463,1.6579220294952393,6.214044690132141,5.337566435464294,0.927696569073634,1.6245148181915283,5.826764106750488,5.461853512958537,0.9276795008296648,1.6208757162094116,5.947048664093018,5.51388007757655,0.9276876751221161,1.6157734394073486
537,IoBT_GUNFIRE,9.999985694885254,10.020436131091957,0.6058373020971689,1.7201159000396729,10.875732898712158,10.535697778663293,0.6060231785468027,1.7996442317962646,10.830003023147583,10.579881699787938,0.6060692691948096,1.785419225692749,10.984863042831421,10.69812604934311,0.6060274570749331,1.801887035369873
538,IoBT_GUNFIRE,-4.999903738498688,-4.98709875021777,0.6627022750130267,1.105298399925232,-3.6122629046440125,-4.787556003387663,0.6627569588141444,1.0986725091934204,-4.1117870807647705,-4.539985821931591,0.6627883883791991,1.0997904539108276,-3.9690205454826355,-4.4818869097444125,0.6628416050617966,1.099198579788208
539,IoBT_GUNFIRE,4.089963567821542e-05,0.04861288666263887,0.8135262736703779,1.0347079038619995,0.7401837408542633,-0.42273205056626956,0.8136154908168869,1.031921148300171,0.49707595258951187,-0.016816293719313972,0.813730560364941,1.0326868295669556,0.568009726703167,-0.05071900007554357,0.8137334649734165,1.0324004888534546
540,IoBT_GUNFIRE,14.999988079071045,15.007424795650834,0.8691700109102014,1.9856901168823242,8.994950652122498,8.412898070348074,0.8690121536785798,2.010359048843384,11.659644842147827,11.390680928356304,0.8690285278258981,2.0160186290740967,13.232057094573975,13.025769154237643,0.8690676621565158,2.0124027729034424
541,IoBT_GUNFIRE,5.0000059604644775,5.00224502077208,0.828811406397322,1.4649924039840698,5.965090394020081,5.158199860660053,0.8291243046983389,1.4700044393539429,5.488857626914978,5.244047021431857,0.8291047632733635,1.47707200050354,5.719066858291626,5.42051334595768,0.8292585300077003,1.4775663614273071
542,EXISTING_PROXY,-5.000002980232239,-5.0299793522336,0.5255236524012493,1.081246256828308,-5.063071250915527,-6.097735579431714,0.5254212235772242,1.089141845703125,-5.324561595916748,-5.637700722960977,0.525164960092746,1.0872327089309692,-4.946078658103943,-5.32271958529508,0.5252200982635347,1.0842772722244263
543,IoBT_GUNFIRE,10.000032186508179,9.985480219141149,0.984635797750732,1.3462704420089722,9.829766154289246,9.35610187657382,0.9846275157381879,1.3427224159240723,9.777443408966064,9.641540910115602,0.9846380096588832,1.348482370376587,7.486116290092468,7.320641912199343,0.9846382284577183,1.3520169258117676
544,IoBT_GUNFIRE,15.000007152557373,15.022007948102443,0.904105890199041,1.856461763381958,14.082245826721191,14.586368828936864,0.9040943527521956,1.843410849571228,15.086159706115723,14.950265422074247,0.9041883647394466,1.8652408123016357,15.147256851196289,15.022505325058251,0.9041920894910894,1.8661184310913086
545,IoBT_GUNFIRE,19.999845027923584,20.014523642638817,0.9518744485073394,2.145650625228882,15.015531778335571,17.047500971477692,0.9519536632364255,2.1586790084838867,17.47293710708618,17.581805418500988,0.9520102904331345,2.177522659301758,14.249393939971924,14.115120440004931,0.9519930628592723,2.195744037628174
546,IoBT_GUNFIRE,14.999897480010986,14.993831846828671,0.9828030457553106,2.442142963409424,14.362128973007202,14.728742823445568,0.9828019824710545,2.4463765621185303,15.2044677734375,15.073975273455664,0.9827636245055079,2.4502148628234863,15.178147554397583,15.045083299769676,0.9827895115729939,2.4516899585723877
547,IoBT_GUNFIRE,15.000002384185791,15.01833334624755,0.9059404772037369,2.2356975078582764,13.771219253540039,14.366928464349328,0.9058529302351668,2.22861647605896,14.98827576637268,14.874266385412591,0.9059396555640308,2.2431554794311523,14.733436107635498,14.594579802012431,0.9058430795992222,2.2443912029266357
548,EXISTING_PROXY,10.00001072883606,10.01075619642001,0.9862267693312009,2.263542413711548,10.532549619674683,10.304082777618957,0.9862948007474838,2.265713691711426,10.724332332611084,10.351841272403346,0.986271831144338,2.276455879211426,10.746649503707886,10.364743741881936,0.9862591885022712,2.278287649154663
549,EXISTING_PROXY,5.000571012496948,3.8125772036057137,0.8025780577302405,1.3270516395568848,5.595675706863403,3.568545589030887,0.802701879619782,1.327473759651184,5.115770101547241,3.6271265266285377,0.8025453369153889,1.3297916650772095,5.1383572816848755,3.5971419002027005,0.8026845503508998,1.3312379121780396
550,IoBT_GUNFIRE,9.999973773956299,9.997411973424693,0.958774138997616,1.994035243988037,9.965500831604004,9.532788297252178,0.9587281126754625,1.9832134246826172,10.23961067199707,9.998819012322643,0.9587296438554737,2.0014090538024902,9.55969750881195,9.26241250512154,0.9587168570428929,2.0026533603668213
551,IoBT_GUNFIRE,9.999677538871765,10.016365268924428,0.9599324192979852,1.414729356765747,10.432212352752686,10.052317239675872,0.9601314598188535,1.4053219556808472,10.632038116455078,10.452358198153501,0.9601738903642878,1.4112629890441895,10.617953538894653,10.395382585248845,0.960199901147162,1.4101967811584473
552,IoBT_GUNFIRE,4.999947547912598,4.973000186382499,0.8153734367659309,1.1585452556610107,5.985159277915955,5.187987535877636,0.8160138546568915,1.1695702075958252,5.5834925174713135,5.406148498243825,0.8162196975859274,1.1729731559753418,5.752726793289185,5.528763342295378,0.8162772218508446,1.174782633781433
553,IoBT_GUNFIRE,9.999971985816956,9.987320340463432,0.8769073892958704,2.109330177307129,10.409064292907715,10.011962577953991,0.8768109509830836,2.114539623260498,10.284136533737183,9.986027213132827,0.8767215178828416,2.111212730407715,10.322717428207397,9.987361050533206,0.8767160124446651,2.1123716831207275
554,IoBT_GUNFIRE,-3.882896919549239e-06,0.10246692172830059,0.5875002636331861,1.1049067974090576,1.319020837545395,0.1890877279659227,0.5874610292660403,1.1030603647232056,0.6198185682296753,0.22097319943158392,0.5874598899225412,1.1036709547042847,0.8278945088386536,0.3293509548957852,0.5873788101014581,1.1032196283340454
555,IoBT_GUNFIRE,19.999548196792603,19.99638697509504,0.9223661779341402,2.7639384269714355,17.27798104286194,19.31221402080816,0.922331634395877,2.7616443634033203,19.69029664993286,19.82675156241758,0.9223373531954373,2.7672367095947266,19.295111894607544,19.534464439675784,0.9223411827472313,2.7680110931396484
556,IoBT_GUNFIRE,-1.4755026995771914e-05,0.02680493900343518,0.6365488110324611,1.09027898311615,1.028575375676155,0.1394044977799055,0.6369387699174848,1.0924034118652344,0.48801522701978683,0.3675104025261351,0.6368424480806638,1.0937577486038208,0.514073483645916,0.35447420316385814,0.6369558748557086,1.0947651863098145
557,IoBT_GUNFIRE,10.000052452087402,9.9715473718577,0.9127586291263615,1.1786590814590454,10.539097785949707,10.13006187545746,0.913014546443848,1.1799415349960327,10.389546155929565,10.07393434434852,0.9132470415333671,1.1793094873428345,10.307508707046509,9.95236450992328,0.9132719254522275,1.179943323135376
558,IoBT_GUNFIRE,14.999969005584717,14.883444524042272,0.9462388987817004,2.1169862747192383,14.242619276046753,14.793290294380213,0.9462788857231689,2.132502555847168,15.08313775062561,14.899142119818048,0.9463176191688984,2.1100287437438965,14.999831914901733,14.848831495122269,0.9463295630343411,2.1110646724700928
559,IoBT_GUNFIRE,9.999949336051941,10.009458647025138,0.9172209476829266,2.138509750366211,9.201596975326538,8.648336905344705,0.9172689246420551,2.1482980251312256,5.888379812240601,5.637422448699465,0.9173318927634686,2.1771342754364014,10.239348411560059,9.976416225565284,0.9173236992921252,2.156003952026367
560,IoBT_GUNFIRE,19.999725818634033,20.001071406777907,0.9905411174032784,2.069413185119629,10.146379470825195,9.709008621787891,0.9905710731326268,2.2383859157562256,9.1737961769104,9.003019950401288,0.9905592045863638,2.2908997535705566,8.827289342880249,8.598381967823869,0.9905811511307903,2.287116527557373
561,IoBT_GUNFIRE,9.999951720237732,9.99489469504211,0.949491164766909,1.467028260231018,9.53437089920044,9.022200435451731,0.9495613686867526,1.4884092807769775,10.034016370773315,9.81012809490672,0.9495326452410511,1.4911388158798218,10.198765993118286,9.935472445712554,0.9495506911187849,1.4945539236068726
562,IoBT_GUNFIRE,9.999913573265076,10.007785395931004,0.8592829860057437,1.8470454216003418,9.512782096862793,9.012212007066667,0.8594057757560151,1.9027462005615234,6.5020447969436646,6.144149271753127,0.8595224421715237,1.915773630142212,6.54560387134552,6.179822558722696,0.8595600740616298,1.9193016290664673
563,IoBT_GUNFIRE,-2.5885968923944347e-07,-0.03328559071821237,0.7189396796048276,1.1374461650848389,1.3407309353351593,0.37949244124643156,0.7190840880110394,1.1355431079864502,0.7438726723194122,0.36233726202580196,0.719230431364509,1.1386197805404663,0.8750960975885391,0.4216623850414735,0.7193470474981472,1.138622522354126
564,IoBT_GUNFIRE,-5.000048875808716,-5.001560418350889,0.8358227884371117,1.4654781818389893,-4.071967601776123,-5.038739216000474,0.8359743507223836,1.459169864654541,-4.624646604061127,-4.831550036534745,0.8360068122923939,1.4653968811035156,-4.746465086936951,-5.002524625815605,0.836021549971986,1.4677268266677856
565,IoBT_GUNFIRE,-9.999997615814209,-10.539613215513459,0.52890916853249,1.0464162826538086,-8.475554585456848,-10.217193845671913,0.529375796640592,1.047203540802002,-9.20789361000061,-10.206487992991057,0.5295506866037786,1.0494332313537598,-8.954068422317505,-10.04587501486505,0.5295611281838776,1.0480823516845703
566,IoBT_GUNFIRE,5.000024437904358,4.995720136181639,0.9184040597169264,1.3108205795288086,5.977489352226257,5.161540073416724,0.9184425305926164,1.318459391593933,5.48748254776001,5.288063326282092,0.9185367235723031,1.3260810375213623,5.575724840164185,5.319371333298092,0.918490985782981,1.3280723094940186
567,IoBT_GUNFIRE,0.006241279770620167,-6.487832809697441,0.5205860031818282,1.02397620677948,0.9230536222457886,-6.395431854948725,0.5210271067044029,1.023869276046753,0.3148042783141136,-6.329599390424139,0.521155791785562,1.0238713026046753,0.33367492258548737,-6.337834717406981,0.5211586898432635,1.0238573551177979
568,EXISTING_PROXY,-0.0007121813541743904,-0.05349280785473331,0.8710649616339033,1.137178659439087,1.425192505121231,0.3895929758206518,0.8710263029840489,1.136564016342163,0.9237024188041687,0.5645545668316231,0.8710877102919522,1.1372053623199463,1.049615740776062,0.6254408210518023,0.8710034398874258,1.1373339891433716
569,EXISTING_PROXY,0.0,105.1598125751639,0.9999999999999993,4.643888473510742,19.555742740631104,36.49719227217218,0.9999647737171999,4.640718936920166,32.36418008804321,34.11927071690353,0.999937941900845,4.639498233795166,30.73927402496338,33.06692728885678,0.9999265571014222,4.6374664306640625
570,IoBT_GUNFIRE,15.001336336135864,7.974285209390338,0.7964793604720593,1.4153099060058594,12.637073993682861,7.96957450595198,0.796789721837582,1.4262940883636475,13.718515634536743,7.919258102923133,0.7969670227187433,1.4343584775924683,13.377044200897217,8.04122922594956,0.7970597278033997,1.4364525079727173
571,IoBT_GUNFIRE,4.866534709435655e-05,-0.07474041214177536,0.8822976078958327,1.6802828311920166,0.2688090316951275,-1.0399543905982231,0.8822967994447588,1.6683268547058105,-0.046388604678213596,-0.6335358185121847,0.8822727466355912,1.6821022033691406,0.16394466161727905,-0.5260065243594015,0.8822744874534637,1.6789757013320923
572,IoBT_GUNFIRE,10.00002145767212,9.997748968891958,0.9167492131665235,1.9568029642105103,10.131258964538574,9.700638944394317,0.9168182384243642,1.9703214168548584,10.322825908660889,10.080717491346194,0.9167163355004989,1.981531023979187,9.694043397903442,9.403352038128286,0.9167107448801926,1.988500952720642
573,EXISTING_PROXY,5.000338554382324,4.831413775918651,0.7768118415458022,1.2261741161346436,4.813048541545868,3.7389512210802236,0.77678196365118,1.2414252758026123,5.0963157415390015,4.633736431617886,0.7769710315994784,1.2434982061386108,5.35402774810791,4.83458010708329,0.7769219998737666,1.2445595264434814
574,EXISTING_PROXY,-3.882896919549239e-06,-0.021620219558820954,0.7099920939041424,1.0799074172973633,0.9980478882789612,-0.23244573880222585,0.7099603472782917,1.0809881687164307,0.1864352822303772,-0.37428319725696113,0.7100234812880998,1.0794439315795898,0.26182929053902626,-0.4000648925744827,0.7099885490522301,1.079700231552124
575,IoBT_GUNFIRE,9.999868869781494,10.048498427525448,0.8873219883294754,1.4081004858016968,10.532469749450684,10.14596017469848,0.8876377929772513,1.4101955890655518,7.640486359596252,7.528444406890825,0.8878942266538099,1.4382545948028564,9.481786489486694,9.37332935942397,0.8879575790265819,1.4332510232925415
576,IoBT_GUNFIRE,10.000016689300537,10.00512898597531,0.7665337527674003,1.8258975744247437,10.345916748046875,9.974769771158398,0.7666122125171664,1.8352763652801514,10.385197401046753,10.141713898644383,0.7667594754244985,1.8485978841781616,10.434013605117798,10.148997748161095,0.7667561041291687,1.8522429466247559
577,IoBT_GUNFIRE,20.000746250152588,16.431466410127236,0.9171834160845043,3.1977808475494385,14.875308275222778,16.58787758125625,0.9171823970636065,3.2203147411346436,17.145358324050903,16.50695190093996,0.9171201990158003,3.216139554977417,16.366987228393555,16.41823561437959,0.9171061980365273,3.218935966491699
578,IoBT_GUNFIRE,-10.000002384185791,-9.786688921333655,0.8054583698680722,1.2142252922058105,-8.575230240821838,-9.476921277168358,0.8055811455439261,1.224249005317688,-9.194241166114807,-9.304068213409932,0.8055556862154827,1.223900556564331,-9.060956239700317,-9.242033061516633,0.8055707376198988,1.2252655029296875
579,IoBT_GUNFIRE,5.00001847743988,5.05892458381953,0.8828717894690462,1.8351982831954956,5.234770178794861,4.468338587223782,0.8827203026262354,1.8133389949798584,2.347303181886673,2.195480687541324,0.8826853853860753,1.8099820613861084,4.688127934932709,4.492146478432638,0.882717291549423,1.8171448707580566
580,EXISTING_PROXY,9.999990463256836,9.993127440006749,0.9878681944402994,3.629061698913574,7.419394254684448,6.606036722622189,0.9878399201028861,3.4766182899475098,5.609607696533203,5.047761367877462,0.9878071969880272,3.4824132919311523,0.7665023952722549,0.04934355059455074,0.9877915649935338,3.1226329803466797
581,IoBT_GUNFIRE,-1.0872120128624374e-05,-0.13609384278581746,0.7498406566278215,1.1570661067962646,0.9977167099714279,-0.25370030581432035,0.7498858948184193,1.1522990465164185,0.44905297458171844,-0.16361603658853302,0.7497651464501662,1.154754638671875,0.4992949217557907,-0.20505283304972324,0.7496589879705614,1.1542553901672363
582,IoBT_GUNFIRE,9.999984502792358,9.991295166748948,0.9457325028927283,2.149930238723755,10.58698296546936,10.21840957009067,0.9460898046146434,2.1541717052459717,10.514190196990967,10.352487223805342,0.9463286003413567,2.160264492034912,10.5912184715271,10.389202371060176,0.9463051406520127,2.1624228954315186
583,IoBT_GUNFIRE,10.00003695487976,9.942769520803846,0.9736613197184949,1.5989904403686523,10.369399785995483,10.09064169875183,0.9736407769277264,1.5677112340927124,10.59918999671936,10.268459276620412,0.9736395681781496,1.5668902397155762,10.654855966567993,10.295667970926507,0.9736483637226567,1.5624864101409912
584,IoBT_GUNFIRE,9.999999403953552,10.05873263000791,0.9223125856783294,1.5585918426513672,10.401973724365234,10.032772717095364,0.9221444600414423,1.571833610534668,10.276733636856079,9.979806332757517,0.9221119454540809,1.581931471824646,10.290799140930176,9.95079023544009,0.9220970326460226,1.5872381925582886
585,EXISTING_PROXY,19.99996304512024,19.991275676600253,0.9329147124326984,2.0351147651672363,9.135851263999939,8.598097810260315,0.9327948789498189,2.0789871215820312,11.075185537338257,10.730365793570314,0.932676847371854,2.0811574459075928,8.87419879436493,8.37328782881963,0.9327771253685545,2.1050498485565186
586,IoBT_GUNFIRE,-4.607726623362396e-05,0.19799536127779807,0.8393939288939444,1.2157167196273804,1.1205461621284485,0.03260224549701451,0.8394150966203385,1.2132935523986816,0.5650961026549339,0.09605283023716055,0.839369724314909,1.2159392833709717,0.7213454693555832,0.13987895321934263,0.8394442060228108,1.2158019542694092
587,IoBT_GUNFIRE,-4.999993741512299,-5.039491755870563,0.6685264253703146,1.2543928623199463,-4.004886150360107,-5.032847539405376,0.6686674403967462,1.2551708221435547,-4.69754695892334,-4.837129278378641,0.6686254435611049,1.260869026184082,-4.629614353179932,-4.810331141456782,0.6686365510973503,1.2618896961212158
588,EXISTING_PROXY,15.000035762786865,15.005291339820053,0.9647851188175047,2.643028974533081,14.01587963104248,14.478265974620834,0.9650150410304361,2.6728086471557617,15.580202341079712,15.45880151140125,0.9649945726336757,2.673701047897339,15.253294706344604,15.126990479815136,0.9650431278164899,2.682772159576416
589,IoBT_GUNFIRE,-10.000016689300537,-9.99288583936167,0.6747015693396953,1.1049028635025024,-9.202251434326172,-10.2279005479338,0.6748014606880294,1.0911831855773926,-9.716963768005371,-10.028620377346517,0.6747984647355689,1.106233835220337,-9.705133438110352,-10.096176535509468,0.6748212282467511,1.1072194576263428
