val_index,dataset_origin,target_snr,in_snr,in_sisdr,in_stoi,in_pesq,in_rms,polar_snr,polar_sisdr,polar_stoi,polar_pesq,polar_rms_ratio,polar_clipping,df3_pre_snr,df3_pre_sisdr,df3_pre_stoi,df3_pre_pesq,df3_ft_snr,df3_ft_sisdr,df3_ft_stoi,df3_ft_pesq,df3_ft_rms_ratio,df3_ft_clipping,df3_ft_nan_inf,ep1_sisdr,ep2_sisdr,ep3_sisdr
0,EXISTING_PROXY,-10.0,-9.446361697580555,-10.000885009765625,0.6639386326113634,1.065703272819519,0.2507726550102234,-8.509688458161918,-10.303906440734863,0.6647840600477147,1.0679887533187866,2.9781149918691856,0.01044451871657754,1.6848531927948334,-5.249536514282227,0.6952720108078188,1.1428555250167847,-2.0643959090857513,-4.0356125831604,0.7387840175302497,1.0994848012924194,1.585715537169695,0.0,False,-4.445448875427246,-3.7039434909820557,-4.0356125831604
1,IoBT_GUNFIRE,15.0,15.26835986168232,14.960516929626465,0.9573041802461482,1.6599745750427246,0.03880784660577774,13.221494643130775,13.678060531616211,0.9574311471454399,1.676491379737854,0.8796018474291086,0.0,4.026288629658201,1.453940987586975,0.9057400561464027,1.3724191188812256,10.115994213381136,10.023649215698242,0.951976204929478,1.8396015167236328,1.0682120752814028,0.0,False,14.745994567871094,13.984655380249023,10.023649215698242
2,IoBT_GUNFIRE,0.0,2.499198412067053,-0.10080955922603607,0.6675555144120368,1.1110472679138184,0.02514953725039959,3.16754351896983,-0.7973244786262512,0.666912098892966,1.113664984703064,1.2516497455339466,0.0,3.909146673995314,-3.0058770179748535,0.7791946256197012,1.2074613571166992,8.558430795192857,7.841645240783691,0.8383451901639234,1.1710296869277954,1.2614495590877342,0.0,False,5.803030014038086,8.59741497039795,7.841645240783691
3,EXISTING_PROXY,0.0,1.6580848397480428,-0.0024627125822007656,0.3914255469396406,1.2384345531463623,0.11048800498247147,1.6090052138869795,-1.0691053867340088,0.38955334369004185,1.2658323049545288,1.3289755593616455,0.01044451871657754,5.786965974701605,3.9405112266540527,0.5592362131622403,1.426893949508667,8.495515343542394,6.343591690063477,0.5777154375862206,1.4456037282943726,1.0376635173677642,0.0,False,5.355653762817383,7.647812843322754,6.343591690063477
4,IoBT_GUNFIRE,5.0,5.603777426198824,4.97495698928833,0.8215823712838415,1.2263762950897217,0.10675593465566635,6.284722129211465,4.8486223220825195,0.8216596435201023,1.2411181926727295,1.0284511991762566,0.00835561497326203,8.101323699082112,10.884051322937012,0.938600299909858,1.920457363128662,8.868204718231855,10.759925842285156,0.9017884877712634,1.624387502670288,1.2282305861562297,0.0,False,12.950738906860352,12.733440399169922,10.759925842285156
5,EXISTING_PROXY,0.0,0.2675599097815329,-0.036748215556144714,0.7764997679530121,1.183814287185669,0.047532808035612106,-0.889158751826427,-2.1316099166870117,0.7765143582387336,1.1930856704711914,1.433668844180469,0.004177807486631015,10.414364691995459,10.002267837524414,0.9296635208359532,1.7903218269348145,6.506220656401457,7.725477695465088,0.918192401532526,1.4952889680862427,1.2304156365980112,0.0,False,8.508951187133789,8.578859329223633,7.725477695465088
6,EXISTING_PROXY,10.0,10.358999591199824,10.110573768615723,0.943262302243764,3.1549627780914307,0.09075246006250381,10.286161342515168,9.474855422973633,0.9429652419015403,3.0733847618103027,0.9515184955693937,0.004177807486631015,7.628475620570701,8.26850414276123,0.911045785907872,1.5378303527832031,9.414086140337803,10.7102632522583,0.9440933895697529,3.1127710342407227,1.1746373068864069,0.0,False,13.253746032714844,12.945083618164062,10.7102632522583
7,EXISTING_PROXY,20.0,21.79897731134778,20.003652572631836,0.8556119807694297,2.0556182861328125,0.061402883380651474,7.393380842766111,4.821289539337158,0.854933897157982,1.9238016605377197,1.0336288986834317,0.004177807486631015,21.931633522322368,20.70413589477539,0.8819048984709891,2.4166033267974854,12.787943317532457,14.592716217041016,0.878628895450077,2.114041328430176,1.1977116258714349,0.0,False,19.79204559326172,18.590089797973633,14.592716217041016
8,IoBT_GUNFIRE,5.0,5.602537863911393,5.027139663696289,0.7924730925718024,1.260322093963623,0.09793313592672348,2.060555346243999,0.5526881814002991,0.7928855867791941,1.3199708461761475,1.223361834355396,0.004177807486631015,8.448953918507735,10.474536895751953,0.8903233686406405,1.7086191177368164,6.208133810763188,8.089813232421875,0.8380685078868212,1.440657138824463,1.3055596321026885,0.0,False,9.409479141235352,10.558204650878906,8.089813232421875
9,IoBT_GUNFIRE,20.0,20.04309309061918,16.568944931030273,0.7097905831851101,1.255425214767456,0.1785082221031189,13.72655067243274,15.513534545898438,0.7088630623611462,1.2978986501693726,0.8204021847073402,0.0020889037433155077,1.755185956937564,-1.0946475267410278,0.7724088464973186,1.6845147609710693,12.467794978238766,17.855506896972656,0.765643151583262,1.3217774629592896,1.2191873788710117,0.0,False,16.630130767822266,18.184940338134766,17.855506896972656
10,IoBT_GUNFIRE,15.0,14.999979506537304,6.3891191482543945,0.9797703862413722,2.3023154735565186,0.1280795931816101,12.457233227339813,6.259490966796875,0.9797242514682925,2.320629596710205,0.8392245646583278,0.0,11.036541579964172,5.185718536376953,0.9962614218442993,3.1036288738250732,11.22994233527285,9.387999534606934,0.9839538654257659,2.4442527294158936,1.2383941421393942,0.0,False,7.047004222869873,9.112776756286621,9.387999534606934
11,IoBT_GUNFIRE,5.0,6.020786670359514,5.104570388793945,0.9438322073849634,2.379096031188965,0.045816436409950256,6.514544234473823,4.783559799194336,0.9440282263321012,2.3481497764587402,1.0452819481744886,0.0020889037433155077,15.71008807200046,14.541292190551758,0.9898357300266293,2.7776782512664795,9.43304188427446,11.438721656799316,0.9727080338177548,2.384047508239746,1.2436746348746353,0.0,False,5.836665153503418,9.51503849029541,11.438721656799316
12,IoBT_GUNFIRE,0.0,0.04349787073664184,0.006521471776068211,0.6917680365720615,1.131441354751587,0.04973137006163597,0.911020159834226,-0.35085198283195496,0.694531190018683,1.1309643983840942,1.2448230713910993,0.0,4.227993930838675,2.789158582687378,0.6225517769737241,1.2909621000289917,6.66152755296522,6.747250556945801,0.7261526745143019,1.0815508365631104,1.1166295258255903,0.0,False,7.321612358093262,7.740011692047119,6.747250556945801
13,IoBT_GUNFIRE,15.0,17.07003263038407,14.976905822753906,0.691350029126192,2.3110764026641846,0.07747821509838104,16.661644128606078,15.327301979064941,0.6938639544832946,2.3614072799682617,0.9063211463096029,0.0,21.601845582683975,22.23419952392578,0.7079494041072065,3.423661947250366,14.41783942693412,14.222829818725586,0.7032048404814186,2.6533188819885254,1.129816014558164,0.0,False,15.899641036987305,15.756224632263184,14.222829818725586
14,IoBT_GUNFIRE,5.0,6.672939531335435,5.011410713195801,0.9785969185616236,1.8133565187454224,0.044671036303043365,7.349735395742313,4.84736967086792,0.9785096636999843,1.7820098400115967,1.0272142056187112,0.0,18.626667827351156,17.258817672729492,0.9890574620814784,2.972808361053467,8.588338216779226,9.274662017822266,0.9828767983768492,2.0470902919769287,1.2583325158351095,0.0,False,7.91074275970459,10.461615562438965,9.274662017822266
15,EXISTING_PROXY,0.0,0.3611268371217238,0.020277217030525208,0.8714482614511536,1.1166770458221436,0.06664198637008667,-0.3095503762809345,-1.7030162811279297,0.8718038529645237,1.14931321144104,1.3880392321983466,0.00835561497326203,11.485301126200804,11.002422332763672,0.9389495471863285,1.8517067432403564,0.9624810846086228,2.1475682258605957,0.9212040246090706,1.252848505973816,1.4893733616398397,0.0,False,0.8264553546905518,1.9727280139923096,2.1475682258605957
16,IoBT_GUNFIRE,5.0,5.000012202666962,5.014886379241943,0.7206696484922673,1.2581785917282104,0.057886380702257156,-0.5392980394851504,-1.4504969120025635,0.7224675940368289,1.3924660682678223,1.392530831113182,0.00835561497326203,5.111652870082103,4.374505996704102,0.7426385596968855,1.157577395439148,7.584554256159372,7.535356521606445,0.7878784935804736,1.6307460069656372,1.0783851474259223,0.0,False,9.079357147216797,9.073440551757812,7.535356521606445
17,IoBT_GUNFIRE,0.0,0.5542907477050306,-0.2151057869195938,0.7953744453635422,1.087267518043518,0.08819141238927841,1.8290132560598753,0.07832194864749908,0.7950225395515422,1.0886335372924805,1.2112960454901163,0.0,9.01583216214878,7.977771759033203,0.8992929605637042,1.7232253551483154,4.870673706580055,6.041525840759277,0.8725845967079439,1.3257319927215576,1.3082656728453685,0.0,False,6.583437919616699,7.265213966369629,6.041525840759277
18,EXISTING_PROXY,0.0,2.677797088493563e-07,0.0960991233587265,0.7776845776039307,1.2720329761505127,0.12344548106193542,0.8721055373999009,-0.18657186627388,0.7772584257103334,1.2769970893859863,1.2589607043779558,0.0020889037433155077,8.293458292165708,8.903822898864746,0.8598361141558761,1.6320226192474365,3.64258693525273,5.680839538574219,0.8074806467191261,1.3450229167938232,1.3556796753408826,0.0,False,0.4559794068336487,5.624739646911621,5.680839538574219
19,IoBT_GUNFIRE,15.0,16.86853306489462,15.013362884521484,0.8242706629851934,1.5012595653533936,0.08757465332746506,8.235421422626729,5.507706642150879,0.8233671165637607,1.5198230743408203,1.0014211380138354,0.01253342245989305,20.39824250213752,18.871776580810547,0.8949394757015741,2.6304931640625,12.469958037521724,15.392013549804688,0.8404579147487662,1.7652361392974854,1.2286780670762931,0.0,False,19.760591506958008,18.813156127929688,15.392013549804688
20,IoBT_GUNFIRE,15.0,15.22242183590457,14.980989456176758,0.9520873470715835,2.9167239665985107,0.07007424533367157,13.559731597871771,13.747852325439453,0.9519514093834263,2.931220531463623,0.9007994367017718,0.0020889037433155077,18.91217512044001,18.89753532409668,0.9631554540404934,3.254476308822632,7.246140591420209,13.745912551879883,0.9650695024444166,2.8797109127044678,1.376951590855566,0.0,False,15.301877975463867,15.867386817932129,13.745912551879883
21,EXISTING_PROXY,10.0,12.288843095631577,9.976770401000977,0.9390554861893149,2.0591156482696533,0.039519671350717545,11.693587813132497,8.90403938293457,0.9390020814215013,2.0913846492767334,0.9222789737713861,0.0,16.358476086176413,13.911127090454102,0.9398076052556292,2.5989654064178467,8.62427444791395,11.089371681213379,0.9345342639353541,2.427274703979492,1.3636326852905747,0.0,False,10.071516036987305,10.237990379333496,11.089371681213379
22,IoBT_GUNFIRE,5.0,5.0000622628484015,4.974334239959717,0.8457734608350229,1.4039629697799683,0.09571478515863419,5.8938465150913775,4.890549182891846,0.8451416536518094,1.4100762605667114,0.9897508242892102,0.0020889037433155077,0.5806630235073852,-3.298646926879883,0.5923899736640834,1.1714950799942017,5.483556678490503,7.924321174621582,0.883623508976031,1.5214416980743408,1.3077743212123336,0.0,False,6.1809163093566895,8.336383819580078,7.924321174621582
23,IoBT_GUNFIRE,10.0,10.221692831940912,10.029336929321289,0.9145826863651645,1.405883550643921,0.03932300955057144,9.463532964280205,8.715139389038086,0.9150111338056844,1.3994126319885254,0.9548223668899232,0.0020889037433155077,15.072038810436064,14.766084671020508,0.9654715711159785,3.122938632965088,10.136040935978599,11.311983108520508,0.9341546793310063,1.5496494770050049,1.1470227749435027,0.0,False,10.602255821228027,12.423603057861328,11.311983108520508
24,IoBT_GUNFIRE,0.0,0.3136755460998829,0.02559039555490017,0.6825372005341064,1.1437650918960571,0.05784925818443298,1.2162764929012484,0.06693977117538452,0.682416658283236,1.1611994504928589,1.2700751710422304,0.004177807486631015,5.146389000545327,4.045507431030273,0.6442890318458789,1.1509332656860352,1.1473123529138056,1.331283450126648,0.7056918826752959,1.1932082176208496,1.3922765473600636,0.0,False,0.5827640295028687,1.6224567890167236,1.331283450126648
25,IoBT_GUNFIRE,15.0,15.60423579355499,15.018547058105469,0.987616090845094,2.048214912414551,0.09043876081705093,14.59414059404902,14.650362014770508,0.9874877697926627,2.049010992050171,0.8989512163558036,0.0,19.888795427207732,19.441701889038086,0.9944965168098928,2.9384660720825195,8.67130802526676,14.328207015991211,0.9846809217297973,2.376298189163208,1.3291145184279063,0.0,False,15.732656478881836,15.041560173034668,14.328207015991211
26,EXISTING_PROXY,15.0,15.361342359977389,15.003042221069336,0.9643011940280302,1.7139132022857666,0.09715808928012848,11.674159379108328,11.195882797241211,0.9647379250312962,1.9737610816955566,0.9079480530856531,0.006266711229946525,9.156517842060723,13.011021614074707,0.9716640539120259,2.392432928085327,9.562164439524313,13.790726661682129,0.9729549312777053,1.701581358909607,1.2627766424399565,0.0,False,15.484848976135254,17.108600616455078,13.790726661682129
27,IoBT_GUNFIRE,0.0,0.1315614045284159,-0.18280956149101257,0.8050585191049766,1.2239720821380615,0.06529221683740616,-1.1040955636605054,-2.3836071491241455,0.8042337014375839,1.2313730716705322,1.442620333839874,0.01253342245989305,9.746510019905495,9.555068969726562,0.887995826483329,2.2991244792938232,5.594339901817133,6.05019474029541,0.8675674810655338,1.424474835395813,1.1946352961138869,0.0,False,5.7421183586120605,7.429198265075684,6.05019474029541
28,EXISTING_PROXY,5.0,6.190426197564275,4.948606967926025,0.8729709540208122,1.2293376922607422,0.05865198001265526,5.975921423847313,3.965620994567871,0.8730673913115025,1.2462055683135986,1.0447925629975348,0.004177807486631015,14.884305084358449,13.904751777648926,0.9618942000667663,2.571592092514038,8.804991021061156,11.328956604003906,0.9522984636738959,1.8811640739440918,1.288524560446721,0.0,False,11.91928768157959,12.349705696105957,11.328956604003906
29,IoBT_GUNFIRE,10.0,10.808503190969,9.988320350646973,0.9320258428758554,1.5034469366073608,0.09482476860284805,7.328910281267801,5.638165473937988,0.9329063803159208,1.6068928241729736,0.9855277317412473,0.004177807486631015,14.833993421308895,14.002665519714355,0.9677998293140911,2.722877264022827,7.665354718833017,11.790457725524902,0.9394173750533328,2.073850631713867,1.348068002436391,0.0,False,10.84330940246582,11.966657638549805,11.790457725524902
30,IoBT_GUNFIRE,0.0,2.071219257947315e-06,0.0027306287083774805,0.6917947164088756,1.0908786058425903,0.06246136501431465,1.0303941368220046,0.012798817828297615,0.6924741103640963,1.0914525985717773,1.246776342229714,0.0,7.0110909676984745,6.613344669342041,0.8590658937047785,1.3550399541854858,1.5153411451100873,3.7025341987609863,0.7751284519261018,1.193640947341919,1.474497672889382,0.0,False,2.1638684272766113,4.150802135467529,3.7025341987609863
31,IoBT_GUNFIRE,15.0,16.670625639539487,15.001897811889648,0.931198499964808,2.2170794010162354,0.11562982946634293,16.44491382264104,15.478883743286133,0.9308073379696721,2.1097350120544434,0.9076972946999188,0.0,16.257826636115958,16.83453941345215,0.9544310585383421,3.514148235321045,15.303561166336308,14.824163436889648,0.9491668478333745,2.393568754196167,1.0909167146653578,0.008333333333333333,False,15.473989486694336,15.992286682128906,14.824163436889648
32,IoBT_GUNFIRE,0.0,0.00011163786433724995,-0.07078291475772858,0.7672969253243472,1.1896857023239136,0.07174329459667206,1.262898772835702,0.20593541860580444,0.7678623124513603,1.1967995166778564,1.2314921886612573,0.0020889037433155077,6.668692869057207,7.13221549987793,0.8767942940517915,1.5202730894088745,-0.5998433559780637,1.1855266094207764,0.826051708294365,1.2862663269042969,1.600720346343121,0.0,False,0.7257999181747437,1.4327268600463867,1.1855266094207764
33,IoBT_GUNFIRE,-5.0,-3.4511868224760467,-4.863350868225098,0.8505849553673381,1.4930576086044312,0.02464308775961399,-2.521467006042501,-5.022628307342529,0.8495024460286673,1.4922382831573486,1.8363370692846221,0.0,12.059393599083803,10.23306941986084,0.9650223429786009,2.508134365081787,4.842313975810065,6.005411624908447,0.91135141324721,1.8027126789093018,1.4116597962484478,0.0,False,2.7105486392974854,5.533673286437988,6.005411624908447
34,EXISTING_PROXY,15.0,0.0,100.15511322021484,0.9999999999999987,4.643888473510742,0.046466562896966934,17.253359336215325,14.711026191711426,0.9999655275836787,4.035921096801758,0.9147154449105579,0.0020889037433155077,26.23019587733891,24.422893524169922,0.8530566267794527,2.57672381401062,18.560244412452185,16.896554946899414,0.927820929635903,3.835124969482422,1.0751601535450188,0.0,False,27.860584259033203,25.255077362060547,16.896554946899414
35,IoBT_GUNFIRE,0.0,1.5464576763196594,0.15098023414611816,0.7836582109512303,1.1096104383468628,0.019665885716676712,2.5754686511833844,0.21263627707958221,0.783702202065106,1.1078773736953735,1.269356177784595,0.0,13.65380955109158,12.090487480163574,0.895125698171745,1.9435932636260986,6.392659475092026,6.432176113128662,0.8591287495747925,1.2343316078186035,1.2797370837571136,0.0,False,5.356205940246582,6.507566452026367,6.432176113128662
36,IoBT_GUNFIRE,-5.0,-4.4453793973223785,-5.080068588256836,0.864449225591343,1.0563781261444092,0.017932821065187454,-3.511820176776361,-5.145779132843018,0.8647925126031573,1.0563172101974487,1.8173333617549572,0.0,9.511883055126706,9.155850410461426,0.939272415477954,1.424851417541504,1.749100549248857,1.9748247861862183,0.8920164145206568,1.0896536111831665,1.3914631314608303,0.0,False,-0.058320045471191406,3.3998327255249023,1.9748247861862183
37,IoBT_GUNFIRE,-5.0,-3.9221820159668837,-4.9634222984313965,0.7756388591642613,1.0546425580978394,0.08488587290048599,-2.519303833618005,-4.599148750305176,0.7745680960201013,1.0529816150665283,1.7598838965361727,0.0,8.937718039324247,7.46248722076416,0.8142406183925026,1.5292026996612549,1.9314730854573807,1.3062946796417236,0.8206237960152174,1.1038235425949097,1.3874433694790371,0.0,False,4.7867536544799805,3.92345929145813,1.3062946796417236
38,IoBT_GUNFIRE,5.0,5.043222528109568,4.973719596862793,0.7543840374373522,1.2176525592803955,0.03449811041355133,0.03145363851011108,-0.7543219327926636,0.7545395074028916,1.2507628202438354,1.330799626186804,0.00835561497326203,13.384438566764064,13.680896759033203,0.8728419952997187,1.8908557891845703,6.1077119277959735,7.422688007354736,0.8038154975556137,1.3402175903320312,1.2270650163012613,0.0,False,5.6149983406066895,7.507299900054932,7.422688007354736
39,IoBT_GUNFIRE,15.0,18.087445141842913,14.968154907226562,0.9093733328225377,3.0850958824157715,0.07141311466693878,14.242921004416331,10.746379852294922,0.908534845532645,2.9359917640686035,0.9359263586632143,0.006266711229946525,22.788687991831264,23.07573127746582,0.9841397474505359,4.172333717346191,20.58602607114237,19.130455017089844,0.9524410302886566,3.6158201694488525,1.0693680409928643,0.0,False,17.516271591186523,19.751789093017578,19.130455017089844
40,IoBT_GUNFIRE,15.0,16.60941038479637,14.980411529541016,0.930681734316751,1.7834219932556152,0.12031712383031845,15.355604755731811,14.922324180603027,0.9309001552655258,1.7846001386642456,0.879855246682314,0.0,11.641834132629459,11.036747932434082,0.8189138937125869,1.5595588684082031,10.597160199442808,13.940593719482422,0.9386867640826231,1.9040708541870117,1.276138703099395,0.020833333333333336,False,17.796802520751953,17.028766632080078,13.940593719482422
41,EXISTING_PROXY,0.0,1.3650759092128042,0.022501744329929352,0.6251152492963526,1.124556303024292,0.038869358599185944,1.431213829348127,-0.8782013654708862,0.6262096264381835,1.1166551113128662,1.3272609786083223,0.0020889037433155077,4.4982640466266215,0.9990507960319519,0.4404532975718345,1.0644632577896118,8.119832005450759,8.039578437805176,0.6595347321341697,1.1358866691589355,1.204223634126961,0.0,False,10.74199104309082,9.358112335205078,8.039578437805176
42,EXISTING_PROXY,5.0,5.000074467835313,4.941921710968018,0.7926095410389894,1.1826610565185547,0.13094215095043182,4.211152999019852,3.2442874908447266,0.7931724692892452,1.1907519102096558,1.0717034725234975,0.01880013368983957,4.916654734407656,4.747865200042725,0.8163540703825174,1.237696886062622,6.4811546629912495,7.11622953414917,0.8409264566162312,1.3489893674850464,1.1664826996165951,0.0,False,8.039802551269531,8.423954010009766,7.11622953414917
43,IoBT_GUNFIRE,20.0,20.26849666195288,20.01384925842285,0.9838015611886181,2.479687452316284,0.07715697586536407,12.835978562083511,12.622842788696289,0.9836984560556704,2.4406676292419434,0.9155433786054656,0.006266711229946525,13.803316747642446,16.983165740966797,0.9648084173463966,3.389392137527466,9.542098621192425,13.986881256103516,0.9788053261314542,2.602452278137207,1.2631150285913486,0.0,False,20.140085220336914,18.951353073120117,13.986881256103516
44,IoBT_GUNFIRE,5.0,5.087370786348923,5.065872669219971,0.8402264335161229,1.1676149368286133,0.029362142086029053,5.907157361701362,4.943469047546387,0.8403823360678345,1.1599003076553345,1.0137794692747693,0.0,8.912736754622909,8.582633018493652,0.9387613007578405,1.770505428314209,4.579121337162586,8.724333763122559,0.8934327391213835,1.2820391654968262,1.426003816537017,0.0,False,7.931811332702637,9.482385635375977,8.724333763122559
45,IoBT_GUNFIRE,5.0,8.763206302882905,4.97705602645874,0.8316314998340857,1.4328482151031494,0.050013650208711624,6.728856956684863,1.9800841808319092,0.8309804810400238,1.4734432697296143,1.1198716516032332,0.006266711229946525,10.416029920721087,7.430510997772217,0.8112927556171331,1.9702186584472656,13.808236144082848,11.147560119628906,0.8845205677215017,1.958158254623413,1.1299071318103768,0.0,False,15.095146179199219,14.532722473144531,11.147560119628906
46,IoBT_GUNFIRE,-5.0,-2.926212380656916,-5.0229411125183105,0.9981724515242569,1.8142846822738647,0.07974252104759216,-2.069038929268084,-5.193675994873047,0.9981476375678079,1.8274513483047485,1.8469212300853486,0.0,17.811939608044614,16.456348419189453,0.9919486892448566,2.2701895236968994,10.070906073132948,8.943353652954102,0.9869282694648367,2.237334728240967,1.1549874523581243,0.0,False,9.432028770446777,11.622261047363281,8.943353652954102
47,IoBT_GUNFIRE,15.0,14.999975552735098,15.002087593078613,0.9218077116021169,2.358247756958008,0.035636477172374725,7.735844235147936,7.064958572387695,0.9216021474389713,2.2703545093536377,0.9824927930616576,0.004177807486631015,7.52866832784113,7.847404479980469,0.9129677980776673,1.657433032989502,10.801277227404189,11.92808723449707,0.910197243492633,2.194448232650757,1.120593852325372,0.0,False,14.600115776062012,14.348428726196289,11.92808723449707
48,IoBT_GUNFIRE,20.0,20.652425107347014,20.002050399780273,0.9810338557471413,2.410281181335449,0.0628262460231781,17.091130812512247,18.251670837402344,0.9809880441242044,2.3476107120513916,0.9025123082075963,0.0,23.618232094985157,23.41960906982422,0.9928089745461972,3.3097572326660156,12.200339954735322,14.586907386779785,0.976395431366002,2.5008440017700195,1.1738702221729849,0.0,False,19.90724754333496,19.228605270385742,14.586907386779785
49,IoBT_GUNFIRE,15.0,15.360280163939205,15.012960433959961,0.8990696453250483,2.508218765258789,0.06999639421701431,3.257082053078851,1.9447622299194336,0.8986615006497685,2.284120798110962,1.110686075487026,0.01253342245989305,13.73017663355845,14.472532272338867,0.9003518473211378,2.582200527191162,10.762107743548562,11.639314651489258,0.9036766391347278,2.3123514652252197,1.1316971336266686,0.0,False,14.870262145996094,14.464112281799316,11.639314651489258
50,IoBT_GUNFIRE,10.0,10.914208526680042,10.0040864944458,0.932947550776515,1.5823373794555664,0.07440870255231857,9.947982351437718,8.419645309448242,0.9325908779252664,1.5839471817016602,0.9507716774763114,0.006266711229946525,18.732965662972294,17.9207820892334,0.9810057403689668,3.1043014526367188,8.564325512520234,9.590188026428223,0.9660492596453778,2.117583751678467,1.2188126825184638,0.0,False,10.716897964477539,10.622410774230957,9.590188026428223
51,IoBT_GUNFIRE,15.0,16.42604087819062,14.99428939819336,0.994761349641015,2.300236225128174,0.09610611945390701,13.584068421434466,12.247945785522461,0.9947586665105531,2.306478977203369,0.8989308584183346,0.004177807486631015,10.986682953651599,11.937962532043457,0.96174635879215,2.896355390548706,8.701791504998898,12.671232223510742,0.9856005246534733,2.4321959018707275,1.342762063602808,0.0,False,16.235044479370117,15.878363609313965,12.671232223510742
52,IoBT_GUNFIRE,15.0,15.554887948489519,14.994970321655273,0.9910487980214885,2.3494362831115723,0.06569238007068634,11.758334536397204,10.99029541015625,0.9909794714498463,2.382427930831909,0.9193364129923731,0.006266711229946525,19.28662052663267,18.945545196533203,0.9938856879416089,3.482041835784912,9.623041574224478,13.441757202148438,0.9871824386067233,2.7032666206359863,1.2620393458522905,0.0,False,15.67613697052002,15.626424789428711,13.441757202148438
53,IoBT_GUNFIRE,0.0,0.4575649559452848,0.020654404535889626,0.7568067443091171,1.2111886739730835,0.19479644298553467,0.5670597016714373,-0.8395707011222839,0.7562424013634612,1.2259188890457153,1.327677567278165,0.022977941176470586,5.853997926683345,5.656605243682861,0.8092153233709396,1.2820255756378174,0.5148431629256629,1.2375900745391846,0.8038983649359379,1.353062391281128,1.5013680762863286,0.014583333333333335,False,2.2812092304229736,1.9758212566375732,1.2375900745391846
54,IoBT_GUNFIRE,15.0,17.21779479782057,15.00031566619873,0.9688855820137224,1.671156406402588,0.06232927367091179,16.63174526203503,15.289627075195312,0.9690451933412703,1.6779025793075562,0.8997261965969896,0.0,14.351201670444473,14.998120307922363,0.9695095407067611,2.786370277404785,12.64962265197909,15.354555130004883,0.9668388845021804,1.7696864604949951,1.2351724509010544,0.0,False,15.908051490783691,16.17239761352539,15.354555130004883
55,IoBT_GUNFIRE,10.0,10.362093453803931,10.02145767211914,0.9252861911644469,2.6657304763793945,0.09602519869804382,10.657248205632657,9.846384048461914,0.9248410622921613,2.6313319206237793,0.9340194377620156,0.0,7.493349102293144,8.976776123046875,0.9520090267139463,1.9779667854309082,9.417140424951176,11.393815994262695,0.9327620927702303,2.344224452972412,1.2036374860887216,0.0,False,10.074235916137695,12.32260799407959,11.393815994262695
56,EXISTING_PROXY,5.0,5.131952381146478,5.0041680335998535,0.8993375422502582,1.746706247329712,0.1514260619878769,5.387218107077549,4.305279731750488,0.8989716671162736,1.7651569843292236,1.0261763547893652,0.006266711229946525,8.476738958092877,8.072904586791992,0.9492779100639293,2.314467668533325,4.540468268802597,5.916281223297119,0.92120424046924,1.922018051147461,1.2903664196077862,0.00625,False,5.2776689529418945,6.53354549407959,5.916281223297119
57,IoBT_GUNFIRE,-5.0,-4.542593391875919,-5.019946575164795,0.5146394567139806,1.0380054712295532,0.2655749022960663,-3.1562317659019046,-4.461674213409424,0.5143302107522494,1.040831446647644,1.7436250090077894,0.006266711229946525,5.455765270282376,5.162999629974365,0.6072715656963448,1.327253818511963,-4.677504630748874,-6.5477519035339355,0.5349447164474858,1.0461750030517578,1.9888864200459646,0.022916666666666665,False,-0.034227900207042694,-2.3997113704681396,-6.5477519035339355
58,IoBT_GUNFIRE,10.0,11.670201126258515,9.998510360717773,0.890095581184763,2.9054477214813232,0.029093198478221893,10.171500118860193,7.864930152893066,0.8894700886775369,2.4742963314056396,0.9529654561885453,0.0020889037433155077,23.16688207014849,21.89638328552246,0.9459792396083007,3.0959627628326416,10.46888985921824,10.818710327148438,0.9065088431184202,2.5967209339141846,1.1963311244566568,0.0,False,10.074090957641602,10.46462631225586,10.818710327148438
59,IoBT_GUNFIRE,5.0,5.8083195431198895,5.004787921905518,0.8663244964337108,1.2770916223526,0.01749568060040474,6.535779336540247,4.849399566650391,0.8659153336750179,1.2823638916015625,1.0198920946065104,0.0,12.3102487414591,12.0634183883667,0.9247081881953627,1.7385716438293457,6.785754926300735,8.025350570678711,0.8993217750991108,1.4085158109664917,1.2706016367283377,0.0,False,7.076416492462158,8.605424880981445,8.025350570678711
60,IoBT_GUNFIRE,-5.0,-4.956538709346815,-5.005488395690918,0.7822108365600021,1.1405949592590332,0.020293012261390686,-4.3354945673731855,-5.311544418334961,0.781968756194234,1.14066481590271,1.877249219190744,0.0,6.6495554229041085,8.121779441833496,0.8793874168700171,1.5009198188781738,-0.11478817220896723,1.5731180906295776,0.8188299605547043,1.316630482673645,1.5594706022519433,0.0,False,-3.8988122940063477,0.7158968448638916,1.5731180906295776
61,IoBT_GUNFIRE,-10.0,-7.24367023725711,-10.619174003601074,0.5081586428390229,1.0464887619018555,0.07706259936094284,-6.019193269808445,-10.468456268310547,0.5084792355173431,1.048497200012207,2.8571215439818736,0.0020889037433155077,9.331860078447722,6.042827606201172,0.7481096427090069,1.5266683101654053,5.573989558175043,3.558931350708008,0.7315491780912365,1.1218671798706055,1.2987465826965048,0.0,False,5.5769453048706055,5.310514450073242,3.558931350708008
62,EXISTING_PROXY,15.0,15.043212282010789,14.982515335083008,0.9798930312630845,3.114784002304077,0.030317220836877823,13.111077862923075,13.06567668914795,0.9798648781326116,3.0227441787719727,0.9246797607055143,0.0,15.015183028638395,15.443221092224121,0.9895064136360234,3.3780572414398193,11.828857960199993,12.987924575805664,0.982767904666644,3.502676248550415,1.1115546222825856,0.0,False,15.71179485321045,15.442941665649414,12.987924575805664
63,EXISTING_PROXY,0.0,3.3689226361015026,-0.011738568544387817,0.8537908456738729,1.1203298568725586,0.050529371947050095,3.7778241353689612,-0.6249451637268066,0.8552474897572471,1.1308586597442627,1.3037903836110933,0.00835561497326203,13.644972252116192,10.380077362060547,0.9318764525865441,1.4457817077636719,4.757419225576378,3.334090232849121,0.8983323102793049,1.206618070602417,1.4662796530076136,0.0,False,1.3742183446884155,4.229064464569092,3.334090232849121
64,IoBT_GUNFIRE,0.0,8.74913895990456e-06,-0.0009817068930715322,0.8209891518899533,1.3260202407836914,0.03481941297650337,0.7817251679231272,-0.6043614149093628,0.8199286946388209,1.2084100246429443,1.2345544323948832,0.0,3.938755669864103,2.2944037914276123,0.9065474198283962,2.189575672149658,6.716283583074132,9.748870849609375,0.869008115811436,1.662275791168213,1.293198530609499,0.0,False,2.6263275146484375,7.069265842437744,9.748870849609375
65,IoBT_GUNFIRE,15.0,15.808486769359494,14.990166664123535,0.9451291473475265,1.718515396118164,0.08553964644670486,13.724566909649464,12.99580192565918,0.9455565417462913,1.7088617086410522,0.9193741857248666,0.004177807486631015,19.145608189910213,18.550464630126953,0.9528475111120607,2.9987194538116455,13.123430698758929,14.452048301696777,0.9395734051052256,1.7905508279800415,1.1376038135616158,0.0,False,15.01407241821289,15.049760818481445,14.452048301696777
66,IoBT_GUNFIRE,-5.0,-4.867991238702491,-4.998452186584473,0.607474049162104,1.1263935565948486,0.029043106362223625,-4.561642807695703,-5.732791900634766,0.6078278941038598,1.073359727859497,1.9348764785710681,0.0020889037433155077,4.078445798852467,3.0786311626434326,0.7727858097321763,1.359164834022522,3.6081762609215042,3.5604069232940674,0.7519375849981443,1.284673810005188,1.2121204120466542,0.0,False,4.327277183532715,5.287816047668457,3.5604069232940674
67,EXISTING_PROXY,15.0,15.914602321730891,15.022880554199219,0.9790718787156951,2.0789706707000732,0.04207746684551239,13.841992961809098,13.011259078979492,0.9790444445552121,1.9813697338104248,0.914455313790886,0.0,20.5534998443995,20.305416107177734,0.9924265432371175,3.4086174964904785,11.707219175181404,14.369877815246582,0.9834325362416685,2.6254618167877197,1.201403289161,0.0,False,17.58319091796875,17.96291732788086,14.369877815246582
68,IoBT_GUNFIRE,-5.0,-4.191077274360746,-4.705593109130859,0.8244865138647597,1.0667650699615479,0.023879654705524445,-3.260788680387052,-4.92371940612793,0.8234970515680526,1.0665229558944702,1.8425176547045414,0.0,10.85503237231113,9.709495544433594,0.911074472643666,1.8750383853912354,5.069710524242282,7.057652950286865,0.8873503089955133,1.5721359252929688,1.3727337119550218,0.0,False,5.887063980102539,7.334341049194336,7.057652950286865
69,IoBT_GUNFIRE,5.0,7.288414171208547,5.0576066970825195,0.8665307767949055,1.2895526885986328,0.10677260905504227,8.162051244836553,5.077789306640625,0.865952352182278,1.2871588468551636,1.0317459128192532,0.0020889037433155077,15.194454574492955,13.970039367675781,0.9194804547464726,2.240063190460205,10.501372288165436,12.080175399780273,0.9300709298899938,2.017049551010132,1.2746558320705879,0.0,False,11.092775344848633,13.148159980773926,12.080175399780273
70,EXISTING_PROXY,10.0,10.22146359498748,10.001897811889648,0.7312653226112114,1.1717172861099243,0.1245078444480896,8.782218635085696,7.893924236297607,0.7316516429402619,1.1724871397018433,0.9459927124599422,0.01253342245989305,10.445427789202267,10.624476432800293,0.8336307080030413,1.495222806930542,9.097862084434546,12.896710395812988,0.8183336591807497,1.579089879989624,1.2593746327962794,0.0,False,17.23386001586914,15.645483016967773,12.896710395812988
71,IoBT_GUNFIRE,10.0,10.86165263465006,9.980987548828125,0.8933599063610347,1.6992188692092896,0.0752592384815216,11.012511087581224,9.680414199829102,0.8931032712545951,1.6657791137695312,0.9358004634580335,0.0020889037433155077,9.075225706606957,10.82475757598877,0.9038157054977256,1.954856038093567,10.39278172645018,11.037863731384277,0.8890947289787602,1.8626091480255127,1.1587820206834547,0.0,False,13.266777038574219,13.475181579589844,11.037863731384277
72,IoBT_GUNFIRE,-5.0,-3.512755825762084,-4.98726224899292,0.6352710840123543,1.082180142402649,0.03892021253705025,-2.6990295441538796,-5.302302837371826,0.6371136556741153,1.0846604108810425,1.8478937009087482,0.0,9.81978641425661,7.662181377410889,0.8281828761373407,1.3867295980453491,2.045766023264358,2.7769775390625,0.7622438546696996,1.1883825063705444,1.5397949516715563,0.0,False,1.3758463859558105,3.2499513626098633,2.7769775390625
73,IoBT_GUNFIRE,10.0,12.0026806431078,9.988574028015137,0.9613944386258112,1.6224669218063354,0.04690464586019516,12.703855526665109,10.280474662780762,0.9611385386326154,1.5962262153625488,0.9336747215021272,0.0,18.739555695550965,16.76476287841797,0.9849727145514636,2.270630121231079,10.55659170047665,10.724540710449219,0.9732315873674944,1.7797510623931885,1.2081020650560501,0.0,False,11.393177032470703,11.807245254516602,10.724540710449219
74,IoBT_GUNFIRE,0.0,0.04332821028456297,0.09251240640878677,0.7406254132878076,1.2818857431411743,0.027475561946630478,0.9931802159604768,0.09971223026514053,0.7408543277938766,1.3896948099136353,1.2662113806245299,0.0,7.162159551919368,7.804877281188965,0.8751490230330657,1.6872496604919434,3.4472517677672387,5.254039287567139,0.8479995952566263,1.6196030378341675,1.3538215223091101,0.0,False,2.6615591049194336,5.12785005569458,5.254039287567139
75,IoBT_GUNFIRE,-5.0,-4.823828102128075,-5.112209796905518,0.7402657312085519,1.1986634731292725,0.029997656121850014,-3.8324033412361973,-5.051354885101318,0.7395946300050225,1.241137146949768,1.8197237458736162,0.0,4.516106767057664,2.9487898349761963,0.744878066906263,1.3247720003128052,-0.6104094378770665,-0.6830919981002808,0.7849554896986009,1.1740107536315918,1.4907602020350996,0.0,False,-2.782198905944824,-0.7966483235359192,-0.6830919981002808
76,IoBT_GUNFIRE,15.0,16.483849208665866,14.999661445617676,0.968781953459067,1.9651994705200195,0.11325867474079132,-0.7568002242112497,-2.555765151977539,0.969366739989567,1.8223599195480347,1.5188450846223673,0.01253342245989305,14.340733997918056,16.52950096130371,0.978477552326794,2.9544944763183594,13.751599850197167,14.890690803527832,0.9707584378991081,2.015153169631958,1.1512234143881135,0.0020833333333333333,False,15.549276351928711,17.382320404052734,14.890690803527832
77,EXISTING_PROXY,10.0,10.6543735144048,9.880555152893066,0.8996455849495495,1.4652315378189087,0.152666375041008,11.435462605061801,10.372156143188477,0.8998133330524729,1.4720704555511475,0.9272422046407279,0.0,3.900448535689213,6.972002029418945,0.8520950619868443,2.004674196243286,8.82636302053034,9.39399528503418,0.8869988983325553,1.6337110996246338,1.176100024069766,0.00625,False,10.662665367126465,10.737215042114258,9.39399528503418
78,IoBT_GUNFIRE,-5.0,-4.638823287682291,-4.922595500946045,0.7808358136936879,1.1342092752456665,0.10428792983293533,-4.6517475638950465,-5.980962753295898,0.7816700682194556,1.1420851945877075,1.9947103475380614,0.00835561497326203,7.749947368323239,6.567291259765625,0.816251643466193,1.332416296005249,2.404162104107013,3.4539806842803955,0.8524497457175342,1.261878490447998,1.3901417518716925,0.0,False,3.861550807952881,4.483664035797119,3.4539806842803955
79,IoBT_GUNFIRE,10.0,10.859828370671426,9.947486877441406,0.9704201321856065,3.0191025733947754,0.08267159014940262,10.957901295790283,9.613407135009766,0.9702594036671661,2.8674066066741943,0.9372692151320564,0.0,9.572544311402556,10.351897239685059,0.9028336403833136,2.5066030025482178,9.913350391544586,10.170902252197266,0.9566957436071605,3.0338656902313232,1.1465595002075095,0.0,False,9.99376106262207,10.090497970581055,10.170902252197266
80,IoBT_GUNFIRE,-10.0,-8.977123507666557,-10.095518112182617,0.4803312444298728,1.0224109888076782,0.08118920773267746,-8.02428519267561,-10.132060050964355,0.4802588983642317,1.022433876991272,2.961406815077829,0.01044451871657754,5.578913868913552,3.3958590030670166,0.634967698786332,1.2843804359436035,-1.1122849329195255,-2.0220208168029785,0.6120599364364124,1.0424087047576904,1.6312966633630237,0.0,False,-0.12985792756080627,0.7501375079154968,-2.0220208168029785
81,IoBT_GUNFIRE,5.0,6.67109343756262,5.054378509521484,0.8745929545152388,1.877486228942871,0.049516960978507996,7.476686020330279,5.00748348236084,0.8738140488144974,1.8365249633789062,1.032843130847263,0.0,19.56439876520238,18.15414047241211,0.9415598112767548,2.84011173248291,11.017102271473789,12.366971969604492,0.9479936028184764,2.4522626399993896,1.2200960649271029,0.0,False,8.242982864379883,12.241569519042969,12.366971969604492
82,IoBT_GUNFIRE,10.0,10.75471552255657,10.056524276733398,0.8636108109191856,1.707674503326416,0.032004646956920624,10.351155819588376,9.122535705566406,0.8670615269218501,1.723628282546997,0.9238302271224023,0.0,13.206031364566906,12.490939140319824,0.9154525725383676,2.467698574066162,10.123432577793505,9.917929649353027,0.9001116992363887,1.6542543172836304,1.104764039359146,0.0,False,10.42867660522461,11.269695281982422,9.917929649353027
83,IoBT_GUNFIRE,15.0,16.423407484241373,15.00860595703125,0.8924398054836711,2.0198607444763184,0.08335208147764206,10.057987416206055,8.00320053100586,0.8920566247052542,1.624764084815979,0.9625128213403431,0.01044451871657754,9.471320128576044,10.97724437713623,0.861433684111683,1.9264293909072876,13.080374503095785,12.949380874633789,0.8914928095096926,1.9166697263717651,1.1170243202794088,0.0,False,15.024917602539062,15.00124740600586,12.949380874633789
84,IoBT_GUNFIRE,10.0,10.00001131626516,10.01347541809082,0.8959401108571949,1.4953867197036743,0.05523417890071869,8.700817867510963,8.095576286315918,0.8956395308077673,1.50419020652771,0.9294314343408103,0.004177807486631015,10.344257246724622,12.223697662353516,0.9431686831293363,1.5605967044830322,6.634287251478833,11.484060287475586,0.9260036628633097,1.4399867057800293,1.3544586507083596,0.0,False,12.822933197021484,13.12848949432373,11.484060287475586
85,EXISTING_PROXY,20.0,20.22213117505227,19.988384246826172,0.935636174738449,1.6812573671340942,0.09126389026641846,13.360598529340493,14.376511573791504,0.9359579956131282,1.6893733739852905,0.8650679205425276,0.0020889037433155077,9.139515889159288,12.673896789550781,0.9489404066937538,2.355663537979126,8.151169675845138,14.651437759399414,0.9510202520494047,1.9928147792816162,1.341097680572314,0.0,False,19.629594802856445,16.859455108642578,14.651437759399414
86,IoBT_GUNFIRE,0.0,0.17670394870736877,0.04958005249500275,0.7984864586199557,1.146350383758545,0.08698960393667221,0.7732938066175775,-0.11903978884220123,0.7987115856792788,1.1673908233642578,1.3057047358607141,0.00835561497326203,11.609417534594783,11.48179817199707,0.8448841687412673,1.9937756061553955,-0.10152832150033939,0.7104105949401855,0.8407136259661777,1.2757675647735596,1.5144758532214069,0.0,False,0.7803148627281189,0.9600371718406677,0.7104105949401855
87,IoBT_GUNFIRE,15.0,15.86124131307759,14.984186172485352,0.9704686871871316,1.860190510749817,0.0723370686173439,12.655608133545611,11.804330825805664,0.9711633390206839,1.8560678958892822,0.9039532941240691,0.0020889037433155077,18.840926263767063,18.026498794555664,0.9921247818758833,3.020681858062744,8.349612030207457,14.25717544555664,0.9690710642832886,2.2085254192352295,1.3587651264466976,0.0,False,15.091567039489746,14.947595596313477,14.25717544555664
88,IoBT_GUNFIRE,-5.0,-1.7344259194726817,-5.010289192199707,0.5295116579010227,1.078758716583252,0.05734873190522194,-0.776744908194599,-4.98198127746582,0.5291975610911339,1.0847995281219482,1.821621303623379,0.006266711229946525,12.511957862627494,11.053329467773438,0.6155872026962006,1.3376643657684326,5.702122817336502,3.449951648712158,0.6299145966277744,1.2123384475708008,1.3391051752485328,0.0,False,8.363729476928711,6.687703609466553,3.449951648712158
89,IoBT_GUNFIRE,5.0,6.738518024385081,5.050233840942383,0.9441105800330788,1.5017393827438354,0.03163494914770126,7.315060343016459,4.721651554107666,0.9437820485668581,1.45110023021698,1.02713753966693,0.0,14.246070101394805,12.52608871459961,0.9469164941459716,1.8971593379974365,9.059620072538827,10.718583106994629,0.9438400876386478,1.9456875324249268,1.2874764255739972,0.0,False,12.039894104003906,12.142446517944336,10.718583106994629
90,IoBT_GUNFIRE,5.0,5.000003974417501,-3.068155288696289,0.6916846570796443,1.0253483057022095,0.14391028881072998,5.39557695442853,-3.224090576171875,0.6913830241263474,1.0255496501922607,0.9697568084517018,0.00835561497326203,1.314255844251759,6.810238361358643,0.8610454786617664,1.8962819576263428,7.32393563486823,2.493619203567505,0.7819860618853421,1.02597177028656,1.2864023602571792,0.0,False,3.2051291465759277,3.687592029571533,2.493619203567505
91,IoBT_GUNFIRE,10.0,10.806900315622865,9.982564926147461,0.9516920422136016,2.5745418071746826,0.09096041321754456,4.121988186394299,2.3969552516937256,0.9514007089524442,2.498464584350586,1.1194683860708279,0.01253342245989305,11.496149330163492,10.480186462402344,0.9567246257571967,2.7230417728424072,10.126704046649948,10.333577156066895,0.9516017900707125,2.6014769077301025,1.1361200581559525,0.0,False,10.035447120666504,10.055641174316406,10.333577156066895
92,EXISTING_PROXY,5.0,4.999968958146347,4.835959434509277,0.9153803901383994,1.4267096519470215,0.039132822304964066,4.913299079910249,3.9254674911499023,0.9152204638812877,1.4142563343048096,1.0501234692175059,0.0020889037433155077,13.0363403404753,13.511065483093262,0.9605452328236702,2.3708696365356445,6.4482287950914134,7.779507637023926,0.9403659485529378,1.623138427734375,1.226300277798706,0.0,False,4.878928184509277,7.479200839996338,7.779507637023926
93,EXISTING_PROXY,5.0,5.314399301681073,5.003988265991211,0.9823630910179585,3.075648784637451,0.07892871648073196,6.741198942635314,5.531649112701416,0.9822532788535997,3.1261398792266846,0.9872670222850173,0.0,16.128185107866923,15.917140007019043,0.9933727187785675,3.6175930500030518,5.37200823473067,8.808145523071289,0.9804272031158863,3.0688071250915527,1.382534804006066,0.0,False,9.608747482299805,9.03778076171875,8.808145523071289
94,IoBT_GUNFIRE,10.0,11.607445005608962,9.999397277832031,0.8769844166505499,1.7947773933410645,0.07048476487398148,11.995679853493147,9.993451118469238,0.8771598618866697,1.8010869026184082,0.9403754120930866,0.0,18.780530946812966,18.433155059814453,0.9301140839869301,3.2238292694091797,12.246911242545703,15.33857250213623,0.8938903070207047,2.186566114425659,1.226281732459568,0.0,False,10.896735191345215,14.622127532958984,15.33857250213623
95,EXISTING_PROXY,0.0,2.218141230186183,-0.22946983575820923,0.6953923076943654,1.170005202293396,0.08519627153873444,3.0574831016217363,-0.4893561899662018,0.6952213394308585,1.1749687194824219,1.2412526533877308,0.004177807486631015,10.567270756001957,7.9982805252075195,0.8456911356155636,1.6767888069152832,6.56886267017187,6.938352108001709,0.8288074036477686,1.4341901540756226,1.3577003876357527,0.0,False,7.4654741287231445,7.392101287841797,6.938352108001709
96,IoBT_GUNFIRE,-5.0,-4.999995952454959,-4.882603168487549,0.6114165280511249,1.0599509477615356,0.10236047208309174,-3.5474556978690934,-4.488218307495117,0.6113340465643093,1.0633361339569092,1.7524756467531006,0.004177807486631015,3.252533695503035,0.7392055988311768,0.6613843125688582,1.1129027605056763,-0.9899264378665141,-0.36165374517440796,0.7024714994488859,1.1285768747329712,1.54967679286812,0.0,False,1.2041326761245728,1.0163718461990356,-0.36165374517440796
97,IoBT_GUNFIRE,-5.0,-4.447656033551627,-4.99429988861084,0.6308221306674181,1.2108749151229858,0.09512056410312653,-3.766357844980684,-5.21091365814209,0.6291276303983266,1.207284927368164,1.8622532390133162,0.00835561497326203,9.441019342959205,8.515034675598145,0.6791601689691178,1.4454299211502075,3.462184147208567,4.354782581329346,0.7248875625791715,1.226621150970459,1.3485823454305144,0.0,False,5.4535322189331055,5.3291778564453125,4.354782581329346
98,IoBT_GUNFIRE,5.0,6.1880089670869145,4.986766815185547,0.6415237868464536,1.1404904127120972,0.03743574023246765,7.205442161647911,5.185362815856934,0.6398990105862095,1.148006796836853,1.0175873633197303,0.0,13.810611202996153,13.365537643432617,0.7403484221628746,2.1305105686187744,9.485439810291306,10.192097663879395,0.7398930545920345,1.4537971019744873,1.201642327620454,0.0,False,11.854507446289062,11.899869918823242,10.192097663879395
99,EXISTING_PROXY,15.0,16.665142661974766,14.989534378051758,0.918588624327649,1.9022586345672607,0.06833075731992722,15.072651318712982,13.725753784179688,0.9188730810199576,1.9205529689788818,0.9099547513752417,0.0,9.991667642283014,13.164230346679688,0.9047228069986932,2.777477741241455,13.665833537644371,14.101799011230469,0.9225844580696188,2.0978736877441406,1.1412852078951097,0.014583333333333335,False,16.397193908691406,16.525745391845703,14.101799011230469
100,IoBT_GUNFIRE,0.0,0.3616939008452442,-0.05277206748723984,0.8373798488400879,1.1118295192718506,0.08222881704568863,1.5125328536740685,0.13297536969184875,0.8368475480899714,1.1031954288482666,1.2423951079801259,0.0020889037433155077,12.857617221640254,12.445720672607422,0.9432780481649564,2.1048972606658936,5.870364112243289,7.748466491699219,0.9334885632283979,1.3840596675872803,1.2961041997992284,0.0,False,9.11643123626709,9.217511177062988,7.748466491699219
101,EXISTING_PROXY,5.0,5.505200181941738,4.951070308685303,0.9692801865158883,1.3753606081008911,0.05582927539944649,6.869293155167244,5.503897190093994,0.9692693030076446,1.39740788936615,0.9970132752206148,0.0,17.245725419422143,17.137401580810547,0.9851999545184263,2.090383529663086,4.51000645569274,7.52040433883667,0.9713610874235918,1.5459747314453125,1.4190205537618112,0.0,False,5.513813495635986,6.75868034362793,7.52040433883667
102,IoBT_GUNFIRE,20.0,20.26743629499848,20.005287170410156,0.9640031522332377,3.48844051361084,0.09302733838558197,16.386413365448067,18.129257202148438,0.9637829807104767,3.3297603130340576,0.8953970282092024,0.0,19.466986042989973,19.726364135742188,0.9589826391596495,2.6901841163635254,8.60252024055022,13.887823104858398,0.9585406922739087,3.159864664077759,1.3080108186769541,0.0,False,20.33626937866211,18.11551856994629,13.887823104858398
103,IoBT_GUNFIRE,10.0,10.968675067268421,9.996673583984375,0.9510606532184637,1.5157368183135986,0.04778321087360382,10.202708224249422,8.66971206665039,0.9513110177575178,1.505370855331421,0.933820386245736,0.0020889037433155077,12.016111283280162,10.878807067871094,0.9544598996771477,2.1287972927093506,8.716047077480148,12.250865936279297,0.9551265468989386,1.6670737266540527,1.3057910174008447,0.0,False,14.66320514678955,14.620789527893066,12.250865936279297
104,IoBT_GUNFIRE,20.0,21.673998357482635,19.994699478149414,0.996810982539778,2.3713204860687256,0.0648454800248146,16.18266191796309,15.398298263549805,0.9967549771634648,2.5414891242980957,0.9040200131818933,0.0020889037433155077,25.03230552723124,23.91851806640625,0.9974217084893392,3.1335630416870117,12.55463907966827,15.04708480834961,0.9918317406153656,2.3476970195770264,1.2112434864954595,0.0,False,20.309812545776367,20.235889434814453,15.04708480834961
105,EXISTING_PROXY,-10.0,-9.19206809253486,-10.2420654296875,0.3769025593497313,1.3905436992645264,0.1829049438238144,-8.25989891443669,-10.355156898498535,0.3752803793265133,1.4196175336837769,2.9789855298048487,0.014622326203208556,2.634248029017487,-2.814007043838501,0.5985155480333261,1.1019127368927002,-3.2622647490631964,-6.190018177032471,0.6309862854367487,1.231352686882019,1.7615856850854423,0.0,False,-5.310671329498291,-5.3665876388549805,-6.190018177032471
106,EXISTING_PROXY,10.0,0.0,105.58154296875,0.9999999999999991,4.643888473510742,0.08690391480922699,22.54261243415479,32.338539123535156,0.9999750013390939,4.6286301612854,0.8973426440816153,0.0,6.847205363750419,2.652791738510132,0.8669812025866473,1.7989752292633057,18.263204084663272,16.116796493530273,0.9661273653931309,4.239700794219971,1.0649685855682807,0.0,False,31.59949493408203,26.35778045654297,16.116796493530273
107,EXISTING_PROXY,20.0,20.80740589176799,19.997467041015625,0.9722805877067237,2.7205467224121094,0.04879867285490036,10.578413108188741,9.442025184631348,0.9721462289714964,2.4971752166748047,0.9155466906403086,0.006266711229946525,20.728030896047112,20.18103790283203,0.9817243948781489,3.240581750869751,8.418151572960259,14.356657028198242,0.9765778151183122,2.952662467956543,1.3536024066107757,0.0,False,19.86297607421875,16.975849151611328,14.356657028198242
108,IoBT_GUNFIRE,-10.0,-9.54263376522994,-9.912425994873047,0.628493950656208,1.0343968868255615,0.21401001513004303,-8.471386766007015,-9.934246063232422,0.6326383379624875,1.0394779443740845,2.9417888666447833,0.01880013368983957,13.023083491787155,12.547479629516602,0.8459774185923757,2.142237901687622,-9.33045349929936,-7.519525527954102,0.7537698614833215,1.1211726665496826,3.3330101329184596,0.0,False,-8.345846176147461,-7.906253814697266,-7.519525527954102
109,IoBT_GUNFIRE,0.0,0.6542661302861654,-0.06671787798404694,0.7610250285778863,1.0735740661621094,0.05376121774315834,1.4967853490161362,-0.21060428023338318,0.7611689439012842,1.0752756595611572,1.25446133258418,0.0,9.428101519958505,8.264198303222656,0.9116085373028977,2.1352462768554688,3.841704191865855,5.502186298370361,0.8603508452343447,1.350891351699829,1.393312041318943,0.0,False,4.408593654632568,6.197451591491699,5.502186298370361
110,IoBT_GUNFIRE,0.0,1.8038445577173545,-0.05029009282588959,0.8396435997028592,1.0619920492172241,0.03820640966296196,3.1190158811300823,0.041492581367492676,0.8397205618407897,1.0610064268112183,1.1977962119583845,0.0,12.083568420960821,9.872428894042969,0.9369220838452316,1.908530592918396,1.9081316005451554,3.7772278785705566,0.886243904704292,1.1137011051177979,1.664658890240927,0.0,False,2.645145893096924,3.437863826751709,3.7772278785705566
111,IoBT_GUNFIRE,10.0,11.022158263582524,10.010259628295898,0.9806577311985302,1.1954762935638428,0.07282355427742004,7.623907276847259,5.750105857849121,0.9805906644038551,1.1771996021270752,0.9779156754905852,0.006266711229946525,13.70778597289885,12.454537391662598,0.9874133180770852,1.3249160051345825,8.631320957337557,10.247596740722656,0.9785596280679086,1.1885907649993896,1.2510080139863533,0.0,False,10.040056228637695,10.031928062438965,10.247596740722656
112,IoBT_GUNFIRE,0.0,0.5055133140865938,-0.05316118896007538,0.6839546664417547,1.1144235134124756,0.11598522961139679,1.8281755137458175,0.3711567521095276,0.6829979852837553,1.1154742240905762,1.2284267347628814,0.0,9.280083897619715,8.160703659057617,0.8214881039778068,1.8203434944152832,0.559407793150317,1.441455364227295,0.7811005155348523,1.5124142169952393,1.5177577947950924,0.0,False,1.498779296875,1.208120346069336,1.441455364227295
113,IoBT_GUNFIRE,-10.0,-7.92437829362285,-10.970864295959473,0.5150865950181437,1.079756498336792,0.07765816897153854,-6.550558296528615,-10.745756149291992,0.5152094682149458,1.0810184478759766,2.7979066691914936,0.0,2.6999626474267906,-7.30457067489624,0.4386850517090895,1.2257428169250488,-1.3592549566800147,-4.188321113586426,0.663377444553308,1.2202166318893433,1.7424640042427644,0.0,False,-2.6960606575012207,-2.643955707550049,-4.188321113586426
114,EXISTING_PROXY,0.0,1.672005583964303,-0.01469259150326252,0.6237195213677075,1.2419238090515137,0.060431502759456635,2.080864146047502,-0.5229909420013428,0.6275038829772919,1.2543160915374756,1.299982995994036,0.004177807486631015,8.002039136073034,5.745055675506592,0.7744844603564123,1.5859029293060303,6.5313650226611,6.535701751708984,0.7956045826350745,1.6520607471466064,1.2848768046643024,0.0,False,5.446934700012207,7.017492294311523,6.535701751708984
115,IoBT_GUNFIRE,0.0,1.610415462787615,-0.05586007237434387,0.7544955923688411,1.148144006729126,0.055094826966524124,2.667188352712878,-0.07346118241548538,0.7538459875040348,1.1441211700439453,1.2385664427534868,0.0,11.505744981646613,10.427447319030762,0.872283330999152,1.5347704887390137,6.8850107183063205,8.306145668029785,0.8353920722221779,1.272918701171875,1.3435086335255024,0.0,False,6.822591781616211,8.959826469421387,8.306145668029785
116,EXISTING_PROXY,-5.0,-4.140753050395303,-4.963315963745117,0.664472363933047,1.0815914869308472,0.07097942382097244,-3.7848630503760567,-5.545176982879639,0.6637580687361417,1.0938948392868042,1.9360305949018295,0.006266711229946525,5.935590045858073,3.4820497035980225,0.7808964180350392,1.3760707378387451,0.34037219056125045,-0.4107564091682434,0.7532082819149875,1.1481845378875732,1.466746067395595,0.0,False,0.19626854360103607,0.2516833245754242,-0.4107564091682434
117,IoBT_GUNFIRE,5.0,7.6750803438730895,4.937746047973633,0.8007945938538614,1.1131091117858887,0.0853019505739212,8.240326200111314,4.536884307861328,0.8003423423295482,1.1142311096191406,1.0056535891967653,0.0,16.588358024742888,14.036552429199219,0.9341083807191287,2.4587466716766357,11.371040085697206,11.290017127990723,0.8505538615111506,1.8835844993591309,1.2214292572611938,0.0,False,11.906136512756348,11.991724014282227,11.290017127990723
118,IoBT_GUNFIRE,20.0,20.454821812104782,19.99806785583496,0.947985065331285,2.197040557861328,0.12484046071767807,17.121508467960226,18.541606903076172,0.9481453116390599,2.081692934036255,0.9044726405784781,0.0020889037433155077,8.25617966479209,8.946610450744629,0.825887824615723,1.9805908203125,16.511257611882368,16.702573776245117,0.9480765702135198,2.170088529586792,1.0516893896445692,0.00625,False,19.73365592956543,19.174158096313477,16.702573776245117
119,IoBT_GUNFIRE,15.0,16.48533541728892,15.002961158752441,0.9731965612048824,1.7759535312652588,0.06283999979496002,15.853006102792422,14.988504409790039,0.9732172102734541,1.9784464836120605,0.9086902367939474,0.0,24.590771682870397,23.6513729095459,0.9914306303103939,3.7011380195617676,12.169464626259261,15.20281982421875,0.9787939472023766,2.588942050933838,1.2221574973230978,0.0,False,17.104957580566406,18.613893508911133,15.20281982421875
120,IoBT_GUNFIRE,5.0,5.408855058610205,4.985356330871582,0.8261234655701986,1.130114197731018,0.04559767246246338,6.18933164711505,4.8185715675354,0.8257652874815637,1.131574034690857,1.0015199947011324,0.0,13.310762492223917,12.828842163085938,0.923290396771326,1.7757031917572021,6.651854636037137,10.844085693359375,0.9025459875564776,1.3505380153656006,1.362981977120562,0.0,False,9.946161270141602,11.367452621459961,10.844085693359375
121,IoBT_GUNFIRE,5.0,5.553643504629151,4.986077308654785,0.8249315579978879,1.166459321975708,0.11645804345607758,6.165594986071385,4.568539142608643,0.8240828496374232,1.1570171117782593,0.9868570232700873,0.0020889037433155077,9.845301037359661,11.808111190795898,0.9068382097794075,1.9584269523620605,5.7439751894498015,10.461684226989746,0.8695474876388498,1.2574964761734009,1.4270882238237028,0.0,False,5.9716010093688965,9.554712295532227,10.461684226989746
122,IoBT_GUNFIRE,-5.0,-4.999333646985493,-5.2096171379089355,0.7351753738620446,1.2238030433654785,0.08973782509565353,-4.421309068520107,-5.526401996612549,0.7338605555847906,1.2267144918441772,1.889984371405217,0.006266711229946525,16.132705757392674,18.04277229309082,0.822069597501917,3.5093626976013184,9.061613895901573,11.053812026977539,0.77608016524203,2.8152644634246826,1.1989396580028495,0.0,False,-0.43969762325286865,6.23358154296875,11.053812026977539
123,IoBT_GUNFIRE,0.0,0.36018101019343823,-0.1003570705652237,0.6853100728972628,1.2674616575241089,0.02138928323984146,-0.3668701919518301,-1.6962134838104248,0.6846597958150903,1.296008825302124,1.3650822871181665,0.0020889037433155077,6.618702985393411,6.135058403015137,0.821243513911317,1.295542597770691,3.5104978660163306,5.304432392120361,0.7663195172387349,1.3078511953353882,1.385127885164277,0.0,False,3.183445930480957,4.895931243896484,5.304432392120361
124,IoBT_GUNFIRE,5.0,5.604541285453991,5.044400691986084,0.8555359193886932,1.4906104803085327,0.07396101206541061,6.282594344606355,4.862293243408203,0.8546661981271141,1.485067367553711,1.0289799348956266,0.0,14.598898543810403,14.780312538146973,0.9255738241514716,3.5498833656311035,9.921979974335326,11.6886568069458,0.8822330559672078,2.3398139476776123,1.1991171984103908,0.0,False,10.27695083618164,12.58914566040039,11.6886568069458
125,EXISTING_PROXY,-10.0,-7.32752865116357,-10.300704002380371,0.5443582153992218,1.1760116815567017,0.1159217581152916,-6.298732807555155,-10.225711822509766,0.5438645739435941,1.1837942600250244,2.953124383481527,0.0020889037433155077,3.3301124656483494,-6.899046421051025,0.3464746806679552,1.052199363708496,-3.48127378629916,-12.544027328491211,0.5071326984788007,1.0714256763458252,2.012118013450346,0.0,False,-11.485194206237793,-11.772546768188477,-12.544027328491211
126,EXISTING_PROXY,0.0,1.7127697336896603,-0.024669107049703598,0.8686200272138981,1.9548227787017822,0.10571403801441193,2.5288800551404216,-0.1593094766139984,0.867960785381979,1.8881598711013794,1.26396661835057,0.0,9.383198345291238,7.175328254699707,0.805706574752667,2.1991615295410156,8.126449752110055,6.644189357757568,0.8362876183524284,2.4007818698883057,1.1310569795097782,0.0,False,6.806063175201416,7.323782444000244,6.644189357757568
127,IoBT_GUNFIRE,10.0,10.703588683927737,9.994789123535156,0.7727402937095963,1.236196517944336,0.03884091600775719,7.084523694659616,5.503608703613281,0.7722087018626206,1.2512102127075195,0.9778940707386505,0.004177807486631015,14.401441364615177,14.1351900100708,0.8460843677046566,2.319596529006958,9.084206917662089,14.463470458984375,0.838267625596562,1.3498204946517944,1.3151663918292127,0.0,False,17.879196166992188,16.928625106811523,14.463470458984375
128,EXISTING_PROXY,5.0,6.248287082776638,4.961996555328369,0.8718553797379648,1.2176707983016968,0.07562658190727234,6.997251149480766,4.883960723876953,0.8717705673023236,1.2227954864501953,1.011134332778927,0.0,12.349531291898,11.160306930541992,0.9556637530971878,2.6352055072784424,8.367139191029688,8.935078620910645,0.9175872817701941,1.580676794052124,1.225917888655181,0.0,False,8.905494689941406,9.475708961486816,8.935078620910645
129,IoBT_GUNFIRE,15.0,16.93608489882638,15.0196533203125,0.9918190934985951,2.1954870223999023,0.06500426679849625,15.40146524512987,13.977319717407227,0.9917728535534801,2.211416244506836,0.9004049888627361,0.0,13.678322879429034,13.383394241333008,0.9866653355343084,2.3421781063079834,10.33109696507548,12.611823081970215,0.9839844903178556,2.2436304092407227,1.2782312460939393,0.0,False,15.221137046813965,15.105728149414062,12.611823081970215
130,IoBT_GUNFIRE,5.0,6.485224245066053,5.058068752288818,0.8646324874682472,1.4655866622924805,0.09398148953914642,7.279714696827798,4.94790506362915,0.8659386788473054,1.4471737146377563,1.0125349841290079,0.0,15.330451796047806,13.751708984375,0.908136427657894,2.026946544647217,8.242018376902898,10.968074798583984,0.9059296653578246,1.435712218284607,1.3322703785012326,0.0,False,10.258668899536133,10.90755558013916,10.968074798583984
131,IoBT_GUNFIRE,-5.0,-4.3470646145977145,-5.204958915710449,0.5484905462303213,1.0504233837127686,0.08925299346446991,-3.0617015778530314,-4.975848197937012,0.5484279233595655,1.055246114730835,1.755159267600866,0.004177807486631015,4.534875323577162,2.5891571044921875,0.6113136365551612,1.127678394317627,2.3637298023378155,1.2661702632904053,0.6187970449444743,1.1050994396209717,1.2533699616716512,0.0,False,3.7556207180023193,3.47157621383667,1.2661702632904053
132,EXISTING_PROXY,15.0,16.543684077559448,15.00837230682373,0.8532773235425549,1.8139560222625732,0.05894174426794052,12.6848015166859,10.815515518188477,0.8530107498703624,1.4339749813079834,0.9280955133820886,0.004177807486631015,18.979426770739803,17.659534454345703,0.9145230732831225,3.005402088165283,15.267085794844142,15.720468521118164,0.9172397354599946,2.5224828720092773,1.1143223869373327,0.0,False,18.09453582763672,17.954801559448242,15.720468521118164
133,IoBT_GUNFIRE,5.0,5.861412376713885,5.021536350250244,0.7659057368855103,1.1894956827163696,0.06162894889712334,6.714128820385108,5.0177412033081055,0.765656653470572,1.1931869983673096,1.0194791099682852,0.0020889037433155077,16.752195812716806,15.957890510559082,0.9295390301139487,2.7666893005371094,5.07380211247077,7.453028678894043,0.8911447154477266,1.969428300857544,1.396803845899629,0.0,False,7.872495174407959,7.588768482208252,7.453028678894043
134,IoBT_GUNFIRE,5.0,5.131892618574787,4.858168125152588,0.9045380460838017,1.5391769409179688,0.07185252755880356,5.012681078731923,3.8331499099731445,0.9041680320684928,1.527095079421997,1.0277248723021581,0.006266711229946525,10.503159369747447,10.196582794189453,0.9356592245627893,2.3030788898468018,6.44374750909329,8.837929725646973,0.9477323753123186,1.9139584302902222,1.284252084559449,0.0,False,9.175069808959961,9.82342529296875,8.837929725646973
135,IoBT_GUNFIRE,10.0,10.86137787460251,9.94878101348877,0.9621089164941192,1.962275505065918,0.07407858222723007,8.681037834529391,7.034502029418945,0.9627472626279647,1.8965599536895752,0.9362100385351488,0.00835561497326203,9.083563651471824,8.18139934539795,0.9475365453034845,2.5395591259002686,9.807165733067869,9.965950965881348,0.9639199987873591,2.427816867828369,1.1426374786773394,0.0,False,9.997522354125977,10.311822891235352,9.965950965881348
136,IoBT_GUNFIRE,15.0,15.00001057643226,14.974213600158691,0.9521473342366797,2.5836522579193115,0.14428383111953735,8.305033699507106,7.633487701416016,0.9519817038647204,2.1953158378601074,0.947184477522344,0.01671122994652406,4.213643515893553,2.9716734886169434,0.8927176258795556,1.959190011024475,9.79692481271004,11.131479263305664,0.9374168784397674,2.264936923980713,1.1458696661522285,0.0,False,15.150115966796875,14.285240173339844,11.131479263305664
137,IoBT_GUNFIRE,0.0,3.736604429551459e-05,0.29829728603363037,0.8693223351372864,1.156061053276062,0.03282343968749046,1.178375920137869,0.3392442762851715,0.8690612602938447,1.1457021236419678,1.2567516586511476,0.0,12.173054172672854,11.991514205932617,0.9717222670791461,2.1292757987976074,2.6692135656473956,5.1981611251831055,0.9292901160389478,1.7087593078613281,1.4320658915620585,0.0,False,2.415621042251587,4.105691432952881,5.1981611251831055
138,IoBT_GUNFIRE,10.0,11.736170803982748,10.016109466552734,0.9453822648044224,1.9362996816635132,0.015146157704293728,8.117700860170823,5.706095218658447,0.9457859773674285,2.1071081161499023,1.0088251535234636,0.0,10.99796343956248,9.156984329223633,0.948427463617537,2.2321112155914307,9.718951036787479,9.991321563720703,0.9484086582406318,2.106707811355591,1.2142168743054969,0.0,False,10.1044921875,10.422298431396484,9.991321563720703
139,IoBT_GUNFIRE,0.0,1.737990792668474,-0.08139169961214066,0.667058832263414,1.12514328956604,0.02547372877597809,2.702744784685376,-0.11126469820737839,0.6651970173370856,1.1212950944900513,1.2528470179394755,0.0,12.514997835371469,10.50122356414795,0.8543971243194661,1.7724363803863525,3.9145474475402513,4.643479347229004,0.7690639702781972,1.296648621559143,1.4546018186169434,0.0,False,2.9578540325164795,4.9360504150390625,4.643479347229004
140,IoBT_GUNFIRE,5.0,5.914103413183442,5.017962455749512,0.8766527485416883,1.5044541358947754,0.16452854871749878,4.712818182753399,2.6293835639953613,0.8764067988964817,1.5677564144134521,1.0643666319554803,0.014622326203208556,1.5740361536860985,-5.173282146453857,0.6218968921769035,1.0614677667617798,7.270245650934872,7.287639617919922,0.8813114270161972,1.4319233894348145,1.1904214130577333,0.0,False,7.379659652709961,8.093217849731445,7.287639617919922
141,IoBT_GUNFIRE,5.0,5.755440364430504,4.998697757720947,0.9225366266022132,1.3987174034118652,0.03963255137205124,6.313451642154715,4.804579734802246,0.9225635963717591,1.3991672992706299,1.0364322485137807,0.0,12.571617215159346,11.599854469299316,0.9605378848855839,1.9875831604003906,6.079821829181556,6.4923248291015625,0.9318498134393963,1.6289374828338623,1.2357904588651636,0.0,False,5.259634971618652,6.0526227951049805,6.4923248291015625
142,EXISTING_PROXY,0.0,1.7344868786252516,0.0022033723071217537,0.6432806730541446,1.2158098220825195,0.13962116837501526,2.536016265081412,-0.1739850640296936,0.6419069034623373,1.1641353368759155,1.2755785243230402,0.014622326203208556,9.959379049015181,7.882797718048096,0.8487338772629818,1.8611528873443604,5.4168567105447405,5.42497444152832,0.7356603709495586,1.3749923706054688,1.334235550184628,0.00625,False,2.929135799407959,4.537362575531006,5.42497444152832
143,IoBT_GUNFIRE,10.0,11.133962079459828,9.968254089355469,0.9263265862375489,1.8822567462921143,0.05519777536392212,11.51881119408306,9.955612182617188,0.9260505082556596,1.8317394256591797,0.9297804955755418,0.0,7.8462930017233585,13.001175880432129,0.9513515310253382,2.716080904006958,8.884742271514023,11.966222763061523,0.9477095539743783,1.9095882177352905,1.2983594361924482,0.0,False,12.80176067352295,13.076980590820312,11.966222763061523
144,EXISTING_PROXY,15.0,16.133089700859394,14.996606826782227,0.9497594590260899,1.8645339012145996,0.05197278782725334,15.295522583694295,14.772886276245117,0.9497246103975745,1.8633897304534912,0.9063025707434318,0.0,19.226028112803245,18.859703063964844,0.9592288473861865,3.1612305641174316,13.450648072428532,13.612198829650879,0.9670805505937253,2.5001721382141113,1.1090017465012993,0.0,False,17.861186981201172,16.718158721923828,13.612198829650879
145,IoBT_GUNFIRE,-5.0,-2.405680373665149,-5.087213516235352,0.7427897836653027,1.1070611476898193,0.11449464410543442,-0.9696214001603687,-4.61154842376709,0.7431721273272055,1.1123480796813965,1.7408878491211017,0.0,11.212906030131911,8.329931259155273,0.8294750218766309,1.4842751026153564,-0.7816235621412557,-2.539116382598877,0.8468533127535786,1.2863852977752686,1.8363153770441096,0.0,False,-2.455322504043579,-1.7065749168395996,-2.539116382598877
146,IoBT_GUNFIRE,-5.0,-2.573727836111315,-5.174039840698242,0.70497964793263,1.0556392669677734,0.030934927985072136,-3.1952959098539715,-6.7465996742248535,0.7061209536272174,1.0516992807388306,2.0952555470715057,0.006266711229946525,14.246315638164006,11.609466552734375,0.8286841622135969,1.8326140642166138,3.5075457833126595,2.7116541862487793,0.7726743527306984,1.120442271232605,1.4633190707506376,0.0,False,4.2972822189331055,4.232071399688721,2.7116541862487793
147,IoBT_GUNFIRE,-5.0,-3.574017264614781,-5.043766975402832,0.7334568668406187,1.2065200805664062,0.02713850885629654,-2.56207890352918,-5.099270820617676,0.7328583134100359,1.1286224126815796,1.8100536656170085,0.0,10.156068358005228,8.35680866241455,0.7937990374219844,1.2823331356048584,2.473558595742604,3.432070255279541,0.7928271757966293,1.2082996368408203,1.5173414189752132,0.0,False,1.0526232719421387,4.015503406524658,3.432070255279541
148,IoBT_GUNFIRE,10.0,12.216816056786437,10.013723373413086,0.9036825362282441,1.3699581623077393,0.10672017931938171,11.670855312110644,8.975128173828125,0.9038196583165636,1.3853435516357422,0.9502759064203649,0.00835561497326203,17.748956988259586,17.368947982788086,0.9346013670007888,2.9346446990966797,11.898387175100083,15.117968559265137,0.9356714314808071,1.6924986839294434,1.2637977921749168,0.0,False,18.154499053955078,17.91950035095215,15.117968559265137
149,IoBT_GUNFIRE,5.0,6.737454004679188,5.047531604766846,0.6249198904350599,1.4093033075332642,0.05082496255636215,7.4374113759785665,4.913938522338867,0.625157017118686,1.407806396484375,1.026060167844375,0.0,10.221417679615904,10.041786193847656,0.7745194968435067,1.7921284437179565,8.55532183149032,9.706737518310547,0.7089901814334092,1.842915415763855,1.2841047463473072,0.0,False,10.69487476348877,11.113009452819824,9.706737518310547
150,IoBT_GUNFIRE,15.0,15.313519967701758,14.855621337890625,0.8158193952293648,1.9822111129760742,0.06769915670156479,12.627676284018943,12.10440731048584,0.8151918596802091,1.8535900115966797,0.9223592278112169,0.0020889037433155077,12.219290799410647,15.991515159606934,0.8660135509554904,2.7860186100006104,11.837910000641983,13.408533096313477,0.8493754570073676,2.0256378650665283,1.1455507264975455,0.0,False,15.883630752563477,15.992471694946289,13.408533096313477
151,IoBT_GUNFIRE,10.0,11.246954996223607,10.006946563720703,0.9505505999793022,2.6401469707489014,0.03620828688144684,10.75232339908415,9.00306510925293,0.9505458625783492,2.6568145751953125,0.946814479857373,0.0,16.23348653502407,15.990056037902832,0.9828604348397824,3.6761364936828613,11.348656213556605,12.236814498901367,0.9620727699439594,2.8489627838134766,1.1746329585102753,0.0,False,10.778169631958008,12.289029121398926,12.236814498901367
152,IoBT_GUNFIRE,15.0,14.999966230339856,15.016838073730469,0.9337626979923893,2.557241678237915,0.07295114547014236,12.66842677943481,12.878146171569824,0.933501804639376,2.5764975547790527,0.9028422967361258,0.0020889037433155077,7.591462830636893,9.077519416809082,0.9170088112787965,1.514883041381836,7.36036941556277,10.372831344604492,0.9283892083108143,2.31854248046875,1.2726095203700678,0.0,False,15.078500747680664,13.31480884552002,10.372831344604492
153,IoBT_GUNFIRE,10.0,11.24296482805153,9.938525199890137,0.7933749314012557,1.577955722808838,0.15200094878673553,11.282864018333091,9.623336791992188,0.7924904862147921,1.5990586280822754,0.9070648461952436,0.004177807486631015,3.7095283338563902,1.2248260974884033,0.8455717891135799,1.811434268951416,8.625374188645285,7.465190410614014,0.8308058194635909,1.7032394409179688,1.096085616900537,0.0,False,11.22085952758789,11.197284698486328,7.465190410614014
154,IoBT_GUNFIRE,-10.0,-9.594790820179337,-9.962357521057129,0.5162262568014891,1.0883572101593018,0.01492914929986,-8.698234060610952,-10.22422981262207,0.5155159797600111,1.091257095336914,2.9923229295709977,0.0,2.75791297403968,-0.6781452298164368,0.5503368442756961,1.0994772911071777,-0.06480988715901533,-2.680124044418335,0.5387807244103803,1.1747641563415527,1.2791831127399165,0.0,False,-4.675206184387207,-1.0557899475097656,-2.680124044418335
155,IoBT_GUNFIRE,5.0,5.704056088446877,5.013801574707031,0.7672370339467888,1.236703634262085,0.04295485094189644,6.472513186276768,5.018482208251953,0.7672356358255008,1.246442437171936,1.029235952172353,0.0,12.838171984698814,12.228218078613281,0.9123811064795885,2.4756476879119873,7.436375638647079,8.952862739562988,0.822576046646932,1.3704240322113037,1.2568347592010254,0.0,False,7.00493049621582,10.158835411071777,8.952862739562988
156,IoBT_GUNFIRE,0.0,0.8070960002688738,-0.052561402320861816,0.7030074526939125,1.142339825630188,0.09630131721496582,1.939805604999032,0.10310947895050049,0.7020682474356985,1.1571195125579834,1.242940266967786,0.004177807486631015,5.661210330873759,6.388182163238525,0.7736096978553245,1.4207253456115723,8.204679436414171,7.913552284240723,0.8013013383129902,1.5387824773788452,1.134920825441408,0.0,False,9.879573822021484,9.383503913879395,7.913552284240723
157,IoBT_GUNFIRE,0.0,1.4856030010857513,0.02660161815583706,0.7498937351908409,1.187102198600769,0.07903491705656052,2.920696428389161,0.5327920913696289,0.7498615591228124,1.1979765892028809,1.2357452677085647,0.0,8.743620387896188,10.678349494934082,0.8331071461826806,2.0880818367004395,9.128338773763364,9.36404037475586,0.8344174723567763,1.585099220275879,1.208081654895147,0.0,False,12.60658073425293,12.092599868774414,9.36404037475586
158,IoBT_GUNFIRE,10.0,10.457016400497158,10.089654922485352,0.972230194702752,1.6453008651733398,0.08061818033456802,9.956360706256024,8.975624084472656,0.9722852032823882,1.6344707012176514,0.9559026837235534,0.0020889037433155077,18.565969030016863,18.107097625732422,0.9870460548469154,3.2261316776275635,8.388575731521602,11.596681594848633,0.9792462508582018,2.11861252784729,1.2773099489101034,0.0,False,11.589359283447266,12.320727348327637,11.596681594848633
159,IoBT_GUNFIRE,0.0,0.5549077073897983,-0.17713919281959534,0.8547820702545426,1.2957215309143066,0.08613980561494827,1.5465295045823002,-0.37368130683898926,0.8539097484608561,1.2908419370651245,1.2214944526647555,0.0,9.593265207203652,9.453015327453613,0.9092770035789819,1.7419233322143555,3.6376265420739817,5.826409339904785,0.8836229949506405,1.4987406730651855,1.4237297108065183,0.0,False,6.359102725982666,6.9760589599609375,5.826409339904785
160,IoBT_GUNFIRE,5.0,6.245982143956471,4.984137535095215,0.6043419640625363,1.2840903997421265,0.037637822329998016,7.033172200961253,4.856075763702393,0.6053718100730658,1.2710514068603516,1.0083565824846241,0.0,7.441885720218137,8.88374137878418,0.6846330021734023,1.3583362102508545,7.543992231772338,8.750186920166016,0.6444740881258789,1.3943631649017334,1.2811561153496744,0.0,False,8.871471405029297,9.94508171081543,8.750186920166016
161,IoBT_GUNFIRE,-10.0,-8.45231567271929,-10.139678955078125,0.6939557656146688,1.136610984802246,0.08302316814661026,-7.599880148706091,-10.295811653137207,0.6939450935699509,1.134305715560913,2.9906840792037754,0.0,9.31413856384319,8.145731925964355,0.8708983714978181,2.0592799186706543,4.54361677635854,4.856635570526123,0.8375980992665444,1.5560789108276367,1.3734352833782186,0.0,False,-9.905730247497559,-2.5965566635131836,4.856635570526123
162,IoBT_GUNFIRE,5.0,5.003643978113093,-8.358460426330566,0.7449562927994655,1.1042691469192505,0.041055355221033096,5.280510657164341,-8.734613418579102,0.7442897567156197,1.0956099033355713,0.963826577966294,0.0,3.3405610370775523,-10.358098983764648,0.3136836346850359,1.0803405046463013,12.78102254688571,1.2496352195739746,0.6927470495059957,1.1500489711761475,1.1614126147688166,0.0,False,-3.670579433441162,-3.3381524085998535,1.2496352195739746
163,IoBT_GUNFIRE,-5.0,-3.513363184149774,-5.382467269897461,0.7244295444206607,1.103790044784546,0.021182095631957054,-2.409001988618156,-5.295544624328613,0.7249222329998147,1.1054017543792725,1.7844839665273913,0.0,7.598699688567652,5.188261985778809,0.864673616286147,1.515108585357666,1.4066383739540678,0.6473589539527893,0.8181542176376714,1.1875686645507812,1.4783312523350898,0.0,False,-0.5307484269142151,2.0729806423187256,0.6473589539527893
164,EXISTING_PROXY,-10.0,-8.06645086338021,-9.973825454711914,0.6544561174527055,1.0280787944793701,0.13173553347587585,-8.448552795491374,-11.35895824432373,0.6534151575452865,1.0392265319824219,3.4440207143305845,0.014622326203208556,9.133257566693333,6.380224704742432,0.7626302815433337,1.2993249893188477,3.118076611109398,2.130128860473633,0.7761015478179427,1.090374231338501,1.4051927533929274,0.0,False,5.208968639373779,4.133333206176758,2.130128860473633
165,EXISTING_PROXY,10.0,10.755735745695482,10.098085403442383,0.9393311561554413,1.5121102333068848,0.05240500345826149,11.127386881572711,9.983259201049805,0.9391083823305313,1.5414128303527832,0.9393931671258171,0.0,15.37411297271407,14.66549015045166,0.9744455582291115,3.047759771347046,8.577612320383922,12.119543075561523,0.9654316203053739,2.288383722305298,1.2978945990690172,0.0,False,10.790447235107422,12.994935989379883,12.119543075561523
166,EXISTING_PROXY,10.0,10.000001140284523,10.00870132446289,0.8931838666212787,2.170743703842163,0.051433175802230835,8.950225166748154,8.380488395690918,0.8929932843374553,2.1055753231048584,0.9549950509646699,0.004177807486631015,9.610119840761712,9.823821067810059,0.900197117714088,2.0311074256896973,7.7435592944281995,9.774487495422363,0.9338331803418748,2.621755838394165,1.221038862764871,0.0,False,10.055676460266113,10.178905487060547,9.774487495422363
167,IoBT_GUNFIRE,0.0,0.6035973934091718,0.18897981941699982,0.6359713141213122,1.1805357933044434,0.10668834298849106,1.848798223559827,0.31822508573532104,0.6346010753644526,1.1886478662490845,1.239341602096793,0.0020889037433155077,3.266972428573976,0.46263933181762695,0.5892632495457271,1.2002776861190796,2.8704222472886705,5.41804313659668,0.7812212876668303,1.383283019065857,1.4898834337558333,0.0,False,5.862349987030029,6.528661251068115,5.41804313659668
168,IoBT_GUNFIRE,15.0,16.54821753147572,15.007448196411133,0.9654595934425141,1.6179332733154297,0.06557223200798035,14.236777506309553,13.411371231079102,0.9653389060251018,1.6248418092727661,0.8774766671239043,0.0,11.994217690427593,12.188741683959961,0.9708103455027264,2.373692750930786,8.308467525032722,13.826591491699219,0.9772980909210874,1.7344563007354736,1.3934904677731497,0.0,False,14.899001121520996,15.783194541931152,13.826591491699219
169,IoBT_GUNFIRE,5.0,5.000001713638992,4.977283000946045,0.8472158110780202,1.3374074697494507,0.05551997199654579,5.228668170286874,4.222320556640625,0.8465431710198434,1.335898518562317,1.004424551796409,0.0020889037433155077,14.579940820782465,14.677421569824219,0.8980246588189127,2.4757564067840576,6.433369941414843,12.537729263305664,0.898890222748935,1.8736529350280762,1.39099657640646,0.0,False,9.634557723999023,12.273504257202148,12.537729263305664
170,IoBT_GUNFIRE,0.0,2.7527845509523754,0.00472782738506794,0.8357706808578955,1.4968301057815552,0.03314749151468277,3.8013627909648906,0.1332058310508728,0.8359679146506728,1.5123107433319092,1.2519849613416751,0.0,16.255095465618187,13.366226196289062,0.9638265240481712,2.189037561416626,8.226459069124497,7.565059185028076,0.9170610746485518,1.6021480560302734,1.2891616041554608,0.0,False,2.2791357040405273,8.307086944580078,7.565059185028076
171,IoBT_GUNFIRE,-10.0,-9.542789050181582,-10.742097854614258,0.7763748450575204,1.0842539072036743,0.024453770369291306,-8.631260225274325,-10.826652526855469,0.7751620375995666,1.0787341594696045,2.967532901259528,0.0,8.795280680865474,7.710022926330566,0.9078304181308764,1.6390504837036133,1.7843430586091746,2.7231132984161377,0.8720166472103104,1.3012646436691284,1.4306408631251697,0.0,False,3.049506664276123,5.119602680206299,2.7231132984161377
172,IoBT_GUNFIRE,-5.0,-4.685448762676245,-5.071654796600342,0.706362840400091,1.0522310733795166,0.09528917819261551,-3.488252598063636,-4.859756946563721,0.7055338170665716,1.0515108108520508,1.7642278911518263,0.004177807486631015,5.958820332554495,4.336994171142578,0.7540250059567849,1.213810682296753,-0.6798364470857998,0.8586127161979675,0.7886134887289951,1.143295407295227,1.6392136628128309,0.0,False,-0.06362687796354294,1.8572629690170288,0.8586127161979675
173,IoBT_GUNFIRE,-5.0,-3.451426500227222,-5.260018348693848,0.7187452566385781,1.0913565158843994,0.017358725890517235,-2.34891553767777,-5.2460808753967285,0.7188854470726707,1.0951659679412842,1.7745474176143914,0.0,9.718333305073179,7.990886688232422,0.8646041026075528,1.4285799264907837,2.420237576627734,2.9673008918762207,0.8103814793868224,1.0733308792114258,1.5096200181725086,0.0,False,2.245908737182617,4.496918201446533,2.9673008918762207
174,IoBT_GUNFIRE,-5.0,-4.999919865771764,-5.340027809143066,0.8285573790075424,1.7943553924560547,0.027466997504234314,-3.544235891935874,-5.246094703674316,0.8291951057538313,1.8213049173355103,1.7078473030050796,0.0,2.3719652824187403,-0.7277787327766418,0.7463423547474339,1.151671051979065,-2.6650800183124543,-3.055225372314453,0.8505430898011038,1.5489561557769775,1.660851232180331,0.0,False,-5.212466716766357,-4.067692756652832,-3.055225372314453
175,IoBT_GUNFIRE,0.0,0.0021236114774558844,-13.161893844604492,0.4468492396942126,1.0236254930496216,0.0851985439658165,0.8306706320617047,-13.299613952636719,0.44455942740948007,1.0231146812438965,1.208022070688778,0.0,4.816926105679935,0.14059871435165405,0.49388304932071386,1.1262426376342773,4.913842254337183,-6.677048683166504,0.47555236330715067,1.0299237966537476,1.302537740694017,0.0,False,-10.712459564208984,-7.579379558563232,-6.677048683166504
176,IoBT_GUNFIRE,20.0,20.75598059532643,19.9986515045166,0.9688548685321774,2.9799702167510986,0.05427208170294762,10.531698511242782,9.254758834838867,0.9687810855942962,2.73034405708313,0.9378335553069093,0.004177807486631015,17.664446559491058,17.448328018188477,0.9508259551684307,2.3252148628234863,11.09972401169719,15.005762100219727,0.955626250854468,3.0604045391082764,1.2331150588872162,0.0,False,19.89548110961914,19.526268005371094,15.005762100219727
177,IoBT_GUNFIRE,10.0,10.755346029061633,10.045211791992188,0.8833946853783508,1.4642279148101807,0.08532432466745377,8.358205501145498,6.848830223083496,0.8828683731276603,1.46380615234375,0.9695136753690168,0.01253342245989305,12.890644386315435,12.316444396972656,0.9003291050050474,1.957030177116394,8.400761378720766,10.54516315460205,0.9130097454398026,1.804076910018921,1.2601438624031887,0.0,False,12.176124572753906,12.192364692687988,10.54516315460205
178,IoBT_GUNFIRE,15.0,16.248118670907882,15.017861366271973,0.9669980152387516,2.0413739681243896,0.07876713573932648,8.053180843557525,6.044209003448486,0.9668063702212939,1.9560092687606812,1.001181751166988,0.01044451871657754,20.65398139198671,19.63813591003418,0.9720867050820637,2.337061643600464,11.453616410487456,13.85800552368164,0.9800975434382269,2.2853546142578125,1.2164201108147872,0.0,False,15.857240676879883,16.825336456298828,13.85800552368164
179,IoBT_GUNFIRE,5.0,7.07534890506059,4.97137451171875,0.9268627783314645,1.3221158981323242,0.09722796827554703,7.611597890209855,4.572371482849121,0.9270462292082119,1.329291820526123,1.0025678675681926,0.00835561497326203,10.697633803378608,8.14329719543457,0.9786641375578029,2.1216628551483154,7.412271976243439,7.787718772888184,0.9500670612165418,1.5370957851409912,1.3130958018757948,0.0,False,9.422560691833496,9.457196235656738,7.787718772888184
180,IoBT_GUNFIRE,5.0,5.966760603928506,4.970379829406738,0.8753561088308481,1.1054255962371826,0.07602504640817642,6.753808702342109,4.8807454109191895,0.8755545067226355,1.1100503206253052,1.0021690185779295,0.0020889037433155077,10.530902978084056,9.42872142791748,0.9126257691655247,1.4782993793487549,6.670041291204524,8.440231323242188,0.9235686883769959,1.3057087659835815,1.3143185180686727,0.0,False,9.201683044433594,9.670198440551758,8.440231323242188
181,IoBT_GUNFIRE,5.0,5.405367330796976,4.967129230499268,0.9039510426184342,1.5497968196868896,0.06015777215361595,6.515400968013489,5.3007402420043945,0.9048045227249942,1.567751169204712,1.0161379896558398,0.0020889037433155077,6.915511930784434,8.388946533203125,0.8791415505435586,1.7846107482910156,6.152459145876077,6.727006435394287,0.9114836576520617,1.590029239654541,1.2098051264558376,0.0,False,6.188929557800293,6.710815906524658,6.727006435394287
182,EXISTING_PROXY,0.0,2.213334235991587,0.04334748163819313,0.835805808925736,1.1366403102874756,0.07340593636035919,3.6558362119244006,0.5899629592895508,0.8359857664218333,1.1400648355484009,1.230065587154133,0.0,14.044495926049045,12.965203285217285,0.9046569109337712,1.9751429557800293,5.629977997658796,4.619851589202881,0.8717780547624435,1.3231785297393799,1.3080101520442708,0.0,False,3.3168325424194336,6.9757513999938965,4.619851589202881
183,IoBT_GUNFIRE,20.0,20.861048128799546,19.990619659423828,0.9916075134002194,2.086864948272705,0.0640673115849495,13.945148513721975,13.468931198120117,0.9915524353132933,2.066926956176758,0.8987422515167153,0.004177807486631015,21.118291421596105,20.837574005126953,0.9961174866256957,3.3759381771087646,9.847509174687126,14.422529220581055,0.9886163173200717,2.452606678009033,1.2847845975028869,0.0,False,19.964702606201172,19.748714447021484,14.422529220581055
184,EXISTING_PROXY,15.0,16.13436313975775,14.975127220153809,0.9696564790272967,1.9558072090148926,0.09162411093711853,15.1934755744907,14.603299140930176,0.9698669885340505,1.9427897930145264,0.9048735174842906,0.0,19.699685938813708,18.9366455078125,0.9837780822643645,3.388676881790161,11.788706869059446,14.582803726196289,0.9777059723442899,2.623424530029297,1.2118817602588936,0.004166666666666667,False,15.349081039428711,15.841999053955078,14.582803726196289
185,IoBT_GUNFIRE,-10.0,-8.262875842026133,-10.082226753234863,0.507381443631243,1.033385157585144,0.22730374336242676,-6.6959874512085,-9.5641508102417,0.5086336311263849,1.0346680879592896,2.7967699469896417,0.00835561497326203,9.759478717866642,7.574028968811035,0.6909562348526779,1.309565782546997,-7.280794216088438,-7.74410343170166,0.5931724376252442,1.0628330707550049,3.0476178585071207,0.0,False,-5.0383524894714355,-6.293768882751465,-7.74410343170166
186,IoBT_GUNFIRE,10.0,10.314290326077435,9.96064567565918,0.9238134194005553,1.278968334197998,0.058759912848472595,8.290217720191897,7.245028495788574,0.9234028984061183,2.096874713897705,0.9410637450617692,0.006266711229946525,14.13043136347931,13.695114135742188,0.9822259691200286,3.520425319671631,8.71634596183221,11.340027809143066,0.9539999103160777,2.5537960529327393,1.2409496448827773,0.0,False,10.673120498657227,11.633929252624512,11.340027809143066
187,IoBT_GUNFIRE,10.0,10.703680794361262,10.003629684448242,0.8728543584087328,1.617703914642334,0.0426114983856678,9.369644668055692,8.011594772338867,0.8722420657764947,1.6360619068145752,0.945262681986188,0.0020889037433155077,14.697692477149232,13.984784126281738,0.9091891902766165,2.1528353691101074,8.996650021906701,11.781620025634766,0.9208645775131388,1.809037685394287,1.261528124405375,0.0,False,13.954639434814453,13.63778018951416,11.781620025634766
188,IoBT_GUNFIRE,5.0,5.043370413598693,4.965116500854492,0.8111332617077975,1.2430310249328613,0.03940105065703392,4.109121695673334,3.1555426120758057,0.8108493785258634,1.2477692365646362,1.0830768895437508,0.004177807486631015,9.498693162530962,9.351666450500488,0.8698994772550545,1.612332820892334,7.640085677277363,9.181614875793457,0.8310122322807895,1.274873971939087,1.2019355212044265,0.0,False,7.1377763748168945,10.513886451721191,9.181614875793457
189,IoBT_GUNFIRE,0.0,2.437309049316746,0.006134264171123505,0.8549376926150012,1.3422226905822754,0.020105581730604172,3.1793295130046735,-0.152664914727211,0.8542120140638136,1.3443523645401,1.2769852701594524,0.0,12.918838642666834,12.201480865478516,0.9171470933513457,2.010435104370117,9.752446352572298,9.980714797973633,0.9073929451065751,1.4696604013442993,1.260284010701495,0.0,False,7.077417373657227,12.151382446289062,9.980714797973633
190,IoBT_GUNFIRE,15.0,15.754130475003185,14.945980072021484,0.9705898004366684,2.0023605823516846,0.03371267393231392,13.585310064739566,13.55567741394043,0.9704924421868796,2.041264772415161,0.8768949495097964,0.0,8.00806198612323,6.554353713989258,0.9660397057464434,1.964786171913147,9.240049685617693,10.201751708984375,0.9643013095093026,2.0072824954986572,1.1890489418308365,0.0,False,14.53177261352539,12.835418701171875,10.201751708984375
191,IoBT_GUNFIRE,10.0,11.801166214217428,10.000649452209473,0.9180771104980067,2.510371208190918,0.04758816212415695,11.64959600312686,9.38679027557373,0.9182406784004306,2.5216381549835205,0.9447317344931938,0.0,20.892742285590124,19.302722930908203,0.9728564228919564,2.7938661575317383,14.015053671540976,13.393912315368652,0.9471177070001606,2.6360442638397217,1.1055160767383034,0.0,False,10.114294052124023,10.448269844055176,13.393912315368652
192,IoBT_GUNFIRE,10.0,10.7564319139402,10.022905349731445,0.9129647840420984,1.7380561828613281,0.045882172882556915,5.699406772411908,3.902012825012207,0.9128350489554313,1.9326043128967285,1.0269113374336616,0.006266711229946525,11.941055844014187,13.254261016845703,0.9461375026148744,1.6874213218688965,8.07664368003995,12.241060256958008,0.9315186766194226,1.5406551361083984,1.330612476892155,0.0,False,10.595635414123535,15.996538162231445,12.241060256958008
193,IoBT_GUNFIRE,5.0,5.806757123976876,4.94938325881958,0.8184300629777568,1.3052995204925537,0.02483665756881237,5.79448478729184,4.024667263031006,0.8201536097327348,1.311012864112854,1.0357062843612383,0.0,13.818133319885908,12.967531204223633,0.944528843733551,1.9920978546142578,6.670329052679288,9.900033950805664,0.8888783030711718,1.5397210121154785,1.3603182816554122,0.0,False,8.93546199798584,10.661306381225586,9.900033950805664
194,EXISTING_PROXY,10.0,10.456237904183665,9.966242790222168,0.8610459928225609,1.9171524047851562,0.0743887647986412,9.626296564549323,8.729872703552246,0.8605473448717825,1.8816702365875244,0.9552227817641021,0.006266711229946525,7.810203490408708,11.158246040344238,0.9206798404972169,2.107884407043457,9.667809642617499,11.101394653320312,0.9193505880393511,2.222755193710327,1.1815972806247026,0.0,False,10.677495956420898,12.961343765258789,11.101394653320312
195,EXISTING_PROXY,-10.0,-9.77803159597379,-9.955552101135254,0.21239848711748138,1.0598180294036865,0.20027859508991241,-9.080330917668794,-10.42955207824707,0.21276648723758415,1.063466191291809,3.04068207515427,0.01880013368983957,0.5145131310191,-8.52786922454834,0.4043144373325754,1.0342432260513306,-2.021700154845722,-9.202253341674805,0.4021851625030291,1.0609890222549438,1.2127057482089367,0.0,False,-8.294447898864746,-7.49762487411499,-9.202253341674805
196,EXISTING_PROXY,5.0,7.072271166933023,5.02208137512207,0.8382491725537952,1.1607141494750977,0.09153255820274353,7.791299272773568,4.8623809814453125,0.8382754160867188,1.159164547920227,1.027878717413528,0.0020889037433155077,14.017778859338396,11.885278701782227,0.9374221439433862,2.400116443634033,9.840184516173418,12.291532516479492,0.9113544303129769,1.8446836471557617,1.3055296034247268,0.010416666666666668,False,13.303032875061035,13.47272777557373,12.291532516479492
197,IoBT_GUNFIRE,10.0,10.650070465795967,9.981812477111816,0.8472551341546365,2.1883323192596436,0.050224386155605316,11.167679826231334,10.070449829101562,0.8467527453997085,2.146636486053467,0.9367612597669519,0.0,12.515397316685126,14.1008939743042,0.9447059378562609,2.6768910884857178,12.923117748906543,13.761858940124512,0.8925476028748734,2.297375440597534,1.1176321751674585,0.0,False,12.22486686706543,17.463441848754883,13.761858940124512
198,EXISTING_PROXY,5.0,5.504259704377709,4.925273895263672,0.6975699758625117,1.3551197052001953,0.12668657302856445,6.033591158885335,4.645252227783203,0.6968149523041263,1.3456640243530273,1.030121568582677,0.006266711229946525,7.851418748473273,8.898698806762695,0.8060474306147214,1.636690378189087,7.438055582979474,7.849660873413086,0.7706152277256313,1.615562081336975,1.1809349113131633,0.004166666666666667,False,8.289484024047852,8.582304000854492,7.849660873413086
199,IoBT_GUNFIRE,5.0,5.131686165242318,4.983676433563232,0.7928421717255655,1.3916313648223877,0.037562720477581024,5.735866583146149,4.823877811431885,0.7924820120793324,1.360748291015625,1.036603979260974,0.0,9.661737372900475,10.992608070373535,0.8892417970336819,2.4337079524993896,5.9507059564725315,6.756075859069824,0.8305912947833679,1.5158698558807373,1.204730007628328,0.0,False,5.053720474243164,5.266239166259766,6.756075859069824
200,IoBT_GUNFIRE,15.0,15.408001242963792,14.992555618286133,0.9609870164324766,1.8120636940002441,0.02214960753917694,13.320527851236815,13.048306465148926,0.9608367101529149,1.7747917175292969,0.9106888821579691,0.0,16.687304862286915,16.494272232055664,0.9715508213791516,2.2529218196868896,10.409111784575206,12.147212028503418,0.9599937634840703,1.9490902423858643,1.1769654282825897,0.0,False,14.751880645751953,14.704551696777344,12.147212028503418
201,IoBT_GUNFIRE,5.0,6.0194377436881545,5.020570755004883,0.7074510868740109,1.4206382036209106,0.06543701142072678,4.974025582497571,3.1175601482391357,0.7099033280878928,1.423270583152771,1.097378356620134,0.0020889037433155077,10.17704872941233,10.204355239868164,0.838271286119152,1.916289210319519,8.79011745991561,10.396279335021973,0.8091768465512803,1.7314605712890625,1.24612176261786,0.0,False,9.833251953125,11.735767364501953,10.396279335021973
202,EXISTING_PROXY,20.0,21.2476114743453,19.9974365234375,0.9854453722500867,3.3356306552886963,0.0805080384016037,7.625161239933714,5.6297831535339355,0.985546334848204,3.152604579925537,1.0123189250607347,0.01044451871657754,11.046545650343889,11.447367668151855,0.9120498165016011,2.4031848907470703,13.394980213078922,14.441978454589844,0.9785020524852388,3.146660804748535,1.1446009210598758,0.0,False,20.028667449951172,19.375722885131836,14.441978454589844
203,EXISTING_PROXY,-10.0,-9.82293710823971,-9.759798049926758,0.639193887623077,1.0203365087509155,0.197267085313797,-9.964673690350958,-11.00095272064209,0.640770867826838,1.0254523754119873,3.3506106298068916,0.02088903743315508,4.1581006659899264,1.7637250423431396,0.6799454595230877,1.2894715070724487,-1.0593401929563082,-0.7414414882659912,0.6948466581439132,1.0442396402359009,1.5633291045125375,0.0,False,-8.598184585571289,-2.5851871967315674,-0.7414414882659912
204,IoBT_GUNFIRE,-5.0,-3.2624398991848933,-4.999870777130127,0.9990050354669384,2.430941581726074,0.09178365767002106,-2.7350657355936248,-5.394062519073486,0.998961590147105,2.2761752605438232,1.8669191446993016,0.004177807486631015,21.641268861535394,22.352222442626953,0.9954207720942122,2.8280386924743652,13.449028328099732,13.11247730255127,0.9928320238036078,2.4708755016326904,1.1208391676672604,0.0,False,4.808109283447266,9.1270751953125,13.11247730255127
205,IoBT_GUNFIRE,5.0,7.289585779259326,5.020565032958984,0.7169781155908364,1.356370449066162,0.03639490529894829,7.689358666116216,4.473424911499023,0.7163971447829887,1.3590070009231567,1.028215884014798,0.0,14.304911872529619,12.473753929138184,0.8521253804547485,1.9955313205718994,8.962824129128983,9.933006286621094,0.8048179665308672,1.717353343963623,1.3033675912412872,0.0,False,9.142254829406738,11.785299301147461,9.933006286621094
206,EXISTING_PROXY,10.0,10.268305172924222,10.011387825012207,0.919041753264467,1.3652724027633667,0.10920242965221405,10.265616214822453,9.53363037109375,0.919090890391549,1.3667457103729248,0.9380076952066658,0.004177807486631015,15.494838914537517,15.273992538452148,0.9713215021630047,2.716970205307007,8.250737958420663,13.861957550048828,0.9606664232146345,2.2282848358154297,1.3258031489106308,0.0,False,13.35339641571045,14.521693229675293,13.861957550048828
207,EXISTING_PROXY,15.0,15.553862392791924,15.001620292663574,0.9938289666663649,3.188074827194214,0.06348680704832077,13.612352685723533,13.381272315979004,0.9938119160689791,3.192261219024658,0.9030879043146023,0.0020889037433155077,20.237670923546357,19.85494041442871,0.993872845618692,3.789447784423828,8.807286974669053,12.398080825805664,0.9831299693016733,3.007750988006592,1.2807414891006685,0.0,False,14.767854690551758,14.01938247680664,12.398080825805664
208,EXISTING_PROXY,-5.0,-4.823381608939209,-4.622725009918213,0.38159048840787174,1.0296381711959839,0.1693740040063858,-4.518237358391132,-5.5114030838012695,0.38098234890929117,1.0325864553451538,1.9448638373313216,0.01671122994652406,3.3683319121832827,0.6615055799484253,0.524030639200456,1.086367130279541,0.8010654551593459,0.4269895553588867,0.53596922622272,1.0852108001708984,1.3492770181912423,0.0,False,1.4764130115509033,0.995495080947876,0.4269895553588867
209,IoBT_GUNFIRE,5.0,5.968941401986624,4.998653411865234,0.983233554981705,2.2269949913024902,0.041827984154224396,4.770458800940097,2.9178354740142822,0.9831511952862363,2.0724730491638184,1.097296697247894,0.006266711229946525,20.341712594370204,19.70689582824707,0.9820737792478612,2.6064727306365967,9.931389108972933,13.635030746459961,0.9871817777846634,2.593400478363037,1.2713983711939054,0.0,False,6.764357566833496,11.038688659667969,13.635030746459961
210,IoBT_GUNFIRE,-5.0,-4.639102837725322,-5.02878475189209,0.6005805309576955,1.0369199514389038,0.060962140560150146,-3.691614106026422,-5.008759021759033,0.6019744248669364,1.0429686307907104,1.8222673892687222,0.004177807486631015,10.345380638321855,9.925342559814453,0.8042039658750236,1.5626630783081055,2.0426869171335493,3.4038119316101074,0.7262393120974899,1.1554813385009766,1.4328943364502784,0.0,False,5.364145278930664,5.580898284912109,3.4038119316101074
211,IoBT_GUNFIRE,-10.0,-9.544774571182934,-10.03887939453125,0.7759952522379016,1.108534336090088,0.020878193899989128,-8.323727243432787,-9.808584213256836,0.775693700127988,1.1033051013946533,2.8894016429030995,0.0,7.3201732618037205,6.274738311767578,0.8745900626281833,1.6234495639801025,-4.699865880845589,-3.6252737045288086,0.833879689393994,1.1982295513153076,2.1562873088401964,0.0,False,-6.9055986404418945,-2.883894205093384,-3.6252737045288086
212,IoBT_GUNFIRE,0.0,2.1421845376596043,-0.1559356153011322,0.7570174473685273,1.1221129894256592,0.0707179456949234,1.2581035617047633,-1.9526915550231934,0.7566315121715396,1.1436933279037476,1.361730733286748,0.006266711229946525,10.758546928513779,8.310320854187012,0.8256112625765465,1.5624260902404785,3.2184848279646316,2.8899505138397217,0.7997708833964738,1.2947838306427002,1.4766300288969314,0.0,False,3.7388298511505127,4.044619083404541,2.8899505138397217
213,IoBT_GUNFIRE,5.0,5.705663716423822,4.955527305603027,0.8694816154279545,1.335295557975769,0.032276175916194916,6.117989101632491,4.486724853515625,0.8695629047270442,1.3480998277664185,1.019929136888248,0.0,6.913045583857342,7.097290992736816,0.9214211251899306,1.91939377784729,7.157507888604711,9.075981140136719,0.9199023869489794,1.4952402114868164,1.28426506398149,0.0,False,10.393033027648926,10.806673049926758,9.075981140136719
214,IoBT_GUNFIRE,-5.0,-3.3932251087525067,-4.837916374206543,0.6753889051417997,1.1516711711883545,0.020915573462843895,-2.855288228043297,-5.48390007019043,0.6755949775981716,1.1514009237289429,1.8863569250465586,0.0,5.813545145147877,3.9694085121154785,0.8152973121631452,1.2943732738494873,5.8790675590084795,4.135051250457764,0.8256072481240696,1.3793365955352783,1.1574188312640756,0.0,False,2.9222207069396973,4.994584560394287,4.135051250457764
215,IoBT_GUNFIRE,0.0,3.4664815521179775,0.014754759147763252,0.9286944367164406,1.1718230247497559,0.014869493432343006,4.301690444873004,-0.06505477428436279,0.9292455522664874,1.179392695426941,1.2693249183184339,0.0,12.690473263354868,12.186531066894531,0.9457650812405719,2.704179286956787,10.735164109862396,8.807188034057617,0.9416412597684871,1.2766554355621338,1.2068768322347374,0.0,False,9.701777458190918,10.558186531066895,8.807188034057617
216,IoBT_GUNFIRE,15.0,16.485886237815237,15.042997360229492,0.8779394874295636,1.9350935220718384,0.039285968989133835,13.535835317817561,12.37297248840332,0.8772558023826829,1.9723525047302246,0.8842134290100723,0.0,5.7516244172397135,2.414741039276123,0.8014711960058706,1.2185230255126953,10.169405311508585,8.786850929260254,0.867522018709279,1.6520251035690308,1.0762803345684633,0.0,False,13.221726417541504,9.78292465209961,8.786850929260254
217,IoBT_GUNFIRE,5.0,5.653694398360343,5.1358232498168945,0.8010461324242772,1.3651645183563232,0.08078799396753311,6.64212875450525,5.254846572875977,0.8021080945116628,1.3746399879455566,1.0303425002669129,0.0,7.19092541667024,9.49417781829834,0.8458093473851949,1.5748076438903809,6.552018582017119,7.483400344848633,0.8514552221813162,1.464330792427063,1.2461440674469892,0.0,False,6.498047828674316,8.109657287597656,7.483400344848633
218,IoBT_GUNFIRE,-5.0,-4.140483468599941,-5.214971542358398,0.721448532730513,1.0749504566192627,0.07017740607261658,-3.316825987020259,-5.573506832122803,0.7200733764093317,1.0718244314193726,1.819392854159587,0.004177807486631015,6.905561902761094,5.133403778076172,0.8203348939680837,1.4744236469268799,2.084673815894631,1.7796480655670166,0.7984246323979103,1.2510398626327515,1.3712760767876206,0.0,False,3.908212661743164,5.230860233306885,1.7796480655670166
219,EXISTING_PROXY,0.0,0.22168355089866965,-0.16290578246116638,0.5385269876073094,1.1409790515899658,0.07339154928922653,0.3594775488521141,-1.0776594877243042,0.5388381108477076,1.154112696647644,1.31349381382129,0.01044451871657754,4.405813558897219,2.888197898864746,0.6318875050092958,1.3620890378952026,4.658877810387861,4.207977771759033,0.6353292887337806,1.3561782836914062,1.1552154555227585,0.0,False,2.895613193511963,4.707755088806152,4.207977771759033
220,IoBT_GUNFIRE,0.0,1.074915508348154,-0.1202574223279953,0.6040663528410607,1.156454086303711,0.02337202988564968,1.7822968227373108,-0.5741263628005981,0.6065790983724516,1.155489444732666,1.2535796418253033,0.0,6.89534764321791,6.778073310852051,0.6914675622498591,1.234711766242981,6.751228901964153,7.553170204162598,0.7152403446553238,1.6785202026367188,1.2704582975729963,0.0,False,4.499607086181641,7.6797051429748535,7.553170204162598
221,IoBT_GUNFIRE,10.0,10.000000709065455,9.993010520935059,0.9201495375727283,1.3344448804855347,0.14785723388195038,10.381893787395294,10.016639709472656,0.9207088061682629,1.3160455226898193,0.9145142612152555,0.0020889037433155077,5.5842955930837075,5.628528594970703,0.8820823527104896,1.547938346862793,7.315527745977416,9.721689224243164,0.9191976441116378,2.1742193698883057,1.2492234844157237,0.07083333333333333,False,10.261811256408691,10.80665397644043,9.721689224243164
222,EXISTING_PROXY,15.0,15.807814553697874,15.001752853393555,0.9819452571776275,2.011549711227417,0.0704725831747055,14.333169233850064,13.995423316955566,0.9819353824989427,1.998045802116394,0.9034870544857855,0.0020889037433155077,19.57169855897692,19.408611297607422,0.9457546102093621,2.333540439605713,9.073605680166644,13.002852439880371,0.9740098621131631,1.9501879215240479,1.2942586830098788,0.0,False,15.176583290100098,14.835506439208984,13.002852439880371
223,IoBT_GUNFIRE,0.0,0.13228527586297426,0.011629993095993996,0.824391115934865,1.432551622390747,0.02799224480986595,0.8115573243270571,-0.3167940676212311,0.8237356713936208,1.4245442152023315,1.271928877857891,0.0,9.04783498807193,11.1737642288208,0.9020458201908357,2.0447611808776855,3.361776464293773,5.945200443267822,0.8671735130009757,2.0209639072418213,1.4149691965791542,0.0,False,1.0729691982269287,5.439907073974609,5.945200443267822
224,EXISTING_PROXY,10.0,10.043272022272028,10.063405990600586,0.944273135954951,2.7272145748138428,0.20559275150299072,9.47210050840457,8.967789649963379,0.9441188960341792,2.6655240058898926,0.9372723504322313,0.006266711229946525,8.146150552748374,8.877745628356934,0.9293223786366988,1.6944822072982788,5.470834695296826,9.009456634521484,0.9329805624992342,2.149479389190674,1.3608420788829243,0.24791666666666667,False,10.65208625793457,10.350494384765625,9.009456634521484
225,IoBT_GUNFIRE,10.0,10.966702962667199,10.001310348510742,0.9441390503189477,1.9269678592681885,0.06266337633132935,11.152116560866885,9.792835235595703,0.9438680932627864,1.8886027336120605,0.926092365638048,0.0,17.56704836110139,16.611902236938477,0.9699825748943851,2.4008805751800537,8.126185475444956,12.13402271270752,0.9629423440126218,2.198981523513794,1.3377343494806386,0.0,False,12.115139961242676,13.070584297180176,12.13402271270752
226,EXISTING_PROXY,5.0,7.364836661047457,5.031146049499512,0.9703146840098356,1.4383940696716309,0.07639730721712112,8.427295745284113,5.159554958343506,0.9704310560632347,1.444556713104248,0.9908746802190997,0.0,17.57809017662167,15.208507537841797,0.9902856792273866,3.0177831649780273,7.344834873527128,9.56244945526123,0.9858203799068561,2.1204512119293213,1.4159139818025106,0.0,False,7.061118125915527,9.97780704498291,9.56244945526123
227,IoBT_GUNFIRE,-10.0,-7.080133368611449,-9.891561508178711,0.6207238361148429,1.0894299745559692,0.02516290731728077,-5.967885557882894,-9.771995544433594,0.6260813131536647,1.089760661125183,2.9477962867947554,0.0,9.225648379176924,5.801694869995117,0.6378824403857626,1.436814308166504,7.720796780938359,4.010318279266357,0.6504609955797127,1.187765121459961,1.0620147907793438,0.0,False,-2.4825074672698975,4.2563066482543945,4.010318279266357
228,IoBT_GUNFIRE,0.0,0.3133390814968735,0.018735656514763832,0.7212561680969785,1.3569692373275757,0.13370610773563385,1.789726244411248,0.5181750059127808,0.7204284861885133,1.3630735874176025,1.223196898239599,0.0020889037433155077,12.31856014646394,12.242899894714355,0.89480804568315,1.5256013870239258,0.3969537361380937,1.8225643634796143,0.8145040644544236,1.6714634895324707,1.538841083528184,0.0020833333333333333,False,1.799569010734558,1.95827054977417,1.8225643634796143
229,IoBT_GUNFIRE,15.0,15.65392958451172,14.999204635620117,0.9464034308248583,1.9533531665802002,0.044228293001651764,7.48045642246288,5.9403581619262695,0.9471658249981246,1.899280071258545,0.9675944592050351,0.006266711229946525,19.375567108544395,19.193647384643555,0.9625214771706335,2.7403998374938965,10.545709434978676,12.714285850524902,0.9517483634787416,1.8300724029541016,1.201673193580119,0.0,False,15.863100051879883,16.263429641723633,12.714285850524902
230,EXISTING_PROXY,0.0,0.1771920536062772,0.014988485723733902,0.9853700200198653,1.0445709228515625,0.05750991404056549,-1.7238429663668993,-3.020280599594116,0.985389534968496,1.0617491006851196,1.5215861445938974,0.01253342245989305,13.374353066668778,13.35187816619873,0.974765799398914,2.0298378467559814,6.494995408071464,7.424806594848633,0.9764272816716448,1.23427152633667,1.1987319648269121,0.0,False,5.126805782318115,5.501686096191406,7.424806594848633
231,IoBT_GUNFIRE,5.0,5.504987073963026,5.000162601470947,0.8761328702359206,1.3491204977035522,0.04109961539506912,4.679846341222971,3.416902542114258,0.8758204571830368,1.3469157218933105,1.0795959726829676,0.004177807486631015,14.578700886710223,14.29222297668457,0.953972740840067,2.5731427669525146,7.3045865323330315,10.43825912475586,0.942960881909784,1.630875825881958,1.3126485394047174,0.0,False,11.778846740722656,12.662147521972656,10.43825912475586
232,EXISTING_PROXY,0.0,0.08748285512492307,0.08164908736944199,0.9762979022124795,1.178017020225525,0.04834027588367462,-13.04774040566912,-14.359748840332031,0.9761639782217482,1.2552742958068848,4.631996001446152,0.02088903743315508,3.268891969153068,2.007274866104126,0.6647254337672541,1.0887577533721924,0.9961465296268444,3.50102162361145,0.9620112140857194,1.3740642070770264,1.5403018923210363,0.0,False,2.179020881652832,1.6333271265029907,3.50102162361145
233,IoBT_GUNFIRE,10.0,11.133558472279606,9.982562065124512,0.9300314602639917,1.381345510482788,0.03952643275260925,8.87303324434784,7.043513774871826,0.9303663518329057,1.3914865255355835,0.9675803555682786,0.0020889037433155077,15.848391365908224,15.355881690979004,0.9484276861436564,1.828826665878296,7.926618874605229,9.395851135253906,0.928272535004989,1.3889496326446533,1.2729084570789893,0.0,False,10.26655101776123,11.41635799407959,9.395851135253906
234,IoBT_GUNFIRE,15.0,15.603656169532753,14.987751007080078,0.9479914468597354,2.585819959640503,0.03261164203286171,13.503924092115117,13.276883125305176,0.9480565747729097,2.574622392654419,0.8983073248675307,0.0,19.48529769645856,19.13317108154297,0.9703778559285864,3.3093888759613037,10.096201132654041,13.064417839050293,0.9793791579350701,3.5326895713806152,1.2318105224123308,0.0,False,16.10665512084961,18.435272216796875,13.064417839050293
235,IoBT_GUNFIRE,5.0,6.132713651935887,4.959506511688232,0.8091297279939272,1.708780288696289,0.03632761910557747,7.057102438123772,5.094050407409668,0.8084653255581372,1.7115676403045654,1.0218750022740177,0.0,16.68519118207756,15.752288818359375,0.8530304365850021,1.8629183769226074,7.994799241076498,8.759468078613281,0.8479780789354684,1.7671151161193848,1.23684572624676,0.0,False,5.601690292358398,9.825343132019043,8.759468078613281
236,IoBT_GUNFIRE,-10.0,-9.542507987812575,-10.069160461425781,0.7074046008396808,1.0318782329559326,0.16259226202964783,-8.123918793240058,-9.631062507629395,0.706998637871888,1.0361149311065674,2.8378022519985846,0.014622326203208556,6.657024450895205,5.21381139755249,0.8520701273014496,1.5587842464447021,-7.607738615307618,-8.027745246887207,0.8062495541937191,1.0973918437957764,2.722701627417618,0.0,False,-2.1950583457946777,-5.517930030822754,-8.027745246887207
237,IoBT_GUNFIRE,0.0,0.6033548758162777,-0.026768168434500694,0.7824978439642282,1.217205286026001,0.026917163282632828,-0.595045972163548,-1.982140064239502,0.7726896926783726,1.2258998155593872,1.3953742136297866,0.004177807486631015,9.190829613603347,8.112314224243164,0.909609901865839,1.6437073945999146,2.625463530449237,3.8446948528289795,0.8525694132926124,1.3483972549438477,1.420667975145703,0.0,False,2.6246001720428467,4.134907245635986,3.8446948528289795
238,EXISTING_PROXY,5.0,5.176599244791243,4.974368095397949,0.8759114986430304,1.6544153690338135,0.0704520046710968,5.576289659894633,4.517186641693115,0.8760632038482566,1.6679959297180176,1.0308382394275242,0.004177807486631015,11.410102680939872,11.580982208251953,0.9589552797438553,2.906161069869995,7.515395913649188,11.255587577819824,0.9469576484418966,2.3598616123199463,1.303467604102013,0.0,False,11.433218955993652,12.112761497497559,11.255587577819824
239,IoBT_GUNFIRE,10.0,10.221675185191806,9.992691040039062,0.8411310966863162,1.4585280418395996,0.12857073545455933,9.572919964713307,8.859784126281738,0.8418990917195872,1.4795502424240112,0.9134554362318207,0.006266711229946525,4.0744767297918125,5.205848217010498,0.8488796974235744,1.4323118925094604,7.613272777017061,11.254863739013672,0.8807372126438585,1.6507809162139893,1.3001178185863496,0.04166666666666667,False,12.495451927185059,12.057247161865234,11.254863739013672
240,IoBT_GUNFIRE,20.0,21.133332470763598,19.993850708007812,0.9628879869798859,3.1920251846313477,0.058311980217695236,13.862786946343562,12.879347801208496,0.9626518477320817,3.0361907482147217,0.9094335713571418,0.0,21.01025739705417,19.987775802612305,0.9673012167356977,3.310988426208496,14.343579050899892,15.54126262664795,0.9585731567484556,3.2736716270446777,1.1298201955151257,0.0,False,19.83790397644043,19.556137084960938,15.54126262664795
241,IoBT_GUNFIRE,5.0,6.936394432807095,4.987793922424316,0.7818961723037599,1.5252275466918945,0.05443887040019035,7.718537955713329,4.915867328643799,0.7809038832098857,1.513916015625,1.022754889618016,0.0020889037433155077,11.741113024735519,11.729737281799316,0.849317155991442,2.209378719329834,6.973694477563546,8.262123107910156,0.8439184683485511,2.1848347187042236,1.361395063522587,0.0,False,7.157299995422363,8.503569602966309,8.262123107910156
242,EXISTING_PROXY,-5.0,0.0,105.94801330566406,0.9999999999999999,4.643888473510742,0.09052734822034836,9.08419362289774,8.175031661987305,0.9999623644280318,4.271783351898193,0.9544396825792204,0.006266711229946525,26.002443334206475,27.792985916137695,0.9996063424409826,4.603166103363037,11.378173110468879,15.609416961669922,0.9888051090237895,4.195194244384766,1.2135310532577137,0.0,False,30.274255752563477,25.332164764404297,15.609416961669922
243,EXISTING_PROXY,5.0,5.131996395132505,4.9373650550842285,0.7809769788758744,1.1384406089782715,0.1692046970129013,5.588265480573215,4.470941543579102,0.7803904234637442,1.1415210962295532,0.9937492078627675,0.004177807486631015,9.547628723022793,9.293013572692871,0.885855095320244,1.5585508346557617,6.096110798687356,11.067089080810547,0.8955923609574687,1.3810009956359863,1.3881574441830937,0.075,False,12.261842727661133,11.976400375366211,11.067089080810547
244,EXISTING_PROXY,10.0,12.07243746265221,10.030814170837402,0.9282830972969001,1.4099587202072144,0.07277840375900269,4.558608613441953,1.6329532861709595,0.9279169210486352,1.5366568565368652,1.1692734588471232,0.01253342245989305,17.646596859064122,15.758723258972168,0.9518630607383036,2.3474910259246826,11.02277826491877,10.100909233093262,0.9480081409848059,1.6424360275268555,1.1483786243009018,0.014583333333333335,False,10.497222900390625,10.865598678588867,10.100909233093262
245,IoBT_GUNFIRE,20.0,21.19062057525489,19.993366241455078,0.9691926988361447,2.806546688079834,0.10956571996212006,16.48791134678407,16.35518455505371,0.9689359156913612,2.700570821762085,0.9038111797847787,0.004177807486631015,9.21242518266281,12.342816352844238,0.8384630257562853,1.9040988683700562,14.11330656937585,15.690359115600586,0.9648758039336763,3.018406867980957,1.1441086058827483,0.0,False,19.91985511779785,19.732807159423828,15.690359115600586
246,IoBT_GUNFIRE,5.0,6.365463414092476,4.98458194732666,0.7736088307986199,1.1816809177398682,0.06571318209171295,6.25175847329519,4.088893890380859,0.7729597322694086,1.1880888938903809,1.0406010915902555,0.004177807486631015,8.753476897882166,11.267313957214355,0.9016034607216876,1.9405056238174438,8.248366104503704,10.339767456054688,0.8609487324866405,1.5851714611053467,1.3036242158373985,0.0,False,9.799260139465332,11.40567684173584,10.339767456054688
247,IoBT_GUNFIRE,0.0,0.807504487208742,0.056625984609127045,0.9008186074164276,1.3114423751831055,0.0953652560710907,1.3553411272035223,-0.72727370262146,0.9002003990519004,1.3200554847717285,1.266038485505637,0.006266711229946525,5.432962455532094,2.844090223312378,0.9334937182179283,1.8764731884002686,4.271670241135602,2.7996840476989746,0.9222152007441946,1.648390293121338,1.135494771583112,0.0,False,3.45877742767334,3.5869691371917725,2.7996840476989746
248,IoBT_GUNFIRE,5.0,5.808205074669757,5.029580116271973,0.9376948148055817,2.093996524810791,0.037379100918769836,5.917687291591455,4.152705192565918,0.9372416285932165,1.912000060081482,1.0284018285808068,0.0020889037433155077,9.531246864799922,8.112222671508789,0.9236583544739692,2.0306947231292725,7.264297540088082,8.341778755187988,0.953386830257557,1.923016905784607,1.2475638368409714,0.0,False,4.85886287689209,7.275842666625977,8.341778755187988
249,IoBT_GUNFIRE,5.0,5.002640794514489,0.9111393094062805,0.5004132188623649,2.256624221801758,0.045129843056201935,5.077013104202942,0.42544877529144287,0.49800661046138245,2.087462902069092,1.003814889831447,0.0020889037433155077,7.478148280141397,5.826084613800049,0.52992262016979,1.859248161315918,10.53302412719433,9.020153999328613,0.5245533025623235,2.002837896347046,1.1903068448945266,0.0,False,1.2593578100204468,2.5079145431518555,9.020153999328613
250,EXISTING_PROXY,20.0,19.99939396175507,19.748424530029297,0.9490735817216895,3.0524466037750244,0.05107672140002251,14.339902892221515,14.870909690856934,0.9488636299829387,2.842465400695801,0.9044368449685573,0.0020889037433155077,19.617986375085263,20.469623565673828,0.967490201686027,3.612248659133911,11.74765882160601,14.207240104675293,0.945663989955659,3.212491750717163,1.1618224834295439,0.0,False,19.364639282226562,18.92067527770996,14.207240104675293
251,EXISTING_PROXY,0.0,0.456554836597482,0.014735152944922447,0.6740167712258373,1.037432312965393,0.14368315041065216,-0.460539716433288,-2.017948627471924,0.6746598620543159,1.0416752099990845,1.415871146734922,0.01253342245989305,12.581762786133947,11.97846508026123,0.7773040996544769,1.208211898803711,6.410131732268023,10.407108306884766,0.77794543088635,1.1509451866149902,1.3702016385722127,0.0,False,9.393207550048828,10.873710632324219,10.407108306884766
252,EXISTING_PROXY,5.0,5.456889179802546,5.085620880126953,0.8731700407630787,1.4553889036178589,0.09331218153238297,2.1360953948720605,0.7240772247314453,0.8725715145116052,1.4832711219787598,1.2119769547578563,0.01253342245989305,12.152233537205213,11.595295906066895,0.951742057330074,1.8765010833740234,5.9336171144924235,9.56224536895752,0.9241816710654114,1.5245840549468994,1.3775544835312625,0.0,False,5.3421735763549805,9.214800834655762,9.56224536895752
253,EXISTING_PROXY,15.0,16.023125907607152,15.008553504943848,0.8251010582050184,1.2230079174041748,0.07297536730766296,14.179358114236667,13.838865280151367,0.8253365622018706,1.2272069454193115,0.8875334657438108,0.0,14.893988873317545,16.81326675415039,0.8789960310013102,2.267622470855713,8.836884426447153,14.679436683654785,0.8553718094493128,1.37153959274292,1.3474201350129844,0.0,False,14.997735977172852,15.042577743530273,14.679436683654785
254,IoBT_GUNFIRE,5.0,7.674786076434055,5.015407085418701,0.8798655389429855,1.245444416999817,0.06933702528476715,5.5845502595561145,2.0254404544830322,0.8806586196018744,1.2428086996078491,1.1372893109823272,0.004177807486631015,18.032355699961514,15.5592041015625,0.9747280680884174,2.7857654094696045,10.150552510725587,9.158241271972656,0.9344572955932419,1.7472422122955322,1.2099342732459477,0.0,False,9.20256233215332,10.175213813781738,9.158241271972656
255,IoBT_GUNFIRE,5.0,5.913844890132607,4.963757038116455,0.8213334394357774,1.1258996725082397,0.0969259962439537,6.727946432214301,4.904885768890381,0.8213531796332687,1.1276689767837524,1.000481941107497,0.0020889037433155077,14.728673212344596,14.155388832092285,0.9115145179938201,1.9741621017456055,7.872817264163908,11.1063232421875,0.901148471282106,1.3764086961746216,1.323200603684737,0.0,False,10.477160453796387,12.694147109985352,11.1063232421875
256,IoBT_GUNFIRE,15.0,15.221663082525364,14.993142127990723,0.8166008675632549,1.6489338874816895,0.1249484196305275,11.851567241788501,11.626611709594727,0.816158214482848,1.654829740524292,0.8973197396637269,0.0020889037433155077,12.197709028083368,13.93952465057373,0.9010729999923353,2.781214952468872,9.919401046280427,13.638433456420898,0.8899183835195211,1.9541049003601074,1.2354111050093106,0.03958333333333333,False,17.380565643310547,17.825347900390625,13.638433456420898
257,EXISTING_PROXY,10.0,10.603933607291653,9.98630142211914,0.873679003770098,1.3824756145477295,0.12701116502285004,8.261500662901113,6.901774883270264,0.8730102062516123,1.3828061819076538,0.9475581689438269,0.01671122994652406,8.837947459064825,8.019617080688477,0.9039818751598464,1.8252196311950684,8.04727906347766,11.530872344970703,0.9412745140286288,1.9689927101135254,1.3049347283384067,0.00625,False,13.692527770996094,13.18400764465332,11.530872344970703
258,IoBT_GUNFIRE,-5.0,-3.7204674611930204,-5.172061443328857,0.141131293050497,1.4907327890396118,0.03218920901417732,-2.495841365363725,-4.8923797607421875,0.13696765254446974,1.493224859237671,1.7859607985989359,0.0,14.650252046150383,20.131916046142578,0.2014048378760268,2.8036999702453613,6.378103587863361,6.031067371368408,0.19001235063397476,2.5307412147521973,1.2362462904384393,0.0,False,15.397686004638672,12.763473510742188,6.031067371368408
259,IoBT_GUNFIRE,10.0,11.30668457540541,9.998353958129883,0.821351552310832,1.6085240840911865,0.0384892076253891,8.43182731441568,6.336860179901123,0.8206568218472134,1.6269984245300293,0.971698507561413,0.006266711229946525,16.564906465407653,15.7939453125,0.8926608038144787,2.770348072052002,9.559524213600854,12.448606491088867,0.8889143385659907,1.955836296081543,1.2820185515970697,0.0,False,13.02299690246582,14.624890327453613,12.448606491088867
260,IoBT_GUNFIRE,0.0,2.2170176850517103,-0.07380345463752747,0.8394527898921434,1.1484335660934448,0.043516505509614944,3.273701170526011,0.0766792893409729,0.8399057118363913,1.141343355178833,1.2453055787392715,0.0020889037433155077,15.637212206061221,13.560209274291992,0.9570228807223048,3.14028000831604,4.378283333618909,4.489429473876953,0.9364819455514578,1.637312412261963,1.4467206471840748,0.0,False,7.411785125732422,5.77818489074707,4.489429473876953
261,IoBT_GUNFIRE,5.0,5.13187578931568,4.998771667480469,0.9264299151462192,1.839398980140686,0.045169398188591,5.328801413202768,4.412683963775635,0.9261677417550579,1.712048888206482,1.0411595702090495,0.004177807486631015,7.260104882845822,10.970346450805664,0.8806036604378124,1.8879170417785645,6.522015026605676,7.973381996154785,0.928625543513047,1.754063367843628,1.2321332454075822,0.0,False,5.773941993713379,8.827888488769531,7.973381996154785
262,EXISTING_PROXY,15.0,15.8035712638356,14.98225212097168,0.9569108008226481,1.6531991958618164,0.03627944365143776,13.567100291213945,13.46076774597168,0.9577356225058841,1.6680264472961426,0.8799689219358326,0.0,5.328228711451879,2.748286724090576,0.9536652720351535,1.850574016571045,11.680777783674134,11.15359878540039,0.959376826982948,1.9801082611083984,1.0661742029123653,0.0,False,13.745615005493164,13.32715892791748,11.15359878540039
263,IoBT_GUNFIRE,0.0,2.673900433497154,0.007162950001657009,0.8558949209498183,1.1930325031280518,0.045628663152456284,3.897683141646719,0.27837714552879333,0.8552191087638338,1.1890888214111328,1.2469103128790238,0.0,11.436814182514276,8.389205932617188,0.875220244698162,1.4685431718826294,5.911929919506616,4.843576908111572,0.911737183970616,1.4147861003875732,1.3445501012934016,0.0,False,4.548262596130371,5.902405738830566,4.843576908111572
264,IoBT_GUNFIRE,5.0,7.005763758231835,4.996770858764648,0.9515122355987677,1.6278488636016846,0.046183399856090546,7.743240105982183,4.941110610961914,0.9510508587870087,1.6216005086898804,1.023153316036871,0.0,17.739881229333754,17.08162498474121,0.974244157761553,2.649144411087036,13.036968465313688,15.093000411987305,0.972007523388665,1.8655359745025635,1.205871958357891,0.0,False,14.995759963989258,16.271875381469727,15.093000411987305
265,IoBT_GUNFIRE,10.0,10.131555925984838,9.962058067321777,0.9537446213775129,2.9691123962402344,0.045612920075654984,9.679382323180446,9.016395568847656,0.953541541934185,2.8292715549468994,0.926759417702947,0.0020889037433155077,10.037003916602409,12.81425952911377,0.9494810131387155,2.7852518558502197,9.275139079763887,12.75993824005127,0.959220551744533,2.7256667613983154,1.241907246146548,0.0,False,14.886222839355469,16.92706298828125,12.75993824005127
266,IoBT_GUNFIRE,-5.0,-2.560691334859479,-4.98383092880249,0.7299818277398482,1.0508109331130981,0.020072586834430695,-1.5051743201122512,-4.853412628173828,0.7280860135077399,1.0476324558258057,1.7997232842642836,0.0,8.922549249308844,5.480873107910156,0.8284134840860982,1.460350751876831,1.726753929438448,-0.6543421149253845,0.809504105780087,1.0876798629760742,1.4803205952272112,0.0,False,-2.3774659633636475,0.7536064982414246,-0.6543421149253845
267,IoBT_GUNFIRE,5.0,6.02282821636959,4.989753246307373,0.9944347924713892,2.7997283935546875,0.04279636964201927,6.930562816608921,5.010117530822754,0.9944388221803252,2.7951643466949463,1.0119617579260138,0.0,8.496753520215679,9.375868797302246,0.948910108690678,2.703676462173462,7.560767062606075,8.163043975830078,0.9802153866152935,2.845316171646118,1.2312905904398035,0.0,False,6.764375686645508,8.264557838439941,8.163043975830078
268,IoBT_GUNFIRE,15.0,15.001407493437103,11.928664207458496,0.8863843251863525,1.7431573867797852,0.07127508521080017,12.29274193807006,10.787216186523438,0.8860695453905866,1.7575712203979492,0.8418331154959272,0.0,7.038985886134804,10.61848258972168,0.9380710742176231,1.8096222877502441,11.613083006586747,14.625643730163574,0.9419012263177811,2.1868953704833984,1.2204987839669275,0.0,False,12.38402271270752,16.416622161865234,14.625643730163574
269,IoBT_GUNFIRE,10.0,10.8078098299153,10.09054946899414,0.9544192839620187,1.1045958995819092,0.049124911427497864,10.017245904318912,8.67322063446045,0.954457891935312,1.4701730012893677,0.949927885014881,0.0020889037433155077,10.77157578920474,9.682388305664062,0.9403872411577042,1.5397988557815552,9.832877914936194,10.24750804901123,0.9581043940545452,1.7726706266403198,1.1530040679986944,0.0,False,11.044588088989258,11.339567184448242,10.24750804901123
270,EXISTING_PROXY,-10.0,-7.00161301514515,-10.186080932617188,0.20711647161977162,1.0931990146636963,0.08980739861726761,-6.52838600029421,-10.863986015319824,0.20787209641621623,1.1148680448532104,3.1078370614655793,0.00835561497326203,5.201042644813123,-0.23711761832237244,0.3156609656965209,1.1546037197113037,-4.4927801877345885,-6.216663360595703,0.26597085885334343,1.080513834953308,2.632172353954806,0.0,False,-7.9237060546875,-6.182051658630371,-6.216663360595703
271,IoBT_GUNFIRE,10.0,10.809172419637129,10.017488479614258,0.8516875964810834,1.3413705825805664,0.09602503478527069,10.737689085986633,9.511078834533691,0.8508153814931358,1.3316829204559326,0.9284054405899602,0.0020889037433155077,16.646798430934137,15.965461730957031,0.9498599036007185,2.242433786392212,7.682190282760021,12.715145111083984,0.9237523084665401,1.887527346611023,1.3675242196592068,0.0,False,12.827308654785156,13.82801628112793,12.715145111083984
272,IoBT_GUNFIRE,0.0,0.7052600509728062,-0.04940452426671982,0.7012337842453311,1.1425710916519165,0.07560916244983673,0.5364633264418133,-0.9030791521072388,0.7074202665479266,1.1352325677871704,1.3315007749503132,0.01044451871657754,9.808135423327316,8.747179985046387,0.8171758214570938,1.6708401441574097,0.4578015037655245,1.3091193437576294,0.8036483272012459,1.3171589374542236,1.5539188450332886,0.0,False,0.6499049663543701,1.1104007959365845,1.3091193437576294
273,IoBT_GUNFIRE,0.0,0.7555580921287665,0.017584413290023804,0.6686533864771088,1.1863185167312622,0.03926805034279823,1.6867646608846467,-0.16940805315971375,0.669955061408973,1.3823959827423096,1.2319532868012915,0.0,10.741234785574608,10.028297424316406,0.824476820319456,1.3479949235916138,2.7921947995948875,5.570219039916992,0.7317020286367976,1.1954253911972046,1.5239526481460317,0.0,False,2.45854115486145,5.300727844238281,5.570219039916992
274,EXISTING_PROXY,5.0,5.0000062146555955,4.912930488586426,0.9077935275696566,1.2364672422409058,0.14497677981853485,5.706632888240025,4.784655570983887,0.9084618709286428,1.2615567445755005,1.0104467076747428,0.01044451871657754,2.907408832136893,1.9534525871276855,0.7811725563951927,1.0925990343093872,5.906076873671334,6.77878475189209,0.9033471214435519,1.5191264152526855,1.1974772815773675,0.0,False,7.724815368652344,7.811659812927246,6.77878475189209
275,IoBT_GUNFIRE,10.0,11.866524479052451,10.015673637390137,0.9432330259646956,1.7685203552246094,0.06076231598854065,10.326328228147617,8.030997276306152,0.943049511878741,1.7443054914474487,0.962237038151198,0.004177807486631015,20.699534707451512,19.50909423828125,0.955211111609482,2.5515732765197754,9.888835959648413,11.471434593200684,0.9487247801867791,2.017754316329956,1.2680333652133242,0.0,False,12.693607330322266,12.971879005432129,11.471434593200684
276,EXISTING_PROXY,0.0,0.9688538049299484,-0.14023439586162567,0.7741485416874138,1.1129127740859985,0.0760393962264061,0.9094211598428048,-1.3079590797424316,0.7748490901436234,1.1166620254516602,1.321600903085575,0.01253342245989305,8.906967136218523,7.696850776672363,0.926331070153912,2.123868227005005,5.748904609296165,6.307183265686035,0.8897719247779099,1.3272013664245605,1.278313173682962,0.0,False,6.499297618865967,6.767098426818848,6.307183265686035
277,IoBT_GUNFIRE,0.0,0.3140709173629217,-0.012735654599964619,0.6155787215884797,1.1138780117034912,0.02743946574628353,0.8107572491967657,-0.623427152633667,0.614993929907292,1.1147009134292603,1.2790621398511002,0.0,2.7071092965366783,1.3713194131851196,0.6239866478259464,1.0791810750961304,6.718557024823507,5.749220371246338,0.7009385270603153,1.327316403388977,1.024762660414359,0.0,False,7.718921184539795,8.212470054626465,5.749220371246338
278,IoBT_GUNFIRE,5.0,5.131813675856564,4.825825214385986,0.6643388229604082,1.1170293092727661,0.14548146724700928,5.8294234992852,4.579267501831055,0.6647816456865691,1.1232677698135376,0.9749898458581321,0.006266711229946525,4.180863935174221,4.294897556304932,0.8259052170408547,1.4925134181976318,7.548648944940014,9.27187442779541,0.8260127873314103,1.3690757751464844,1.2204528406014343,0.0,False,10.264530181884766,9.931806564331055,9.27187442779541
279,IoBT_GUNFIRE,0.0,0.22188607931096863,0.13475748896598816,0.6303445845356206,1.176796793937683,0.031612295657396317,1.2537380053145708,0.11091255396604538,0.6294940198602632,1.1788612604141235,1.2531844739889026,0.0,9.438199162044695,9.028841018676758,0.8218168698987917,1.6005418300628662,3.3836331546787086,6.739209175109863,0.7211057547822118,1.2577760219573975,1.4633188725351034,0.0,False,8.011507987976074,8.17080307006836,6.739209175109863
280,EXISTING_PROXY,15.0,15.65367482554663,14.99899673461914,0.964976334616913,1.7122176885604858,0.10259222239255905,11.264782823147495,10.365020751953125,0.9647098632300142,1.7253971099853516,0.9045760089661776,0.01044451871657754,15.465141447059697,14.852337837219238,0.9874866827556884,3.188138961791992,8.831480888785206,14.362335205078125,0.9793930174015844,2.3469300270080566,1.3239374103548291,0.0,False,17.288972854614258,16.30670928955078,14.362335205078125
281,IoBT_GUNFIRE,0.0,-6.0935113766533166e-05,0.1787002682685852,0.8266823434086548,1.2211077213287354,0.1431514173746109,1.449875098840864,0.6779145002365112,0.8267204652003487,1.2374112606048584,1.2453402991895552,0.006266711229946525,8.983502943668352,9.503656387329102,0.9051469326465423,1.4886951446533203,-0.3894458961497161,0.9160974025726318,0.8798286638610584,1.352084755897522,1.5482944301021835,0.0,False,0.9458428621292114,1.1511280536651611,0.9160974025726318
282,IoBT_GUNFIRE,10.0,11.077307725903191,10.005693435668945,0.9666887011622384,1.9083436727523804,0.05157831683754921,10.656613305604282,9.046594619750977,0.9665898701752602,2.274533748626709,0.9477007016284487,0.0020889037433155077,10.575153914037577,12.548040390014648,0.963536757489166,2.225874423980713,11.21953985305392,13.07935905456543,0.9638410989861764,2.18880558013916,1.1995809147503194,0.0,False,10.82718276977539,16.483753204345703,13.07935905456543
283,IoBT_GUNFIRE,-5.0,-2.348851151006332,-5.027349472045898,0.5949346751605804,1.0904659032821655,0.08378874510526657,-0.9981377298971548,-4.60203742980957,0.5979661915980116,1.0918679237365723,1.7630467202418507,0.0020889037433155077,15.604648606874065,14.744335174560547,0.7937622740519743,1.9606026411056519,3.1550292716372175,0.9931492209434509,0.6786542648406935,1.1706994771957397,1.421710054496942,0.0,False,1.5320806503295898,3.5716607570648193,0.9931492209434509
284,IoBT_GUNFIRE,5.0,7.36333418195856,5.006479740142822,0.7636568496145127,1.3134945631027222,0.08702067285776138,2.9891246765209,-0.3517705798149109,0.7640991566831792,1.4703335762023926,1.2443808332366157,0.01044451871657754,16.45466899751208,16.518362045288086,0.8709245650106654,2.4019293785095215,7.678597212696003,10.736358642578125,0.7903472431566836,2.1149303913116455,1.4253225695039455,0.0,False,7.042234420776367,9.240741729736328,10.736358642578125
285,IoBT_GUNFIRE,10.0,10.913339037139881,10.019478797912598,0.8826952403607653,1.4234910011291504,0.05940559133887291,6.363533665202597,4.57151460647583,0.8820772856867987,1.4480218887329102,1.0306694095788025,0.00835561497326203,17.881025884474717,17.196537017822266,0.9542712185438855,2.7136693000793457,7.40391212873795,10.321720123291016,0.9197979898370953,1.7260856628417969,1.3292913116787195,0.0,False,11.35525894165039,11.19054889678955,10.321720123291016
286,EXISTING_PROXY,-5.0,-4.243904777102073,-5.0410990715026855,0.5332696790317278,1.0772737264633179,0.039291102439165115,-4.000758762822583,-5.9493255615234375,0.5330427023901393,1.0768592357635498,1.9283022980586535,0.004177807486631015,3.4277824558878494,0.31525737047195435,0.6863834332331605,1.1325573921203613,6.370916964485041,5.669963359832764,0.7249814460341775,1.2697075605392456,1.1345653051543567,0.0,False,5.571017742156982,5.9049787521362305,5.669963359832764
287,IoBT_GUNFIRE,20.0,20.914568752408563,19.99932861328125,0.9049431094704319,2.527596950531006,0.10766571760177612,16.69297647719514,18.138349533081055,0.9043450647693984,2.3899383544921875,0.8848683806062757,0.0,10.813465352316143,13.727544784545898,0.9204489404468295,2.5771114826202393,12.46409583011657,15.251860618591309,0.9027332315838941,2.187095880508423,1.1879278814425116,0.0,False,19.751880645751953,18.831022262573242,15.251860618591309
288,IoBT_GUNFIRE,0.0,0.08676955071425602,0.17841309309005737,0.7155574011380805,1.1476043462753296,0.03249659389257431,0.9224079152348668,0.08812833577394485,0.7154187767354481,1.1438785791397095,1.2878640155906365,0.0,9.872149657555768,10.294238090515137,0.909315703568758,2.452195644378662,0.9595165301921549,3.0220608711242676,0.7536538017218197,1.2243866920471191,1.514771456335831,0.0,False,0.48071104288101196,2.231396436691284,3.0220608711242676
289,IoBT_GUNFIRE,0.0,3.664473498043278,0.07090268284082413,0.6975957966433475,1.379096508026123,0.08950486779212952,3.8658621825719246,-0.5748854279518127,0.697665128131927,1.3847227096557617,1.3307108514344284,0.01044451871657754,15.70556285556157,12.045755386352539,0.8488561542167569,2.639000415802002,12.436133077810323,11.31809139251709,0.8913159493539718,2.1213929653167725,1.2178784931905893,0.0,False,0.3637183904647827,3.35678768157959,11.31809139251709
290,IoBT_GUNFIRE,-5.0,-4.542635173937141,-5.076623439788818,0.595130430216174,1.0357048511505127,0.11825679242610931,-3.7829882806561073,-5.521657466888428,0.5951686226101538,1.0400187969207764,1.8377202135341861,0.01253342245989305,4.376898278339522,2.9329757690429688,0.6738781657262682,1.149224042892456,-0.04925078024071998,0.1788845956325531,0.6890710544079048,1.111934781074524,1.5097591581568819,0.0,False,0.5700492858886719,1.001883625984192,0.1788845956325531
291,IoBT_GUNFIRE,0.0,0.5545122218343421,-0.022873172536492348,0.8551051034084526,1.374325156211853,0.08535150438547134,1.3482358863610355,-0.24269717931747437,0.8550759192363794,1.378900170326233,1.2599916508413085,0.0,14.205216891119594,13.57767105102539,0.9161476310444717,1.8852518796920776,6.466324215145019,9.341793060302734,0.8980160733212643,1.4987268447875977,1.3364560438954223,0.0,False,8.868490219116211,10.637965202331543,9.341793060302734
292,IoBT_GUNFIRE,5.0,5.604182414095656,4.9765825271606445,0.883285867251583,1.3367067575454712,0.13518668711185455,6.352958672779579,4.9635162353515625,0.8830343015567583,1.2902772426605225,1.0205836770007548,0.004177807486631015,5.134000782522383,5.2769670486450195,0.822344612417228,1.776542067527771,7.506315660794709,7.809025764465332,0.9063877255994911,1.502661943435669,1.175272730257675,0.0,False,10.038734436035156,9.804519653320312,7.809025764465332
293,IoBT_GUNFIRE,0.0,0.5053043810467939,-0.03601078689098358,0.9171815974304437,1.6243681907653809,0.03409135714173317,1.610161309763429,0.15671131014823914,0.9167902621983289,1.659350872039795,1.2448435553105486,0.0,16.73604392656899,16.453733444213867,0.9840577764916829,2.6737875938415527,5.875734261949831,7.488270282745361,0.9600106268583163,1.9132184982299805,1.29412865941785,0.0,False,2.545614719390869,6.456396102905273,7.488270282745361
294,IoBT_GUNFIRE,5.0,5.604183687549876,5.1351470947265625,0.7398345042003599,1.2348487377166748,0.0236984733492136,6.016002944645411,4.526237964630127,0.7399347535217538,1.23722243309021,1.0306735126054583,0.0,10.09383621385468,10.09213638305664,0.8850783154350624,1.6845667362213135,5.392218857084842,9.591130256652832,0.8305857077265313,1.5120222568511963,1.431936439561199,0.0,False,9.446815490722656,10.065693855285645,9.591130256652832
295,EXISTING_PROXY,10.0,12.145446810696715,9.990743637084961,0.8626814292869406,1.0909819602966309,0.07191336154937744,11.42897789119926,8.719855308532715,0.8629961105918967,1.1517791748046875,0.9416453793861292,0.0020889037433155077,19.883886648689288,18.392194747924805,0.9653592688237919,2.441957712173462,11.694916918823516,15.295835494995117,0.9399675782097671,1.5542874336242676,1.2723213343018578,0.0,False,17.43651008605957,17.173959732055664,15.295835494995117
296,IoBT_GUNFIRE,10.0,9.999990049330954,10.012959480285645,0.8291509346809597,1.9673631191253662,0.10101506114006042,9.68497100181334,9.290167808532715,0.8282573044758311,1.9411559104919434,0.8931427666384569,0.0020889037433155077,2.7856327858271586,1.8269107341766357,0.9058473818350292,1.9505939483642578,7.049855857385284,10.483933448791504,0.8483417053323137,1.8296841382980347,1.2973167829948218,0.0,False,10.209253311157227,11.448911666870117,10.483933448791504
297,EXISTING_PROXY,15.0,16.803918117230356,15.042037010192871,0.9729565839235073,1.5768775939941406,0.07011206448078156,14.60671145656979,12.971761703491211,0.9728092913175952,1.584633469581604,0.9052717349722921,0.0020889037433155077,20.57529813718755,18.789077758789062,0.9854556363546998,3.166687250137329,9.878994063701379,14.831477165222168,0.9810059961717669,2.4646856784820557,1.3360170318407663,0.0,False,16.95285415649414,15.941224098205566,14.831477165222168
298,IoBT_GUNFIRE,0.0,0.5529940070546793,-0.027436301112174988,0.7631850811281764,1.0857877731323242,0.08757242560386658,1.9058555059994622,0.3230026066303253,0.7648655387592226,1.0921659469604492,1.2271821358589845,0.0,10.576351126047976,10.133304595947266,0.9037962657792548,1.5116348266601562,5.3610256203132,7.298254013061523,0.8556922295893394,1.3077001571655273,1.3346521059439163,0.0,False,8.921005249023438,8.843772888183594,7.298254013061523
299,EXISTING_PROXY,0.0,1.365266075060882,-0.192652627825737,0.5989602416387596,1.0740025043487549,0.19014690816402435,2.1376853977777683,-0.5454023480415344,0.5993937434356872,1.0774586200714111,1.2377171404389697,0.014622326203208556,3.272564505935071,-1.5282434225082397,0.7119939453728349,1.1633208990097046,3.2293443731077804,-0.6813936829566956,0.6534077911588227,1.1056287288665771,1.0133190762626814,0.0,False,-1.8798614740371704,-2.206838369369507,-0.6813936829566956
300,IoBT_GUNFIRE,10.0,11.548287738182946,9.995109558105469,0.9036626560730331,1.6454687118530273,0.03944125771522522,10.767291602073465,8.686047554016113,0.9038558369816644,1.6485660076141357,0.9318169871385223,0.0,17.509104266884226,17.04860496520996,0.9268079683534876,2.6695592403411865,8.810264979642414,13.569936752319336,0.9199525390387575,1.781275987625122,1.3604652704612072,0.0,False,13.386459350585938,15.83145523071289,13.569936752319336
301,IoBT_GUNFIRE,10.0,10.087558641709364,10.00837230682373,0.9006289311008105,1.6876983642578125,0.09666496515274048,10.4733814152383,9.977351188659668,0.9002400298759768,1.6927692890167236,0.9242291960841269,0.0,13.371992673480586,13.43802261352539,0.9524258842620363,1.9937152862548828,7.34976031794235,11.503927230834961,0.9167314352115556,1.955412745475769,1.3153724171565977,0.0,False,12.865697860717773,12.974916458129883,11.503927230834961
302,IoBT_GUNFIRE,0.0,1.0783549022815904,0.050789881497621536,0.8556360888652897,1.1383700370788574,0.03785794973373413,1.1907755112740468,-0.9366875290870667,0.8559043705368143,1.1421008110046387,1.3147205919578187,0.004177807486631015,14.477645969596825,13.507049560546875,0.9506130582162249,2.156947612762451,5.807973853832369,8.099650382995605,0.9283779740911736,1.3044769763946533,1.3804661210100917,0.0,False,8.738687515258789,9.197145462036133,8.099650382995605
303,IoBT_GUNFIRE,-5.0,-4.346526319816551,-5.5071563720703125,0.8052319256691659,1.2317427396774292,0.0258382149040699,-3.5811968944971477,-5.708103656768799,0.8043120040532611,1.224122405052185,1.789762325556224,0.0,9.742496385355683,9.210244178771973,0.8977994276014013,1.539669394493103,0.9459111067091973,2.2301077842712402,0.89174627073928,1.2812069654464722,1.5395927060696712,0.0,False,-0.6476011872291565,2.192964792251587,2.2301077842712402
304,IoBT_GUNFIRE,5.0,6.023024904865539,4.986858367919922,0.8713338123840597,1.2797852754592896,0.03658449649810791,6.6479579455194715,4.793935775756836,0.8714416670425862,1.2776260375976562,1.0323398571026772,0.0,14.89282882393892,13.894047737121582,0.9485785199113447,1.670439600944519,6.273907857809804,6.895515441894531,0.9026020420252963,1.3520655632019043,1.2699965567877352,0.0,False,5.7867231369018555,7.27345085144043,6.895515441894531
305,IoBT_GUNFIRE,10.0,10.408740853048215,9.99996566772461,0.9259412365775135,3.171597480773926,0.05953526124358177,10.646231259637446,9.769184112548828,0.9255710947966745,3.128628969192505,0.9467351600550671,0.0,17.852342129441105,18.15365219116211,0.9879223694303068,3.5725924968719482,10.746704195973521,12.051533699035645,0.9499196998927918,3.0179555416107178,1.1540394743225344,0.0,False,10.03901481628418,12.269489288330078,12.051533699035645
306,IoBT_GUNFIRE,15.0,15.268017773320125,14.992637634277344,0.9498247851281825,2.683732032775879,0.06789959967136383,13.702118353856731,14.08702278137207,0.9495471465385917,2.649594783782959,0.8937839277644579,0.0,14.44050969557206,14.516745567321777,0.9813487425903641,3.550844430923462,8.432993615545229,12.89609432220459,0.9655972240406633,2.6628775596618652,1.2973924167134139,0.0,False,15.760854721069336,16.923940658569336,12.89609432220459
307,IoBT_GUNFIRE,-5.0,-1.5333459336642863,-4.986517906188965,0.8280766212036682,1.2839816808700562,0.02468283660709858,-0.4144552291172868,-4.836024761199951,0.828295015937126,1.2811243534088135,1.8026358601961934,0.0,9.83917879258603,6.022371292114258,0.8916100807910171,1.7906159162521362,5.067894174610446,2.514228582382202,0.9004341548812165,1.4596021175384521,1.376971938509825,0.0,False,6.961135387420654,5.07871150970459,2.514228582382202
308,EXISTING_PROXY,5.0,5.087618693601437,4.9822468757629395,0.7525220337768473,1.2252342700958252,0.07675078511238098,5.826143873464433,4.856112480163574,0.7523863326049728,1.23590886592865,1.0142266508042053,0.0020889037433155077,7.584535776387292,7.241866588592529,0.8372338211127807,1.4066542387008667,3.6785542597801753,6.09445858001709,0.8020219524089008,1.251904845237732,1.3859745532576044,0.0,False,8.39042854309082,8.350893020629883,6.09445858001709
309,EXISTING_PROXY,20.0,20.13182874245283,19.995281219482422,0.9691225858045337,3.3300492763519287,0.10770046710968018,-0.5225664925106439,-1.6484678983688354,0.9690007665007911,3.2863497734069824,1.3932285585965098,0.022977941176470586,19.761123916614622,20.244930267333984,0.975124159512843,3.9103991985321045,10.59421846825301,14.817238807678223,0.9702293463801362,3.4714879989624023,1.2247022576375837,0.0,False,19.913183212280273,19.273300170898438,14.817238807678223
310,EXISTING_PROXY,0.0,1.800233579552806,0.11901042610406876,0.9179571336790477,1.1773228645324707,0.11364198476076126,2.881410631895353,0.16313745081424713,0.9185605647786205,1.17021644115448,1.2592342301327932,0.004177807486631015,9.769422646657222,10.424447059631348,0.9536084682156675,1.9922168254852295,5.540261618494529,5.268321990966797,0.939812358764015,1.319496750831604,1.3178562816043604,0.0,False,0.3527006506919861,6.554659843444824,5.268321990966797
311,IoBT_GUNFIRE,15.0,17.594801404247583,15.00162124633789,0.9735448468680581,2.552990198135376,0.10450306534767151,16.435643615042125,14.246908187866211,0.9734867694568378,2.5467112064361572,0.9087656398524734,0.0,9.891221372416869,11.97273063659668,0.963712007218983,2.719848394393921,13.07498923926175,13.418359756469727,0.9747310872962487,2.302924633026123,1.192457958654839,0.0125,False,15.112932205200195,15.218793869018555,13.418359756469727
312,IoBT_GUNFIRE,0.0,2.7565693492491947,-0.20297613739967346,0.7485666658309013,1.114880919456482,0.03386794030666351,3.6710732887728508,-0.33080223202705383,0.7474048592459069,1.116123080253601,1.2441923250640488,0.0,11.608981822602033,9.917733192443848,0.9080820011435985,1.971120834350586,7.918833312517995,7.562164783477783,0.8503748006658931,1.327947735786438,1.3166406804502206,0.0,False,7.631198883056641,8.5094575881958,7.562164783477783
313,IoBT_GUNFIRE,10.0,11.363776892178652,10.005751609802246,0.8536259483350592,1.4974095821380615,0.06303352117538452,0.46499284329122925,-1.5569190979003906,0.8529066356758683,1.3874856233596802,1.3926349848127455,0.014622326203208556,14.035501724725723,15.268305778503418,0.910476440470827,2.804243564605713,14.090312899776563,14.057687759399414,0.8959273876870815,1.6054164171218872,1.1057106571375719,0.0,False,10.200031280517578,14.597234725952148,14.057687759399414
314,IoBT_GUNFIRE,0.0,0.8598180690757834,-0.008679690770804882,0.833101931968043,1.3826217651367188,0.04912516847252846,2.1375937452821487,0.33416104316711426,0.8326839991593711,1.3801894187927246,1.2375879406766703,0.0,5.947048729398846,5.592781066894531,0.7635969386375825,1.4010971784591675,1.825045201095227,2.0160160064697266,0.8604747693979841,1.455297589302063,1.4275766184718164,0.0,False,1.330078125,1.9596376419067383,2.0160160064697266
315,IoBT_GUNFIRE,20.0,20.55467906995056,20.02001190185547,0.9714341874010078,2.5424609184265137,0.0697472095489502,16.12510028113474,19.0026912689209,0.9713052411098522,2.531294107437134,0.8690774079348871,0.0,14.08121102784502,14.669046401977539,0.9891514134405444,3.6843507289886475,7.190972003019466,15.299217224121094,0.9702791182268335,2.847928762435913,1.4194807054275183,0.0,False,19.375228881835938,17.879173278808594,15.299217224121094
316,IoBT_GUNFIRE,15.0,15.967129224751023,15.006207466125488,0.8602863988512723,1.5638298988342285,0.13363417983055115,15.225224493850437,14.732954025268555,0.8598641016413774,1.5503995418548584,0.9106110691799283,0.0,13.721467275952184,15.964567184448242,0.9132658520904644,2.7013988494873047,11.209890814027109,15.533074378967285,0.8995604765609205,1.6093873977661133,1.2458109455950226,0.00625,False,16.00140380859375,18.38662338256836,15.533074378967285
317,EXISTING_PROXY,10.0,10.4568628844886,10.024208068847656,0.6696114027708902,1.1480871438980103,0.16865532100200653,4.029629305740996,2.5796236991882324,0.6682627894307023,1.2394280433654785,1.0954421298298744,0.01253342245989305,12.032471227206239,12.103543281555176,0.8071344370994638,1.5854723453521729,6.701934013605254,11.300745964050293,0.7798971959699105,1.5036568641662598,1.3752576475623497,0.15,False,12.64743709564209,12.590009689331055,11.300745964050293
318,EXISTING_PROXY,10.0,10.17632795523099,10.065925598144531,0.88146310206495,1.6154277324676514,0.06960175931453705,10.027469247220735,9.389476776123047,0.882043737636854,1.641922116279602,0.9488163951193069,0.0020889037433155077,7.7436884880544525,8.76698112487793,0.8928789933250539,2.0751771926879883,8.356754258699159,11.038724899291992,0.9116790615706649,1.995678424835205,1.2440066911822363,0.0,False,10.443415641784668,11.108844757080078,11.038724899291992
319,EXISTING_PROXY,5.0,6.546983071600019,5.028926849365234,0.8265015581135994,1.1814593076705933,0.07519745826721191,7.168782769239545,4.825206279754639,0.8277333679270021,1.1818034648895264,1.0389660631028885,0.004177807486631015,15.426080227880501,13.890481948852539,0.9236705987114963,2.1016132831573486,8.419601359803588,8.96548080444336,0.8976965009158515,1.366084337234497,1.2465280310464797,0.0,False,10.190073013305664,10.338708877563477,8.96548080444336
320,IoBT_GUNFIRE,5.0,7.06496519417544,4.979649543762207,0.6529562701438618,1.1967136859893799,0.037621233612298965,5.5986425722023725,2.6901516914367676,0.6521813444729756,1.2295358180999756,1.1113638230733385,0.004177807486631015,12.05599013007301,13.22227668762207,0.7755734212058356,2.4917378425598145,12.217795856996297,11.88661003112793,0.7401170204982834,1.491781234741211,1.1579615027555479,0.0,False,12.80912971496582,13.368767738342285,11.88661003112793
321,IoBT_GUNFIRE,-5.0,-2.9253893073462827,-4.836479187011719,0.6872675241249949,1.0891443490982056,0.07701405882835388,-1.7182718299384314,-4.826272010803223,0.6849944424682191,1.0950932502746582,1.7911633037900183,0.006266711229946525,11.165757228015856,8.641412734985352,0.8872386987315797,1.939843773841858,5.6015348786017425,5.934156894683838,0.8480051617706981,1.5804998874664307,1.3832595084192254,0.0,False,6.462838649749756,6.753549575805664,5.934156894683838
322,IoBT_GUNFIRE,0.0,1.3635698886636918,-0.17784623801708221,0.6176523193505813,1.2392823696136475,0.08806809782981873,0.6871994618134247,-2.1140568256378174,0.6212095832035001,1.3137216567993164,1.356164505275806,0.01253342245989305,5.40814060290031,2.3886032104492188,0.7082553216550844,1.2713689804077148,1.8622979628961644,0.8796015977859497,0.7151054640510093,1.3638778924942017,1.4069041640619246,0.0,False,0.9737446904182434,1.3698558807373047,0.8796015977859497
323,EXISTING_PROXY,20.0,21.132421733545023,19.997961044311523,0.9809825571462033,2.917618989944458,0.09356604516506195,17.89027018836195,19.408443450927734,0.9809747755637226,2.9248571395874023,0.8957919237106398,0.0,8.951672416849014,12.183582305908203,0.9517421928237932,2.494332790374756,10.521732245338534,14.172501564025879,0.9831187449578863,3.0832126140594482,1.2611266453914827,0.05416666666666666,False,20.247346878051758,18.512832641601562,14.172501564025879
324,IoBT_GUNFIRE,-10.0,-8.80898978974656,-10.019929885864258,0.7066703578021665,1.0526313781738281,0.053900156170129776,-7.531509063820333,-9.668734550476074,0.7068244347236022,1.0649574995040894,2.8673467921003275,0.004177807486631015,7.859782430700512,5.735313892364502,0.8340447721932044,1.2938206195831299,-6.042775130382866,-6.283607482910156,0.8213740321211337,1.129500150680542,2.5529402583879297,0.0,False,-5.019295692443848,-5.434107780456543,-6.283607482910156
325,IoBT_GUNFIRE,10.0,11.30512432890881,10.009812355041504,0.6902961529768671,1.337766408920288,0.15728089213371277,10.033786102212282,8.116361618041992,0.6887455504235825,1.3078327178955078,0.946404087034622,0.01044451871657754,5.594961380451865,6.70159912109375,0.7535582560119908,2.1017088890075684,10.181141029365644,11.509026527404785,0.7443504723020556,1.7268356084823608,1.218770783236299,0.0625,False,13.546789169311523,14.186079025268555,11.509026527404785
326,IoBT_GUNFIRE,5.0,5.9690029481542535,5.035090446472168,0.8287925260601975,1.3811436891555786,0.05211038514971733,6.719082607813503,4.943909168243408,0.8287535583108397,1.3898200988769531,1.0210759578183939,0.0,10.637558139037095,9.232844352722168,0.9295578076103118,1.7067351341247559,6.979751951748322,8.831929206848145,0.8919279985462608,1.6552563905715942,1.3075832557542348,0.0,False,9.439247131347656,9.54542350769043,8.831929206848145
327,IoBT_GUNFIRE,0.0,0.13222484117141853,-0.009878698736429214,0.8108437554208539,1.2450478076934814,0.06905072927474976,1.2385017571838761,0.0955086275935173,0.811287414862655,1.279143214225769,1.2438297352693204,0.004177807486631015,5.383276538918818,6.543950080871582,0.7750205979082482,1.2130681276321411,1.3388375036780542,3.4025912284851074,0.8251377855389334,1.3529775142669678,1.4946985776534067,0.0,False,2.6856420040130615,3.5719192028045654,3.4025912284851074
328,EXISTING_PROXY,10.0,11.672476104172734,10.135260581970215,0.855785148029147,1.9560312032699585,0.09471843391656876,10.295484515138611,7.940793991088867,0.8555561801590256,1.9374876022338867,0.9420294364930798,0.00835561497326203,12.58851602671241,11.12890338897705,0.916150180906208,1.5930733680725098,9.768092976603294,10.014505386352539,0.9243654361276273,2.16782808303833,1.207390296700105,0.0,False,10.443172454833984,10.83421802520752,10.014505386352539
329,IoBT_GUNFIRE,-10.0,-8.136547682400856,-10.113753318786621,0.4812437313331462,1.0364716053009033,0.018998848274350166,-7.123245914143843,-10.108526229858398,0.48051314237218085,1.060102939605713,2.9623327379787763,0.0,3.4209175714325357,-1.9059672355651855,0.45230843409087773,1.1082208156585693,-0.2298592769320497,-20.987253189086914,0.4054174491400257,1.0470514297485352,0.8808902705835967,0.0,False,-13.69544792175293,-13.716944694519043,-20.987253189086914
330,EXISTING_PROXY,15.0,17.51513325493684,14.995709419250488,0.9296811032619241,1.7219769954681396,0.0510481558740139,12.648925324651115,9.718396186828613,0.9290629388892956,1.729888916015625,0.9355388669736814,0.0020889037433155077,15.860326273187052,13.50961685180664,0.9404008286769214,2.343980073928833,14.158306553707307,14.429790496826172,0.9351477633859258,2.1745264530181885,1.1660023619790878,0.0,False,17.211082458496094,16.825464248657227,14.429790496826172
331,IoBT_GUNFIRE,0.0,0.0017900800032989049,-9.992304801940918,0.31302024943652595,1.016850233078003,0.09942632913589478,0.7129239409521966,-10.675365447998047,0.31261524737174934,1.016289472579956,1.2191155983333648,0.006266711229946525,0.30697475223924875,-4.050634384155273,0.26843142763945593,1.0164225101470947,6.702733801328542,-8.8987455368042,0.27546625637231936,2.376931667327881,1.156666464626404,0.0,False,-6.770659446716309,-7.832619667053223,-8.8987455368042
332,EXISTING_PROXY,20.0,21.022645510010186,19.993179321289062,0.9831162567876485,2.0927157402038574,0.09856022894382477,16.31084419381716,19.160297393798828,0.9830353262702858,2.099804162979126,0.8616047572987667,0.0,19.257916348314183,19.521114349365234,0.9849484642384526,3.0505402088165283,12.635126865181414,13.55467700958252,0.9830059076021037,2.7704875469207764,1.142164799329668,0.0,False,19.2392578125,18.558996200561523,13.55467700958252
333,IoBT_GUNFIRE,0.0,1.547928821070961,-0.09504779428243637,0.8573942637753933,1.2005094289779663,0.04347855597734451,1.3938382719017564,-1.0380350351333618,0.8589914727757502,1.2065181732177734,1.332370319367813,0.004177807486631015,16.47565590161561,15.063825607299805,0.9715472378353673,2.6206796169281006,8.77725368376167,11.05923843383789,0.8996684135047315,1.7769170999526978,1.3044657993953164,0.0,False,8.309013366699219,11.895709991455078,11.05923843383789
334,IoBT_GUNFIRE,10.0,11.189484414027664,10.003265380859375,0.9533904641835863,2.234968423843384,0.08900067210197449,10.779784586574513,9.08879280090332,0.9531148334390919,2.1795248985290527,0.9332422382672755,0.0020889037433155077,20.57726235983898,19.664386749267578,0.9691629956280257,3.4158565998077393,11.139753119921673,13.282386779785156,0.9674811952882183,2.8616275787353516,1.2145777677729264,0.0,False,16.213848114013672,16.205759048461914,13.282386779785156
335,IoBT_GUNFIRE,15.0,17.674789694384206,14.996349334716797,0.9983588246988362,2.2646756172180176,0.048809364438056946,7.6838261954274865,4.224167346954346,0.9983563150965632,2.355905532836914,1.0527395402655002,0.006266711229946525,24.25773449628664,23.284584045410156,0.9963188833892725,3.3224029541015625,13.895217020378627,13.741430282592773,0.9915494473143565,2.3153038024902344,1.1664933088468024,0.0,False,15.73011302947998,15.77644157409668,13.741430282592773
336,IoBT_GUNFIRE,5.0,6.189022790891943,4.983031749725342,0.9129922436954268,1.2977519035339355,0.03574061021208763,6.924301054767278,4.781489849090576,0.9129342958156037,1.3137847185134888,0.9954328236629219,0.0,5.403968239726675,2.1712467670440674,0.9386109872931097,1.539255142211914,6.622421063473274,6.028682708740234,0.9389893529922697,1.4637025594711304,1.1886443020889281,0.0,False,6.6473870277404785,6.787886619567871,6.028682708740234
337,IoBT_GUNFIRE,-5.0,-4.544424025263483,-5.086911201477051,0.6300458056595255,1.0361874103546143,0.07084668427705765,-3.2376180386031503,-4.798855304718018,0.6298645334588218,1.0380295515060425,1.7671337799961844,0.004177807486631015,4.396958363398303,2.295952796936035,0.6375455396520575,1.2643630504608154,-0.7951235862661004,-0.46825170516967773,0.6891438107830583,1.0901212692260742,1.5892076902957981,0.0,False,-0.5575763583183289,1.602641224861145,-0.46825170516967773
338,IoBT_GUNFIRE,5.0,7.286408060123999,4.938135623931885,0.8035328368469108,1.446372151374817,0.10632778704166412,7.91846293065103,4.812040328979492,0.8024654992073006,1.456355333328247,1.02336612286024,0.0,9.399597987174733,9.7647705078125,0.8330592369185928,2.2475168704986572,12.600061068936338,12.058713912963867,0.8592154230053486,1.9639232158660889,1.1558222981359771,0.020833333333333336,False,5.4176812171936035,12.881031036376953,12.058713912963867
339,IoBT_GUNFIRE,5.0,6.4256051816896145,5.0108962059021,0.8546138972017915,1.2219531536102295,0.05979708954691887,6.110518348259138,3.837344169616699,0.8570480689792442,1.235697627067566,1.0675555322587296,0.004177807486631015,13.467166622571758,12.097732543945312,0.9345476965292681,2.0071539878845215,10.424084286567098,11.73080825805664,0.9130772248478644,1.6739823818206787,1.21863441588161,0.0,False,12.5178861618042,12.740458488464355,11.73080825805664
340,IoBT_GUNFIRE,0.0,0.860722278445274,-0.06095099449157715,0.7999523765709914,1.0807297229766846,0.03344123438000679,0.6621127237584289,-1.215707778930664,0.7996438632528647,1.0814086198806763,1.3417755551151436,0.004177807486631015,11.884726708332671,11.010501861572266,0.9214801267477287,1.979254961013794,4.950084955376264,6.533362865447998,0.8719162138305602,1.1153898239135742,1.3607547611862776,0.0,False,5.1074748039245605,7.22254753112793,6.533362865447998
341,IoBT_GUNFIRE,-5.0,-2.1664499005965934,-4.90485954284668,0.6519577081871615,1.172799825668335,0.04578644409775734,-0.7922934199416408,-4.648073196411133,0.6502031934644739,1.2536444664001465,1.7695947905315648,0.0,8.765868984685012,5.274668216705322,0.7536545568631061,1.4605035781860352,5.062375582721778,2.7714571952819824,0.7147137645227807,1.4022244215011597,1.311870248630408,0.0,False,4.946974277496338,4.376241683959961,2.7714571952819824
342,EXISTING_PROXY,10.0,10.000020582604472,10.027645111083984,0.9851151905863299,3.089369535446167,0.06253698468208313,4.8399748046986115,3.7595698833465576,0.9867325343162658,3.1219053268432617,1.0240567594521215,0.006266711229946525,9.237448475027527,10.022597312927246,0.926946386640222,1.9297442436218262,6.179588646343818,8.607364654541016,0.9753671143617217,3.0611655712127686,1.2837459007618774,0.0,False,10.210081100463867,9.748698234558105,8.607364654541016
343,EXISTING_PROXY,-10.0,-9.999952167254246,-10.363236427307129,0.3855834659372739,1.172003149986267,0.08455082774162292,-9.30331258181158,-10.405546188354492,0.38793662920196564,1.172830581665039,3.0578361327888413,0.004177807486631015,1.7777476233265572,-2.6441240310668945,0.4327675403368179,1.3675957918167114,-1.3471305287816464,-3.10713529586792,0.4675690236900578,1.2633260488510132,1.4140149235274864,0.0,False,-6.377504348754883,-3.39255690574646,-3.10713529586792
344,IoBT_GUNFIRE,0.0,5.217765006834791,-0.04753395542502403,0.6893289792501267,1.1198394298553467,0.04556884616613388,6.375600635380235,0.23471003770828247,0.6897359295002741,1.120786428451538,1.2433233123896241,0.0,18.105964829259463,12.835702896118164,0.8424239349999831,2.611204147338867,8.469511593133793,4.668240070343018,0.7724329010142491,1.1734693050384521,1.3308557467958997,0.0,False,3.033799171447754,4.652657985687256,4.668240070343018
345,EXISTING_PROXY,15.0,15.268230215182673,14.980311393737793,0.9932411018920831,2.0618741512298584,0.09819599986076355,11.822919360723263,11.585597038269043,0.9932428282233106,1.9931950569152832,0.8952135600479034,0.006266711229946525,18.611325176483803,18.447019577026367,0.9960884999244006,3.5717954635620117,7.945498881418983,13.114274978637695,0.9910358354962119,2.909057140350342,1.3288256940906884,0.0,False,15.185640335083008,14.911598205566406,13.114274978637695
346,IoBT_GUNFIRE,20.0,21.07608742718933,19.99030303955078,0.9963815141631536,2.4169392585754395,0.08646085113286972,15.85132682376819,16.519634246826172,0.9963651345477678,2.3969779014587402,0.880913966197447,0.0020889037433155077,21.509766519662804,21.091482162475586,0.995055707166177,3.011091947555542,11.378813537523937,12.579534530639648,0.9886071821279888,2.2528374195098877,1.1758178886814503,0.0,False,18.899641036987305,16.98214340209961,12.579534530639648
347,IoBT_GUNFIRE,0.0,3.0953866300307373,0.0038165028672665358,0.7602052238677804,1.1501460075378418,0.0509972982108593,3.957771481825821,-0.06668476015329361,0.7599378609664139,1.154557228088379,1.2795643977183346,0.0020889037433155077,18.22541930089745,15.242901802062988,0.7940930766936478,1.8500103950500488,10.27366165803502,8.939780235290527,0.777952077239779,1.3088124990463257,1.221521332475386,0.0,False,8.869610786437988,9.59325122833252,8.939780235290527
348,EXISTING_PROXY,20.0,21.738937217619192,19.994661331176758,0.9944063262894879,2.4248273372650146,0.12109075486660004,8.646792355496482,6.147011756896973,0.9943532227475348,2.1503453254699707,0.9952054285301805,0.01044451871657754,10.226639561256853,12.183015823364258,0.9675557188823004,3.0593976974487305,12.820310261646453,13.28761100769043,0.9831667971111389,2.3439252376556396,1.1594158714918217,0.004166666666666667,False,21.39401626586914,19.144372940063477,13.28761100769043
349,IoBT_GUNFIRE,-10.0,-9.686083893905705,-10.142742156982422,0.6086223383832035,1.0789604187011719,0.05572100356221199,-8.595572029713479,-10.096611976623535,0.6107209310093374,1.0811938047409058,2.9287458001343154,0.0,6.777748698532285,5.420969009399414,0.8294438643940732,1.334787368774414,-3.422088098926083,-3.83784818649292,0.6929153509624912,1.1175885200500488,1.827657696114492,0.0,False,-1.6257559061050415,-1.4614169597625732,-3.83784818649292
350,IoBT_GUNFIRE,10.0,10.176813097551536,10.043821334838867,0.8620647964389228,1.638822078704834,0.07680803537368774,9.910601241575863,9.319618225097656,0.8620452241828733,1.6285345554351807,0.946449019843421,0.0020889037433155077,8.440443620964665,9.878013610839844,0.9018117185522978,2.362273931503296,7.96605712712403,9.306252479553223,0.8744217414668376,1.6643588542938232,1.1945902506917,0.0,False,10.035377502441406,9.763834953308105,9.306252479553223
351,EXISTING_PROXY,0.0,2.0747650661763863,-0.004268622491508722,0.8686049157344876,1.391502022743225,0.16288237273693085,3.5508648567788628,0.5377017259597778,0.8698128260425105,1.3957068920135498,1.2309158301346395,0.006266711229946525,13.002523740364104,13.178023338317871,0.9261398516121984,2.5618083477020264,7.768050541196844,8.08564567565918,0.9133408745916854,1.6107394695281982,1.297836149778757,0.052083333333333336,False,12.417879104614258,12.337827682495117,8.08564567565918
352,IoBT_GUNFIRE,0.0,0.0002256315867286436,-0.09736407548189163,0.711737319481795,1.1117699146270752,0.10080152750015259,1.2853012045082832,0.2662436366081238,0.7112940649501935,1.1143760681152344,1.2371235987424585,0.0020889037433155077,7.619448656337282,7.858102321624756,0.8381889672113825,1.7611727714538574,4.150702907595508,5.511673927307129,0.7953535127183435,1.2633063793182373,1.2948243448411751,0.0,False,7.2900590896606445,7.21237850189209,5.511673927307129
353,IoBT_GUNFIRE,10.0,10.268180168610797,9.95604133605957,0.9066094416554321,1.279540777206421,0.07841400057077408,10.431410982262356,9.746614456176758,0.9074296037514893,1.2850546836853027,0.9202468495723438,0.0,16.470556324520047,16.260278701782227,0.9668506210328958,2.7265307903289795,7.65509899888424,12.350062370300293,0.9292399623889801,1.5846874713897705,1.3291667575122894,0.0,False,11.051939010620117,12.517333030700684,12.350062370300293
354,IoBT_GUNFIRE,-10.0,-8.977514956825619,-10.066784858703613,0.5405378526135913,1.031973123550415,0.016145920380949974,-8.298378981987454,-10.377382278442383,0.540537194385205,1.0323373079299927,3.059483006409623,0.0,8.172091385559042,7.31272029876709,0.703062022225958,1.6696906089782715,-0.03571095446385766,-0.7103491425514221,0.5839762141673129,1.0491634607315063,1.534422592743106,0.0,False,0.05170521140098572,3.192841053009033,-0.7103491425514221
355,IoBT_GUNFIRE,0.0,1.1909284999596181,0.047343745827674866,0.6805093897227683,1.2545796632766724,0.049934182316064835,1.6891885628023768,-0.37146273255348206,0.6794903468785913,1.2428382635116577,1.298180390075603,0.006266711229946525,6.571069440999594,5.80197286605835,0.8292129911544559,1.5887198448181152,4.198354877151655,4.21710205078125,0.7685918554987545,1.4745486974716187,1.3267696852890054,0.0,False,1.8525887727737427,4.517226219177246,4.21710205078125
356,IoBT_GUNFIRE,-5.0,-4.494658703932577,-4.885088920593262,0.5892054716390442,1.0660873651504517,0.021003009751439095,-3.5400270458238303,-4.880846977233887,0.5885409011302523,1.0698984861373901,1.8358936428595491,0.0,0.6211632872581508,-8.615285873413086,0.33859628740074227,1.050157904624939,0.23105654065298184,-9.85715389251709,0.5822591900403021,1.0352654457092285,0.7045042175540457,0.0,False,-1.587215542793274,-1.3014309406280518,-9.85715389251709
357,IoBT_GUNFIRE,5.0,5.7019335727511145,5.031705379486084,0.7605744655879983,1.2830919027328491,0.07442251592874527,6.850447070848046,5.374895095825195,0.7615755431955342,1.291279673576355,1.021989642854942,0.0,12.246241344745414,14.077482223510742,0.9002034048501264,1.9582767486572266,8.115202567691329,9.493273735046387,0.8365997468902903,1.492551565170288,1.2315967365682596,0.0,False,10.54063606262207,11.164015769958496,9.493273735046387
358,IoBT_GUNFIRE,5.0,5.001180821965976,1.8561480045318604,0.7501996659698356,1.1449133157730103,0.09141967445611954,5.629716443433597,1.8570500612258911,0.7502614529710873,1.1546295881271362,0.9856732495775387,0.004177807486631015,4.2729457640365105,10.088286399841309,0.8630388918448842,2.1055169105529785,6.622913863673514,6.202868938446045,0.7939450956786862,1.2745025157928467,1.2933403392764142,0.0,False,5.909720420837402,6.658467769622803,6.202868938446045
359,IoBT_GUNFIRE,5.0,5.65469310316495,4.939114093780518,0.8356622157276858,1.2139122486114502,0.03845081850886345,6.531123560201115,4.856457710266113,0.8347799147508108,1.2061991691589355,0.9882334501380604,0.0,13.515361880470921,12.863849639892578,0.9531749545869705,2.4516711235046387,6.059277298220653,10.652894973754883,0.9320617508352835,1.6229116916656494,1.4165945245819969,0.0,False,11.363438606262207,11.803942680358887,10.652894973754883
360,EXISTING_PROXY,0.0,1.190370731767935,0.03610282391309738,0.9458699646744957,1.8136327266693115,0.04917009919881821,2.5016771650162646,0.2940247654914856,0.9455129786935625,1.6814277172088623,1.227876398580921,0.0020889037433155077,14.849158923183072,13.520611763000488,0.9754584191306697,3.510392904281616,2.4837207431208257,2.6952242851257324,0.9496983662247912,1.7114629745483398,1.433192344259622,0.0,False,1.8863941431045532,1.9541317224502563,2.6952242851257324
361,EXISTING_PROXY,5.0,5.554674513211126,5.090112686157227,0.8688772868968772,1.171227216720581,0.10593312233686447,4.13358247648308,2.729738235473633,0.8702623611414978,1.1721045970916748,1.1124463612342452,0.014622326203208556,9.826242078628763,9.424747467041016,0.9321451629350327,1.719719648361206,7.012601181619499,9.180793762207031,0.9269861795752385,1.345517873764038,1.2868500560758618,0.0,False,7.378840446472168,9.76364803314209,9.180793762207031
362,IoBT_GUNFIRE,0.0,1.4262614004780036,0.028763767331838608,0.7364182471684024,1.1164427995681763,0.05717211589217186,2.692097485079501,0.3282448351383209,0.7351819749975234,1.1116162538528442,1.2415535883539466,0.0,12.959478802997404,11.555120468139648,0.9116376241308639,1.9802746772766113,3.1987782730407384,3.9824061393737793,0.8478243089344977,1.2904067039489746,1.4609454099800094,0.0,False,6.892523765563965,5.785626411437988,3.9824061393737793
363,IoBT_GUNFIRE,-5.0,-4.590551992449545,-5.02971887588501,0.7462069742166024,1.0861709117889404,0.055113568902015686,-3.289261315499426,-4.726545333862305,0.7463590776685818,1.0957298278808594,1.7625329437173636,0.0020889037433155077,10.342277785985761,9.673989295959473,0.898565233791766,1.6290123462677002,-2.4185016184790213,-0.5079537034034729,0.8218909597546892,1.23004949092865,1.8644823791955925,0.0,False,-1.1540510654449463,0.09425952285528183,-0.5079537034034729
364,EXISTING_PROXY,10.0,10.756187143504008,9.934488296508789,0.9393395018841249,1.3097624778747559,0.05537113547325134,9.833995200192483,8.50291919708252,0.939210210455083,1.301337718963623,0.9374425446452949,0.0020889037433155077,16.384434212001697,16.471054077148438,0.9759159750730567,2.6746461391448975,9.083077262483283,11.878532409667969,0.9568712454946198,1.4634597301483154,1.2624259954543475,0.0,False,10.067880630493164,11.685038566589355,11.878532409667969
365,IoBT_GUNFIRE,-5.0,-4.912880121010005,-5.0139546394348145,0.6316502019011014,1.1022523641586304,0.030035268515348434,-4.495891599820205,-5.330838203430176,0.6313300641537325,1.1037038564682007,1.9056935367846546,0.0020889037433155077,4.01435593069621,2.7352800369262695,0.6648340747867691,1.1597685813903809,0.6182590432091482,0.7528303861618042,0.7559671248376796,1.1376351118087769,1.3909241240921255,0.0,False,2.419656276702881,4.137885093688965,0.7528303861618042
366,IoBT_GUNFIRE,-5.0,-3.395666569537924,-5.121817111968994,0.7263137543650876,1.2161831855773926,0.027597282081842422,-4.0264651315726905,-6.752789497375488,0.7248333254605481,1.20120370388031,2.109482406205405,0.004177807486631015,19.208084199691214,18.31848907470703,0.8334783922532185,3.002201557159424,4.695770981979687,3.835730791091919,0.7929576883844279,1.3966686725616455,1.293569335037835,0.0,False,-0.6350153088569641,4.356361389160156,3.835730791091919
367,IoBT_GUNFIRE,10.0,11.803190734554736,9.983896255493164,0.9868278751509981,1.4628777503967285,0.07089772075414658,12.060364616499193,9.814175605773926,0.9871938248622235,1.4871519804000854,0.9344374151981956,0.004177807486631015,17.483365135737884,15.779328346252441,0.9830536137002883,2.153169870376587,10.030745286189028,10.752586364746094,0.9765763853741696,1.6806663274765015,1.2303013088805914,0.0,False,12.669376373291016,12.672222137451172,10.752586364746094
368,EXISTING_PROXY,-5.0,-4.639582839423198,-5.136757850646973,0.4196427201063001,1.3302950859069824,0.1763998419046402,-3.7801975304450366,-5.30507755279541,0.41922475316362506,1.2415533065795898,1.816326602137983,0.0020889037433155077,4.931610298553389,2.963968515396118,0.7696003880000526,1.2372368574142456,0.5859096662953251,0.7973443865776062,0.6570057647152581,1.3024671077728271,1.4414301810334162,0.0,False,-1.0949745178222656,0.7814233899116516,0.7973443865776062
369,EXISTING_PROXY,-5.0,-2.4844214953218122,-4.62349796295166,0.8982035457662577,1.2657182216644287,0.14483463764190674,-1.235293265926147,-4.336725234985352,0.8975881974563206,1.2769954204559326,1.7974186642133752,0.0,10.707070290944207,7.837182998657227,0.9554217613118302,2.1509571075439453,-2.172105133377838,-3.0253992080688477,0.9185424397655267,1.2069746255874634,2.0850829984691384,0.00625,False,-3.0191900730133057,-2.6648447513580322,-3.0253992080688477
370,IoBT_GUNFIRE,0.0,0.6535345829554627,-0.04069958254694939,0.8087812838443695,1.2033771276474,0.030640723183751106,1.4764569698145995,-0.2823066711425781,0.8093737658391055,1.2072789669036865,1.2475595233553163,0.0,9.729728910272751,8.809746742248535,0.886819454500425,1.4370496273040771,3.525976423004166,5.26658296585083,0.888408033333107,1.281949758529663,1.4134458731214934,0.0,False,3.729308843612671,5.938124656677246,5.26658296585083
371,IoBT_GUNFIRE,-5.0,-3.328139787383886,-5.155261039733887,0.6477574087657634,1.0493955612182617,0.08857478946447372,-3.3836534218478724,-6.232981204986572,0.6482357352837265,1.0611249208450317,1.9938757003729788,0.01253342245989305,9.269374318873027,7.105871200561523,0.8695072443819689,1.3997865915298462,-0.05541277635136188,-0.35320913791656494,0.77361130165386,1.1547070741653442,1.676512784896177,0.0,False,-0.6794169545173645,0.5814342498779297,-0.35320913791656494
372,IoBT_GUNFIRE,-5.0,-3.8088754325433856,-5.3564934730529785,0.8293552551697174,1.07283616065979,0.019038120284676552,-3.100871282770517,-5.584555149078369,0.8295054102008362,1.0717508792877197,1.8326069664317726,0.0,8.845143974067048,7.140718460083008,0.8612764516220195,2.027562141418457,3.8146192635870135,3.9171037673950195,0.8647934780131965,1.2346348762512207,1.3511066233990436,0.0,False,-0.029899507761001587,4.523699760437012,3.9171037673950195
373,IoBT_GUNFIRE,15.0,15.967795601263715,14.998607635498047,0.9604021871936974,2.6786584854125977,0.07403561472892761,14.958118124946262,14.332419395446777,0.9601901591259013,2.546980857849121,0.9137128748973589,0.0,20.57570529199272,19.853069305419922,0.985553291097163,2.999260902404785,13.350108750153629,13.94384479522705,0.9596235675687014,2.430629014968872,1.1183150626506198,0.0,False,14.756555557250977,15.103541374206543,13.94384479522705
374,IoBT_GUNFIRE,10.0,9.999999008987237,0.8590036034584045,0.5759108607610295,1.0632846355438232,0.13027726113796234,9.208573307991191,0.34425362944602966,0.5747503300002211,1.0711092948913574,0.8795274279194735,0.0020889037433155077,5.7244490600998805,4.982291221618652,0.5888376283177453,2.0551977157592773,8.628001238913823,2.74778151512146,0.5420911452332068,1.2399652004241943,1.2351486601737884,0.0,False,2.559676170349121,2.7862939834594727,2.74778151512146
375,IoBT_GUNFIRE,0.0,1.3064080752360065,-0.029412906616926193,0.8584362156494172,1.3641879558563232,0.10205372422933578,2.321371408109354,-0.03270629048347473,0.8575267966667588,1.356623649597168,1.2482312345040727,0.0,12.554863156446158,11.077033996582031,0.922084687369052,2.4006834030151367,4.305300372123395,5.72557258605957,0.9038551674899704,1.8548628091812134,1.426929974429635,0.0,False,3.6674065589904785,6.115236759185791,5.72557258605957
376,EXISTING_PROXY,5.0,5.554337849501886,5.053251266479492,0.8770059629228573,1.3513610363006592,0.1384255290031433,3.7115549357204958,2.249868631362915,0.8769031588825552,1.3933191299438477,1.1275822931213246,0.01044451871657754,7.941449302967331,9.448625564575195,0.918423894234477,1.8365004062652588,6.027412487124732,7.4943108558654785,0.9247613177452201,1.5648131370544434,1.282829202065037,0.008333333333333333,False,7.575125217437744,8.098615646362305,7.4943108558654785
377,EXISTING_PROXY,10.0,10.654306981208139,10.005279541015625,0.9350366975516041,1.4438774585723877,0.09204624593257904,10.353072884934232,9.22640609741211,0.934651532504298,1.4449470043182373,0.9287177554378451,0.004177807486631015,16.386653954852385,15.742077827453613,0.9844121971754928,3.110039710998535,7.659780953886665,13.017755508422852,0.9638616285196148,2.158710479736328,1.3654451745949754,0.0,False,14.155488967895508,13.641852378845215,13.017755508422852
378,IoBT_GUNFIRE,5.0,5.756735996933328,4.987496376037598,0.8883774494429587,1.0928921699523926,0.09043684601783752,6.243814849292808,4.611676216125488,0.8887565899679271,1.0923597812652588,1.0281390388739675,0.006266711229946525,13.991067532554084,13.517289161682129,0.91806632591868,1.9752137660980225,7.879901399301552,10.903233528137207,0.9258631186240177,1.3570553064346313,1.3064170824133938,0.0,False,12.424802780151367,12.197575569152832,10.903233528137207
379,IoBT_GUNFIRE,15.0,15.652922194179864,15.008918762207031,0.9552403510455648,1.965935230255127,0.07032056897878647,14.615340883817261,14.35479736328125,0.9552502880823588,1.9134838581085205,0.9105907263889235,0.0,21.818157618207422,21.29010009765625,0.9916714441067582,3.1593096256256104,11.253852984670626,13.925620079040527,0.9620504692824959,2.235555648803711,1.1997833406089247,0.0,False,15.17881965637207,15.141733169555664,13.925620079040527
380,IoBT_GUNFIRE,10.0,11.305437293865284,10.003806114196777,0.9334029682142748,1.7520302534103394,0.06515705585479736,9.764536645209382,7.791097164154053,0.9333147838582354,1.7490646839141846,0.9634780086894004,0.006266711229946525,16.18359945357884,15.151849746704102,0.9684033334275944,2.6045966148376465,10.257329783311446,10.631180763244629,0.9352635377243478,1.796598196029663,1.1777942810018893,0.0,False,10.870450973510742,11.213602066040039,10.631180763244629
381,IoBT_GUNFIRE,0.0,-7.956886507635419e-07,0.021059896796941757,0.8234102020280727,1.4502259492874146,0.08748887479305267,-0.24915043882179505,-1.2240016460418701,0.8226472009002126,1.4236235618591309,1.3582824191285183,0.01044451871657754,5.149310423112048,5.173458099365234,0.7739332059846841,1.6645238399505615,5.791586574355382,8.379827499389648,0.8989174443000426,2.0182149410247803,1.3042054607221045,0.0,False,6.5619282722473145,9.335086822509766,8.379827499389648
382,IoBT_GUNFIRE,10.0,11.2427263742261,9.976003646850586,0.8591986047158784,1.5778923034667969,0.13145343959331512,11.740452149612853,10.137709617614746,0.8588789279491345,1.5640335083007812,0.9300385710837998,0.0020889037433155077,13.702794606590754,12.586851119995117,0.8259496357528939,1.5519349575042725,11.023457672734889,13.200033187866211,0.8645205322744405,1.643824815750122,1.2208238322692562,0.075,False,16.127931594848633,15.164283752441406,13.200033187866211
383,IoBT_GUNFIRE,0.0,0.8611203922457343,-0.10409657657146454,0.8408852082194905,1.5587347745895386,0.04056774079799652,1.5168591844374022,-0.44045186042785645,0.8409696788817295,1.5704511404037476,1.265358531011738,0.0020889037433155077,6.396839821533905,8.30080509185791,0.8909784888063602,1.5053274631500244,6.08673320419096,8.078078269958496,0.8718449161106678,1.6120492219924927,1.3370538376873908,0.0,False,5.6020379066467285,10.713090896606445,8.078078269958496
384,EXISTING_PROXY,5.0,6.078533517353655,5.024064064025879,0.7455067857783377,1.1105234622955322,0.08519230037927628,6.116337374882922,4.143522262573242,0.7457569484245351,1.1177420616149902,1.0347877825607468,0.00835561497326203,15.139177879525922,14.323792457580566,0.8651287232831283,2.4169018268585205,7.62934066235589,12.482730865478516,0.8271001076337074,1.5743083953857422,1.381963364395508,0.0,False,12.739461898803711,13.192998886108398,12.482730865478516
385,IoBT_GUNFIRE,10.0,10.00000526351138,10.00728988647461,0.9036884420809264,1.4475096464157104,0.16584420204162598,9.585998256867489,9.190967559814453,0.9036107970613192,1.4230718612670898,0.9332528342123334,0.00835561497326203,7.596958768631744,9.66154956817627,0.9319493715541696,2.5943706035614014,7.330762489768999,12.419580459594727,0.9224252773521997,1.7458770275115967,1.334073278774504,0.022916666666666665,False,13.344536781311035,13.552114486694336,12.419580459594727
386,IoBT_GUNFIRE,10.0,11.306062513896206,10.016938209533691,0.9221727095060211,1.3529431819915771,0.02935904636979103,10.34277515142761,8.487800598144531,0.9222796770921333,1.3990517854690552,0.956414409426738,0.0020889037433155077,17.91659346518135,16.655536651611328,0.959468709629575,2.5132439136505127,9.869039399535929,11.902801513671875,0.9501884706062882,1.7597987651824951,1.2495862021035684,0.0,False,11.811403274536133,12.945672035217285,11.902801513671875
387,IoBT_GUNFIRE,20.0,21.305494262562664,20.005672454833984,0.9252853968208111,2.1254303455352783,0.10423943400382996,16.56793473898533,18.431272506713867,0.9249526372404957,2.117711305618286,0.8678892825689356,0.0,22.69130374706829,21.741241455078125,0.93838409252233,2.756730794906616,10.730135519887716,16.0902042388916,0.9546484536128902,2.9684360027313232,1.288181697174982,0.0,False,22.336118698120117,20.162567138671875,16.0902042388916
388,EXISTING_PROXY,15.0,15.043570764479831,15.004154205322266,0.9793167064016698,2.2483739852905273,0.08349094539880753,13.357985034969563,13.526991844177246,0.9796579798031472,2.251692295074463,0.9118967783490505,0.0020889037433155077,11.879101973620132,14.200552940368652,0.9835904573719673,2.7838294506073,9.416053057556375,12.816018104553223,0.9801184409381275,2.589635133743286,1.2314040080500595,0.0,False,15.041646003723145,15.682828903198242,12.816018104553223
389,EXISTING_PROXY,5.0,6.486273975626484,4.8507843017578125,0.799336314399175,1.390647530555725,0.01360982283949852,6.956344686172179,4.530753135681152,0.7986265884322021,1.4038724899291992,1.0099900230863679,0.0,8.703682680633836,7.061296463012695,0.8611111529467468,1.3963371515274048,7.7214569517423906,7.434036731719971,0.8475240243901863,1.492106318473816,1.2119428455245336,0.0,False,7.03546142578125,7.668667316436768,7.434036731719971
390,IoBT_GUNFIRE,15.0,16.36536053513218,15.00933837890625,0.9722986513928313,2.063080072402954,0.06067008152604103,16.032056551628102,15.493318557739258,0.9723302701108164,2.039405584335327,0.9049528848133215,0.0,17.06588531321571,17.09160614013672,0.9772387790486861,2.796433687210083,10.643319314366604,12.405048370361328,0.9706410245766482,2.0676114559173584,1.2248699893730268,0.0,False,14.99740982055664,14.51609992980957,12.405048370361328
391,IoBT_GUNFIRE,15.0,15.603056213633353,14.9989013671875,0.949086998777428,2.2252941131591797,0.026233399286866188,14.228496532054058,13.860036849975586,0.9489314170051482,2.2384045124053955,0.9184777793791092,0.0,20.085401687339225,19.657381057739258,0.9799362655620995,3.360593557357788,10.988391620505753,12.6011962890625,0.951243196076962,2.2829763889312744,1.1721932550092717,0.0,False,14.918865203857422,14.900236129760742,12.6011962890625
392,EXISTING_PROXY,5.0,5.64880849654612,4.965614318847656,0.5260152312356403,1.3416804075241089,0.04736204072833061,5.325535190662681,3.7990822792053223,0.5240452180780494,1.3446972370147705,1.0698515621381668,0.0020889037433155077,12.91410345870575,13.435897827148438,0.5930927325159392,3.232456922531128,9.063967783062772,11.038989067077637,0.592800049463031,1.9290781021118164,1.232540946201298,0.0,False,7.587514877319336,12.026060104370117,11.038989067077637
393,EXISTING_PROXY,-5.0,-4.999995775832144,-5.018369674682617,0.5319698533271136,1.061340093612671,0.10197313129901886,-4.10224528067656,-5.036081314086914,0.5320736068968792,1.0664135217666626,1.8401431742807581,0.01044451871657754,2.775349437173432,-0.05672860145568848,0.5840251159115659,1.0816866159439087,-2.8331549489796632,-2.9869470596313477,0.6717965534630655,1.1034616231918335,1.6984716462727758,0.0,False,2.3030543327331543,1.6602299213409424,-2.9869470596313477
394,IoBT_GUNFIRE,15.0,16.36455443003696,14.99885082244873,0.9554984838912063,1.776258945465088,0.03555315360426903,13.072911989942773,11.608789443969727,0.9554248990854692,1.7844685316085815,0.9150463170948122,0.0020889037433155077,18.72075913199765,17.541549682617188,0.9788391971881266,2.9285800457000732,10.189203959287818,13.936140060424805,0.9620188829893233,1.9021739959716797,1.2840955760645856,0.0,False,14.697269439697266,15.76980209350586,13.936140060424805
395,EXISTING_PROXY,0.0,-0.0020918280090886847,-0.8582383394241333,0.2864569200669749,1.1239393949508667,0.037621043622493744,-11.065483589364348,-13.60441780090332,0.2828488856631899,1.1174037456512451,3.6571794306511856,0.01044451871657754,1.1529263438904156,-4.359466075897217,0.2772158473890598,1.2022761106491089,7.668033488379903,8.727705001831055,0.25313797197010457,1.1660608053207397,1.2205333969934797,0.0,False,1.730035662651062,7.742610931396484,8.727705001831055
396,IoBT_GUNFIRE,15.0,15.505554917041602,14.996938705444336,0.928310560831882,1.5277743339538574,0.10384906828403473,13.30939590504185,12.942497253417969,0.9285929946538792,1.5373296737670898,0.9082338887188689,0.004177807486631015,19.209285368042096,18.781320571899414,0.9536905656232066,2.6398766040802,9.071471473533478,13.858503341674805,0.9353513840371073,1.8646972179412842,1.2956667459131286,0.0,False,15.337995529174805,15.217866897583008,13.858503341674805
397,IoBT_GUNFIRE,10.0,13.941776984140564,9.921923637390137,0.5346128208399358,1.730515480041504,0.04027084633708,14.36309444825312,9.965890884399414,0.5329194180283827,1.7141118049621582,0.9421278548548603,0.0,20.569463129531826,21.323659896850586,0.5635230341180888,3.2921619415283203,16.174865805836426,13.726578712463379,0.5762715264383711,2.1996703147888184,1.120278647961489,0.0,False,16.760046005249023,16.374906539916992,13.726578712463379
398,IoBT_GUNFIRE,5.0,6.189038913162235,5.0039286613464355,0.7249667164060233,1.6422803401947021,0.05882692709565163,5.501323835757691,3.2808804512023926,0.7233851943046143,1.6620879173278809,1.048129982812151,0.006266711229946525,21.96496765942838,21.232112884521484,0.8670791889705963,3.3611786365509033,8.87947439060472,14.053730010986328,0.8242992618429547,2.2719831466674805,1.3447181054796455,0.0,False,15.383930206298828,16.189016342163086,14.053730010986328
399,IoBT_GUNFIRE,5.0,6.076979469851934,4.9111104011535645,0.8210395316520944,1.186338186264038,0.16257552802562714,4.300537576687934,2.1805410385131836,0.8227035227857832,1.2319549322128296,1.07677767353702,0.014622326203208556,5.78334864068445,6.31573486328125,0.8906517826525674,1.794144868850708,8.007302541583774,9.136077880859375,0.8573576779045705,1.3409957885742188,1.250801886274363,0.0,False,9.916376113891602,10.262937545776367,9.136077880859375
400,IoBT_GUNFIRE,5.0,6.610166807785526,4.9828410148620605,0.8526882796746947,1.4021327495574951,0.0678834319114685,6.73316454150503,4.239018440246582,0.8515726709025968,1.4125171899795532,1.0452921429965363,0.0020889037433155077,13.10570588274021,11.226664543151855,0.8977305251360514,1.8792436122894287,9.668987204765934,9.540593147277832,0.8985612869023021,1.4577908515930176,1.1859794701486337,0.0,False,7.595584869384766,7.918917655944824,9.540593147277832
401,EXISTING_PROXY,5.0,5.756260406793132,4.986017227172852,0.8311068962055483,1.219406008720398,0.07831248641014099,5.8909336789789375,4.347997188568115,0.8312200011247324,1.2184906005859375,1.0471987293942786,0.004177807486631015,12.693994777184194,11.747298240661621,0.9200130304358962,2.284177541732788,7.7165379892221955,8.94135856628418,0.8964446164739661,1.697900652885437,1.238649687720552,0.0,False,9.350290298461914,9.729289054870605,8.94135856628418
402,IoBT_GUNFIRE,5.0,6.486589552440394,4.957054138183594,0.8626174675582045,1.193856120109558,0.0638265460729599,7.337727694371512,4.895491123199463,0.8625163390029386,1.1955982446670532,1.0035424502270422,0.0020889037433155077,14.803406344900836,13.372779846191406,0.926071673222126,1.790331482887268,6.642026062437537,9.026801109313965,0.9015137820172241,1.4710512161254883,1.3830286139531356,0.0,False,8.903486251831055,10.04449462890625,9.026801109313965
403,IoBT_GUNFIRE,10.0,13.27426829666799,10.006409645080566,0.9826270635714744,1.6169309616088867,0.058089520782232285,7.35642327150103,3.212585210800171,0.9826079677542925,1.6251288652420044,1.0807143092665532,0.01044451871657754,21.754141856041166,19.50960922241211,0.9817807726677273,3.2078583240509033,12.903128519974192,12.979026794433594,0.9782427729730246,1.8456096649169922,1.2226504560540916,0.0,False,10.452317237854004,16.108043670654297,12.979026794433594
404,EXISTING_PROXY,10.0,10.267642077375012,9.988187789916992,0.9355258589546737,1.2897318601608276,0.09286873787641525,7.115407345525865,6.142829895019531,0.9359591529569311,1.281400203704834,0.9956754721622921,0.01253342245989305,15.543173954938975,15.750359535217285,0.9619261065885735,2.379347324371338,8.760754088063111,10.740205764770508,0.951277427023105,1.36769700050354,1.21273081604914,0.0020833333333333333,False,10.42177677154541,11.550703048706055,10.740205764770508
405,IoBT_GUNFIRE,-5.0,-4.03211570003511,-5.147012710571289,0.7191240492978193,1.069340467453003,0.0671827495098114,-2.8694438209054027,-4.988296031951904,0.7180521516200683,1.0705634355545044,1.7838108425266956,0.0020889037433155077,5.724154717304851,3.1866953372955322,0.8218634806975851,1.1691675186157227,1.1216850673583258,-0.22571055591106415,0.8410795304805403,1.1627956628799438,1.370335053513898,0.0,False,2.809278726577759,2.0629591941833496,-0.22571055591106415
406,IoBT_GUNFIRE,15.0,15.965316717009204,15.00576400756836,0.897822090648384,1.822817087173462,0.05747123807668686,9.449708645900435,7.846798896789551,0.8980856789429842,1.7949519157409668,0.9716905007331084,0.006266711229946525,22.110558069892114,21.766944885253906,0.9790450072371781,3.6560862064361572,12.82756324703753,15.871334075927734,0.9406843813523046,2.079045057296753,1.1870814702807706,0.0,False,15.203595161437988,17.437705993652344,15.871334075927734
407,EXISTING_PROXY,0.0,1.5472992550384177,-0.026700450107455254,0.82913847600128,1.079576015472412,0.041238825768232346,1.7605150977829662,-0.8243576288223267,0.8297771390803125,1.0816789865493774,1.3148322347320465,0.004177807486631015,13.11073655672893,11.474796295166016,0.8834811133612346,1.6131751537322998,9.056901347065855,10.033740043640137,0.8958331219625592,1.3393962383270264,1.2490432774299842,0.0,False,11.072529792785645,10.391145706176758,10.033740043640137
408,IoBT_GUNFIRE,5.0,6.077734676055341,4.996049880981445,0.8943622145846214,1.3183367252349854,0.0759955421090126,4.5919245351371005,2.690497636795044,0.8941646733431754,1.3204443454742432,1.103074153767319,0.00835561497326203,17.962441083687192,16.907760620117188,0.9782799238140808,2.571845054626465,8.259101913263901,10.990034103393555,0.9500627847418521,1.8046085834503174,1.3053793197995323,0.0,False,12.138854026794434,12.435103416442871,10.990034103393555
409,IoBT_GUNFIRE,5.0,5.603263311038522,5.014405250549316,0.8389882818406061,1.3261916637420654,0.10500472784042358,5.967664406579595,4.543374538421631,0.8387008600351009,1.3176544904708862,1.0422127803107835,0.004177807486631015,8.118970451238742,8.245810508728027,0.7777681155340255,1.6537083387374878,10.525767031471771,11.482641220092773,0.8646331115882797,1.7232308387756348,1.154503905797408,0.0,False,5.523263931274414,11.310171127319336,11.482641220092773
410,IoBT_GUNFIRE,15.0,15.000023284674421,15.01823902130127,0.9679102294002424,1.9359638690948486,0.10559241473674774,11.52453281468434,11.259556770324707,0.9695226581572098,1.9042848348617554,0.9288363473747016,0.004177807486631015,8.444666252305788,10.802122116088867,0.9323181253961799,1.9262762069702148,12.410625438442944,13.41808795928955,0.9536466171272007,1.7193868160247803,1.095706220960994,0.0,False,15.137835502624512,15.923651695251465,13.41808795928955
411,IoBT_GUNFIRE,0.0,2.594710911564685,0.0003944842319469899,0.9805850901347284,2.152761459350586,0.036954592913389206,3.0733607001158445,-0.3993091583251953,0.980538565336056,2.2011382579803467,1.3015068352691064,0.004177807486631015,27.784231323897096,26.128599166870117,0.9856904167964704,2.8674066066741943,12.278976801524148,11.817298889160156,0.9768511143371005,2.643517017364502,1.1826187545042879,0.0,False,8.499286651611328,12.732014656066895,11.817298889160156
412,EXISTING_PROXY,15.0,15.753658314199441,14.993386268615723,0.7559523930961112,2.064410448074341,0.060474712401628494,11.491182195560407,10.39283561706543,0.7591946241173904,2.0805716514587402,0.9359778651038679,0.0020889037433155077,8.787243080686396,9.759379386901855,0.7537846548570104,1.7743910551071167,11.269668502057256,13.5139741897583,0.7639117080188552,1.9482994079589844,1.193328327291758,0.0,False,15.410618782043457,15.806861877441406,13.5139741897583
413,IoBT_GUNFIRE,-5.0,-4.494807403122325,-5.044373989105225,0.7380859724305908,1.0763843059539795,0.033455297350883484,-3.5951325725682426,-5.2418670654296875,0.7402247630209297,1.0770914554595947,1.8299406032911325,0.0,12.047627285028353,11.505704879760742,0.9465828569798653,1.8734025955200195,5.84190619939135,8.104948997497559,0.8667087477380421,1.2877604961395264,1.3289116959581158,0.0,False,3.2523109912872314,6.232571601867676,8.104948997497559
414,IoBT_GUNFIRE,5.0,6.19031635613517,5.007602691650391,0.8948883218242758,2.1178064346313477,0.021750986576080322,4.9763932149020915,3.0363070964813232,0.8940945898885835,1.6193468570709229,1.0942075749532938,0.0020889037433155077,14.900743740431759,16.333826065063477,0.9553338118307593,3.056267261505127,11.242673812888693,11.358619689941406,0.9387227256523352,1.8558838367462158,1.140377751289878,0.0,False,7.878447532653809,12.44759464263916,11.358619689941406
415,IoBT_GUNFIRE,10.0,10.504695685974998,9.98751449584961,0.9088657769058859,1.6270554065704346,0.0884934589266777,8.24617171549423,6.9181671142578125,0.9104744706170267,1.6392796039581299,0.9320421091952561,0.006266711229946525,2.8437679470528163,-0.2629444897174835,0.8372217284327145,1.1837116479873657,8.576436461756623,8.787369728088379,0.9119973180752926,1.8353784084320068,1.13764615939405,0.0,False,9.94048023223877,11.062400817871094,8.787369728088379
416,EXISTING_PROXY,15.0,17.005214733729307,15.012425422668457,0.9779769235806077,2.3836941719055176,0.08068530261516571,12.962296536761773,10.636428833007812,0.978051266392118,2.2410671710968018,0.935699918513313,0.006266711229946525,10.720562230247028,12.773721694946289,0.9749588504554636,3.31209135055542,11.459541791738337,14.418161392211914,0.9802800024627208,2.8617265224456787,1.2625673966768076,0.0,False,14.995412826538086,15.630735397338867,14.418161392211914
417,IoBT_GUNFIRE,5.0,6.306703151676761,5.004106044769287,0.9580663885859491,1.670280933380127,0.044587042182683945,7.074855142428207,4.959274768829346,0.9579513784505949,1.625208854675293,1.0279601754446643,0.0,18.065683457299624,16.843647003173828,0.9604283578097649,1.779071569442749,8.980158664576072,10.815040588378906,0.960679840251711,1.8854155540466309,1.268075674673527,0.0,False,12.106182098388672,11.984870910644531,10.815040588378906
418,IoBT_GUNFIRE,-5.0,-4.685141630436261,-4.973573684692383,0.8307740872170434,1.0568338632583618,0.023071695119142532,-3.9569751558367807,-5.374522686004639,0.8301156619545774,1.0564513206481934,1.8464134515512836,0.0,9.8308238475183,11.390865325927734,0.8996527485023762,2.5405662059783936,5.974004078702601,9.620889663696289,0.8530176749787306,1.7509673833847046,1.365810130820187,0.0,False,2.9086482524871826,10.520342826843262,9.620889663696289
419,EXISTING_PROXY,10.0,10.859174010827559,10.102639198303223,0.8229749085207282,1.7946528196334839,0.09288182854652405,11.213116986569167,9.960151672363281,0.8235655029959208,1.8027160167694092,0.9370745978985406,0.0,7.002497846584403,7.005127906799316,0.8415667721772728,1.6047413349151611,6.8639675017894595,10.944095611572266,0.8755364768539636,1.9496238231658936,1.3820897383372714,0.0,False,10.69180965423584,12.437263488769531,10.944095611572266
420,IoBT_GUNFIRE,5.0,5.131674053258422,4.983304500579834,0.8275185775935845,1.3615034818649292,0.07783874124288559,5.098091950863909,4.089227199554443,0.826849307379335,1.3631629943847656,1.0444894579820618,0.004177807486631015,8.908911967216518,9.521648406982422,0.8476426336190899,1.4425268173217773,4.90452403891137,6.662159442901611,0.8381956519858091,1.3869661092758179,1.3016132629068244,0.0,False,5.8888092041015625,7.075435638427734,6.662159442901611
421,IoBT_GUNFIRE,10.0,10.40905084708728,9.90749740600586,0.9198676136928741,1.4658883810043335,0.11299771070480347,10.517497309403518,9.770296096801758,0.9195834653321571,1.4640535116195679,0.8969195597381591,0.0,5.377151633176972,4.105926036834717,0.8107132124845968,1.25223970413208,7.971727466197681,10.414796829223633,0.9399999124781293,1.692749261856079,1.260655253667922,0.0,False,10.53060531616211,11.122676849365234,10.414796829223633
422,IoBT_GUNFIRE,10.0,11.023219570701784,10.003894805908203,0.8267418232310012,1.1587748527526855,0.06413381546735764,8.516317748068964,7.017285346984863,0.826135397110621,1.1474581956863403,0.9551682795820946,0.00835561497326203,18.412073096586628,17.719459533691406,0.9379443742876337,2.7650997638702393,8.676775475626886,13.036582946777344,0.9077832361915722,1.790107011795044,1.328565873097958,0.0,False,15.967272758483887,15.229935646057129,13.036582946777344
423,IoBT_GUNFIRE,15.0,16.925492555177716,14.9992094039917,0.9100413407442285,2.08742356300354,0.04174966737627983,5.437635158134196,2.8978922367095947,0.9094031273230491,1.923438310623169,1.079932151548222,0.006266711229946525,22.36183414017947,20.725603103637695,0.9738037242276234,2.935844659805298,12.576176398747894,14.185274124145508,0.9402735698034383,2.2347190380096436,1.2035815498439428,0.0,False,14.660869598388672,14.938482284545898,14.185274124145508
424,EXISTING_PROXY,15.0,17.362090232251933,14.997161865234375,0.8957505431485776,3.5438578128814697,0.031029947102069855,14.502110493786358,12.130670547485352,0.8952108008394066,3.5449769496917725,0.9172142898951752,0.0,22.257788241642462,20.617189407348633,0.9224092943268586,3.1693413257598877,13.3916803404644,13.272789001464844,0.9125112862723672,3.2569563388824463,1.1614998537353434,0.0,False,16.97979736328125,17.13815689086914,13.272789001464844
425,EXISTING_PROXY,5.0,5.221745985133978,4.988006114959717,0.8585345572240636,1.5243415832519531,0.048723600804805756,0.7177890046974673,-0.16761288046836853,0.8579792595412418,1.493290901184082,1.2803544756241518,0.006266711229946525,10.932873040463075,11.408288955688477,0.8909839273053163,1.72609543800354,9.173969004400712,9.653097152709961,0.9092083398263039,2.228750705718994,1.1215205129854402,0.0,False,10.426796913146973,10.835899353027344,9.653097152709961
426,IoBT_GUNFIRE,10.0,10.13166617088011,9.947543144226074,0.8918615406013976,1.937156319618225,0.032799966633319855,10.003203773271206,9.40859603881836,0.8914037492623049,1.932228922843933,0.9156619478846587,0.0,8.102365454945572,8.73825740814209,0.8864384697581668,1.8902108669281006,9.157200473561158,10.292576789855957,0.900395770732358,1.9462354183197021,1.1555137029717932,0.0,False,9.730969429016113,10.647832870483398,10.292576789855957
427,EXISTING_PROXY,-5.0,-4.999999818974877,-4.810800075531006,0.6729172520329387,1.0438809394836426,0.09429121017456055,-4.0617645981177395,-4.848947048187256,0.6721404753010815,1.0446609258651733,1.8463641985309625,0.004177807486631015,4.7196651511442695,3.46162748336792,0.8216109391783123,1.269473671913147,-0.637641514083469,-2.522068500518799,0.7533991315079096,1.0555628538131714,1.330175103703699,0.0,False,-2.458221435546875,-1.459256649017334,-2.522068500518799
428,EXISTING_PROXY,10.0,10.1759661008842,9.996342658996582,0.8404616807731441,1.8486219644546509,0.0359828807413578,8.65181129550011,7.821601867675781,0.8434538016534383,1.8780791759490967,0.9296653692006126,0.0020889037433155077,5.049717025196339,4.267298698425293,0.8601855470416834,1.3381993770599365,8.746595967051169,9.655529975891113,0.8976080010266855,2.1315038204193115,1.1532683537694737,0.0,False,10.415029525756836,11.297029495239258,9.655529975891113
429,EXISTING_PROXY,5.0,5.000000835337525,4.887197494506836,0.8031345125756992,1.2859052419662476,0.17747031152248383,5.363666635911689,4.455041408538818,0.8041307492756413,1.2849953174591064,1.0239192279632967,0.014622326203208556,5.307872820518664,7.075405120849609,0.8803486188595475,1.774237036705017,5.568719304568472,8.030570983886719,0.8942012912569353,1.610458493232727,1.3056094595635885,0.06458333333333333,False,6.72367000579834,7.96711540222168,8.030570983886719
430,IoBT_GUNFIRE,5.0,5.002920625899678,-0.12519076466560364,0.6712917317270921,1.2768608331680298,0.04364555701613426,4.784219821206467,-0.9634721875190735,0.6702770129901643,1.3005784749984741,1.0014330375968232,0.0020889037433155077,0.8190642803416837,0.15793409943580627,0.6227497122423171,1.065537452697754,7.742244606447444,3.0635900497436523,0.7155692463256829,1.2752141952514648,1.1929180970315396,0.0,False,3.587954044342041,3.4900903701782227,3.0635900497436523
431,EXISTING_PROXY,20.0,20.505068747700935,19.987756729125977,0.9820004330724519,2.0321085453033447,0.08834557980298996,16.08617187872783,19.183086395263672,0.9821043826233108,2.0470094680786133,0.8688725692558732,0.0,20.098018595256644,20.13068199157715,0.9924248450419421,3.198775291442871,7.376587599736326,14.293356895446777,0.9822453807885843,2.40527606010437,1.3937677350238171,0.0,False,20.041200637817383,17.43433380126953,14.293356895446777
432,IoBT_GUNFIRE,5.0,6.670275413872658,4.953773021697998,0.8087278192247087,1.5165436267852783,0.0588456355035305,6.257108719338853,3.586357593536377,0.8087376158458396,1.5448312759399414,1.0396538551367582,0.006266711229946525,8.734700627478746,9.171801567077637,0.8157119841405646,1.3642832040786743,7.267233718035707,8.200658798217773,0.7795142161696581,1.512391209602356,1.3116640509157984,0.0,False,5.111686706542969,7.599583148956299,8.200658798217773
433,IoBT_GUNFIRE,10.0,9.999991472684401,9.991212844848633,0.8836501101110034,1.5322699546813965,0.09751927852630615,5.29886200626764,4.512681007385254,0.88391335186995,1.5484566688537598,1.0412346859184038,0.01253342245989305,4.924281635198459,6.013996124267578,0.7981707933297836,1.3405511379241943,7.5700188597221505,9.955375671386719,0.8768143908216139,1.8300261497497559,1.2414979555393064,0.0,False,12.526885986328125,13.350838661193848,9.955375671386719
434,IoBT_GUNFIRE,10.0,10.804652088767144,10.026549339294434,0.8950208839493305,1.9513213634490967,0.0838039219379425,9.705607326651997,8.32689380645752,0.8946475124428359,1.9119040966033936,0.9603257373516713,0.00835561497326203,11.317769623030461,12.593063354492188,0.9013061218026518,2.39707350730896,11.350830384690816,11.281904220581055,0.9005693713219873,2.234966278076172,1.1022012256858174,0.0,False,10.357995986938477,12.650976181030273,11.281904220581055
435,IoBT_GUNFIRE,10.0,12.071367758468698,9.996108055114746,0.7671426935265409,1.3579528331756592,0.08348236232995987,12.492400863563313,10.09941577911377,0.7668979951991185,1.3661906719207764,0.9161362047257939,0.0,11.096409522160606,10.476726531982422,0.8108589995750548,1.4529762268066406,9.167110484041084,11.684127807617188,0.7966479396049772,1.5505412817001343,1.3304940871690434,0.0,False,13.326196670532227,13.124048233032227,11.684127807617188
436,IoBT_GUNFIRE,5.0,5.090139613332944,-7.605266094207764,0.4258922876670483,1.01914381980896,0.06169550120830536,5.888857471291996,-7.741868019104004,0.4245435923421884,1.0219839811325073,0.9529060059344753,0.0,0.4193570767452489,-12.702552795410156,0.3721483804634921,1.0594768524169922,6.800070560098924,-5.056483745574951,0.426346866127009,1.0222053527832031,1.2559049640833297,0.0,False,-4.607893943786621,-3.920203447341919,-5.056483745574951
437,IoBT_GUNFIRE,0.0,0.8602473753870625,0.0667705088853836,0.8325212243152376,1.1551433801651,0.10022815316915512,1.1495116021682457,-0.6084651350975037,0.8345296973757811,1.1809208393096924,1.3128808983158438,0.004177807486631015,8.254787900882977,7.0902099609375,0.846325010170571,1.4319677352905273,3.9302997370049653,5.771492004394531,0.8990770630675695,1.397247552871704,1.4219526175381672,0.0,False,5.316521644592285,6.5782551765441895,5.771492004394531
438,IoBT_GUNFIRE,10.0,9.999946623945368,3.8712668418884277,0.7931291039883619,2.5054056644439697,0.14029420912265778,9.658022346595859,3.807620048522949,0.7930055453037227,2.372117042541504,0.885236179407997,0.0,9.164780114777214,3.8955159187316895,0.7941456823460846,2.712571859359741,7.898420487328717,3.741342544555664,0.7775234951056063,2.0841569900512695,1.2528785072572899,0.0,False,3.5985586643218994,3.5748887062072754,3.741342544555664
439,IoBT_GUNFIRE,15.0,15.132153074953138,14.998173713684082,0.9106768754499218,1.7896696329116821,0.19808362424373627,12.235954411166583,12.012979507446289,0.9100880290573966,1.715324878692627,0.9166260643258783,0.01044451871657754,8.105055587142447,12.87350845336914,0.9424046962226632,3.2318460941314697,10.077178012413022,14.813032150268555,0.9420480426077052,2.7673356533050537,1.2471678659988201,0.08541666666666667,False,18.530906677246094,18.50323486328125,14.813032150268555
440,IoBT_GUNFIRE,5.0,5.3611008480250755,5.009829521179199,0.7885850988069751,1.1712937355041504,0.04015038162469864,5.9765529862063085,4.797192573547363,0.7883124720328004,1.1703433990478516,1.0309136216624193,0.0,10.905524736708948,10.544800758361816,0.9367451832526038,1.8966312408447266,9.52333633098156,12.446599006652832,0.9093249966136311,1.3766239881515503,1.2321852070487662,0.0,False,13.379569053649902,13.063028335571289,12.446599006652832
441,EXISTING_PROXY,0.0,2.004577469356773,0.004760925192385912,0.9367243740370753,1.1025755405426025,0.02455316111445427,1.495139547544582,-1.0225924253463745,0.9024644527395359,1.0980268716812134,1.3584645450322348,0.004177807486631015,13.608423796751751,11.699967384338379,0.9606552252393658,1.9752137660980225,2.3512875731306697,1.4312703609466553,0.9421392983440581,1.411408543586731,1.4731712392940837,0.0,False,0.8259391188621521,1.0445599555969238,1.4312703609466553
442,IoBT_GUNFIRE,15.0,15.221867657835793,14.99908447265625,0.9142158976077481,2.176081657409668,0.1334167718887329,13.139340125806239,13.411985397338867,0.9140631076551285,2.1912436485290527,0.8908324119594075,0.00835561497326203,2.701318960302821,1.844435214996338,0.7190676345521231,1.1638238430023193,9.049113118761557,8.859140396118164,0.9022880358559612,1.8563047647476196,1.0668885918898257,0.0,False,15.130146026611328,14.053861618041992,8.859140396118164
443,IoBT_GUNFIRE,15.0,15.75625002836719,15.000835418701172,0.9614391193109215,1.7261223793029785,0.08661311119794846,6.990995067177459,5.441211700439453,0.9612514346204741,1.6834797859191895,1.0155601070520983,0.00835561497326203,21.780550481968707,21.611717224121094,0.989431264702361,3.2706196308135986,10.284901942172011,14.224336624145508,0.9675055972592597,2.1772351264953613,1.2555244757111228,0.0,False,15.507049560546875,18.58900260925293,14.224336624145508
444,IoBT_GUNFIRE,10.0,10.360123773409597,10.033037185668945,0.891790280447918,1.9263572692871094,0.08003689348697662,8.204750341312977,7.072987079620361,0.8921851409721652,1.9589377641677856,0.9444571444926402,0.00835561497326203,6.080870827945289,5.026612281799316,0.8561150889144612,1.6580612659454346,9.167728464674703,9.930447578430176,0.902604111197083,1.8891253471374512,1.1511447732887985,0.0,False,9.976985931396484,9.954193115234375,9.930447578430176
445,IoBT_GUNFIRE,5.0,6.924532777577154,5.040933609008789,0.7377087541105979,1.345521092414856,0.1209355890750885,7.61302163100739,4.894792556762695,0.7380758641991677,1.349481225013733,1.0269189767840439,0.006266711229946525,16.368536140905675,14.759498596191406,0.8472756542777232,1.804964542388916,10.014961172075136,10.432123184204102,0.854359420087789,1.575730800628662,1.2263000271091575,0.05833333333333334,False,12.574607849121094,12.805635452270508,10.432123184204102
446,IoBT_GUNFIRE,20.0,20.554459439812362,20.00855255126953,0.9673842612698421,3.29799747467041,0.060522180050611496,12.623480416247215,12.038346290588379,0.967214624075158,3.1846094131469727,0.9177129234084451,0.006266711229946525,24.12307842126609,24.446063995361328,0.9948203296148309,4.183526515960693,8.738729763473566,14.66911792755127,0.967986106592198,3.606559991836548,1.3281891561621,0.0,False,19.595951080322266,18.792930603027344,14.66911792755127
447,IoBT_GUNFIRE,-5.0,-3.453814495681902,-4.985419750213623,0.8140633015084201,1.2004886865615845,0.02320965938270092,-2.001582957691425,-4.576391696929932,0.8132902469745603,1.1935226917266846,1.7526344370789888,0.0,11.793065379796337,10.218144416809082,0.8733455381191987,1.7726585865020752,-0.45390008553700056,0.399526983499527,0.8660401183370687,1.31986403465271,1.7757233115109956,0.0,False,-4.046911239624023,-1.148886799812317,0.399526983499527
448,IoBT_GUNFIRE,10.0,10.043396730338333,10.046387672424316,0.8483033878705577,1.4759345054626465,0.10232499241828918,7.8629006269859,7.139852046966553,0.8479762946978836,1.4122257232666016,0.9760849795027837,0.01253342245989305,7.15424110706519,10.606353759765625,0.8719897309490574,1.8910425901412964,7.338217877905525,9.833869934082031,0.8592181580264256,1.7598345279693604,1.255543432366517,0.0,False,10.805488586425781,11.112842559814453,9.833869934082031
449,IoBT_GUNFIRE,5.0,4.9999924068301125,5.087311267852783,0.6509116894013313,1.3110053539276123,0.06735599040985107,5.327063744152259,4.174586296081543,0.6493581597909467,1.2903714179992676,0.9857226542155781,0.006266711229946525,0.3303361311494051,-10.672222137451172,0.605579429165545,1.0814614295959473,4.816596770173186,3.0892386436462402,0.7225292169927189,1.3559443950653076,0.7980698914065695,0.0,False,3.4278013706207275,1.8461393117904663,3.0892386436462402
450,IoBT_GUNFIRE,20.0,24.433947967920354,20.01497459411621,0.9900306931492967,3.5686120986938477,0.062113527208566666,21.65379341556082,19.532798767089844,0.990055149015891,3.5904011726379395,0.905573969383328,0.0,19.58857354516648,17.87198829650879,0.983757008020589,3.0786187648773193,21.89483298064973,18.139253616333008,0.9867518245445613,3.4766268730163574,1.0455806669119754,0.0,False,20.00249481201172,19.714303970336914,18.139253616333008
451,IoBT_GUNFIRE,10.0,11.133974090897611,10.077520370483398,0.957528096403895,2.210453510284424,0.08155002444982529,10.804549525226943,9.178557395935059,0.9572445358031813,2.0726444721221924,0.9545402075442211,0.004177807486631015,16.802245377809744,15.6575345993042,0.9830823920813749,2.811954975128174,10.395676709342133,10.420269966125488,0.9610202170444233,2.2183282375335693,1.1453898464474765,0.0,False,10.227476119995117,10.530442237854004,10.420269966125488
452,IoBT_GUNFIRE,15.0,16.365143803995927,14.989423751831055,0.9278668992834858,2.2479352951049805,0.02589558996260166,9.985355261118608,7.953120231628418,0.9275195576661488,2.2883799076080322,0.9545228814593598,0.0020889037433155077,12.340677794422117,10.661702156066895,0.9606263247440662,2.322309970855713,9.655697629003813,11.894149780273438,0.9338654455523702,2.3697829246520996,1.2649735099055064,0.0,False,15.60204029083252,13.542097091674805,11.894149780273438
453,IoBT_GUNFIRE,5.0,6.134336938467845,4.9729461669921875,0.8774651750571493,1.3384610414505005,0.031007062643766403,6.951068401422123,4.990419864654541,0.8775582538610343,1.3413922786712646,1.0150948046559034,0.0,13.948182963498919,13.293695449829102,0.9504800904368811,2.5507733821868896,8.43542875107167,9.58329963684082,0.9219490533902659,1.6527976989746094,1.2440516611057328,0.0,False,11.216392517089844,11.587191581726074,9.58329963684082
454,IoBT_GUNFIRE,0.0,0.8082582698160413,0.05160852521657944,0.8249139077080576,1.121263861656189,0.06506290286779404,2.041907816356228,0.28073105216026306,0.8242219821137005,1.1252379417419434,1.2354008946031754,0.0,12.393375020260962,11.66455364227295,0.8916071577196096,2.217175006866455,6.593636045293506,8.787518501281738,0.8913730948508328,1.3890767097473145,1.323386653898958,0.0,False,11.422128677368164,10.871705055236816,8.787518501281738
455,IoBT_GUNFIRE,0.0,0.0014338513862113735,-2.8152222633361816,0.7004832430222055,1.0764570236206055,0.09362450987100601,0.8309444185756354,-2.9606871604919434,0.699633226838568,1.0859375,1.24057138035458,0.00835561497326203,2.801007476168838,6.171238422393799,0.7169931834535049,1.4076673984527588,2.117748510151122,1.248445749282837,0.7644616363029431,1.1393007040023804,1.4559153684674766,0.0,False,-0.06966062635183334,1.6161928176879883,1.248445749282837
456,IoBT_GUNFIRE,15.0,15.553658871419266,14.995360374450684,0.9356943046516859,2.3980553150177,0.08261716365814209,13.022709848693474,12.48330020904541,0.9353748390889067,2.300554037094116,0.9140946933595008,0.0020889037433155077,17.21047709910779,16.825605392456055,0.9050860402596951,2.3079288005828857,10.775284456715486,14.561235427856445,0.932632421065596,2.505478858947754,1.23036746440155,0.0,False,15.17381477355957,16.20639991760254,14.561235427856445
457,EXISTING_PROXY,20.0,20.553984133365763,20.007823944091797,0.9771240591162138,2.8446242809295654,0.033149126917123795,12.468339504140445,11.84912109375,0.9771638831370066,2.734199285507202,0.9217997844111087,0.0020889037433155077,18.7606659852172,18.32117462158203,0.9737459344947509,3.2454769611358643,9.936709114371213,14.4502592086792,0.9764474464498217,3.0851211547851562,1.2664740413353264,0.0,False,20.152755737304688,19.036767959594727,14.4502592086792
458,IoBT_GUNFIRE,5.0,5.132118729205029,4.992962837219238,0.9215579493799306,2.2656164169311523,0.02463086135685444,5.678260532761569,4.488649845123291,0.9211226239348537,2.218383550643921,0.9943104463949932,0.0,2.0545426963344084,-0.47501569986343384,0.7148723412978758,1.1993046998977661,9.143130132857294,9.469748497009277,0.9365326351576451,2.2945003509521484,1.1033336828955258,0.0,False,5.299675464630127,10.96500015258789,9.469748497009277
459,IoBT_GUNFIRE,10.0,10.45627240640554,9.9946870803833,0.8971924122450086,1.2676782608032227,0.07566111534833908,10.707451046735176,9.898452758789062,0.8967023752863127,1.2724461555480957,0.9170453822616306,0.0,17.39697525262386,17.13702964782715,0.9646761857052101,2.694216251373291,6.374627144809949,10.611419677734375,0.9416492870693757,1.6113992929458618,1.3786967629798905,0.0,False,11.073683738708496,11.136421203613281,10.611419677734375
460,IoBT_GUNFIRE,5.0,7.834623206031479,4.999293804168701,0.8118692064695969,2.349895715713501,0.04738128185272217,8.59188814438725,4.915764808654785,0.8108518184802177,2.2740249633789062,1.0288625117157981,0.0,25.284898454700922,22.947710037231445,0.8356052382239934,2.660139560699463,12.897117657802522,11.360626220703125,0.8159545751585706,2.2945804595947266,1.1398256477488877,0.0,False,5.293168067932129,7.064304351806641,11.360626220703125
461,IoBT_GUNFIRE,-5.0,-3.8655361348915407,-5.101894378662109,0.6895586912221419,1.0547558069229126,0.04872983694076538,-2.7869822682530594,-5.071934700012207,0.6897774166053897,1.0622053146362305,1.7899315296335865,0.004177807486631015,6.843999591678598,4.695036888122559,0.8396003954634043,1.3056226968765259,-1.4098370201864885,-1.4095935821533203,0.827049841883705,1.0925681591033936,1.75031834566986,0.0,False,-2.0277352333068848,-0.5756655931472778,-1.4095935821533203
462,IoBT_GUNFIRE,10.0,12.003712409248111,9.962462425231934,0.9224359917200727,1.5052170753479004,0.06049008667469025,11.19479297503741,8.625683784484863,0.9221076327383426,1.4911937713623047,0.9476221212110396,0.004177807486631015,16.944237046575903,16.061790466308594,0.9659154653765988,3.079124927520752,10.944037556789448,11.736299514770508,0.9458378337135928,1.6517467498779297,1.2226354278511629,0.0,False,13.438457489013672,13.817448616027832,11.736299514770508
463,IoBT_GUNFIRE,5.0,5.268283420487945,5.126928806304932,0.8407447174735028,1.088759422302246,0.08990886062383652,6.2527751091064925,5.227712631225586,0.8415482680474359,1.093441128730774,1.0251241839674572,0.0020889037433155077,12.573357509096617,12.079757690429688,0.9198812979273541,2.0976967811584473,4.537842586222755,7.588244438171387,0.8803427510688698,1.219264030456543,1.3978884480836167,0.0,False,6.48244571685791,7.390920639038086,7.588244438171387
464,IoBT_GUNFIRE,15.0,16.86942768485219,14.988428115844727,0.9586775972597726,1.690758228302002,0.0555153414607048,15.345704094225873,14.218164443969727,0.9586823576949527,1.6958518028259277,0.8904007221313798,0.0,21.068757645961313,19.8901424407959,0.9930355968553908,3.046287775039673,9.699396931492657,13.614712715148926,0.9726498669768461,1.8187448978424072,1.329832545339151,0.0,False,15.422050476074219,17.22130584716797,13.614712715148926
465,EXISTING_PROXY,5.0,6.673281404793228,4.918560981750488,0.7908382032152288,1.177211046218872,0.07573182135820389,-2.6310840101343542,-5.105554580688477,0.7899046740518801,1.2485142946243286,1.8317852084634592,0.01044451871657754,12.59930728666415,11.34145736694336,0.8815425214339051,2.5641448497772217,9.412374969163833,9.141088485717773,0.8686290227447416,1.5112040042877197,1.18840180364586,0.0,False,6.463601112365723,9.420364379882812,9.141088485717773
466,EXISTING_PROXY,5.0,5.086930755548621,4.9218244552612305,0.8961846383839039,1.796450138092041,0.13977958261966705,1.9345965936028864,1.171363353729248,0.8957347807927,1.6332511901855469,1.1890330074510886,0.01880013368983957,5.7624593732105325,5.13552188873291,0.7849235166161939,1.1481480598449707,7.069453982594709,7.337507247924805,0.9125375843123229,2.171344041824341,1.129760279199085,0.014583333333333335,False,5.608138561248779,8.25953483581543,7.337507247924805
467,IoBT_GUNFIRE,-10.0,-9.995614559304267,-10.312043190002441,0.43721496868464765,1.0438790321350098,0.01945125311613083,-9.024079912986036,-10.195940017700195,0.4351769132615129,1.0456875562667847,2.8924517722212015,0.0,1.150629977380246,-4.327089309692383,0.4986831489144667,1.0968785285949707,-1.136039417593686,-14.200819969177246,0.40725758324926536,1.0468032360076904,0.8310202460200308,0.0,False,-6.942584991455078,-11.123381614685059,-14.200819969177246
468,EXISTING_PROXY,15.0,16.672206461872612,15.053133964538574,0.9945600612060181,1.576338768005371,0.07803018391132355,15.844330614925557,14.791436195373535,0.9945057931196343,1.5744229555130005,0.9078041064413133,0.0,9.76073408309485,15.656570434570312,0.9787633076574119,3.3478190898895264,13.339920521547938,16.877723693847656,0.9882098040396993,3.1775920391082764,1.2078816063291167,0.0,False,30.173843383789062,25.39361000061035,16.877723693847656
469,IoBT_GUNFIRE,10.0,11.021900752406635,9.979307174682617,0.8542291355745018,1.4813510179519653,0.057175613939762115,5.815069342889437,3.8107357025146484,0.8553861637756162,1.547384262084961,1.0330179207908299,0.00835561497326203,8.548120091524302,9.55337142944336,0.890095348803803,1.8536176681518555,7.265451193029788,10.321525573730469,0.886744634023324,1.6186974048614502,1.347105352239268,0.0,False,10.755130767822266,11.323037147521973,10.321525573730469
470,EXISTING_PROXY,0.0,1.3823393814197498e-05,-0.007917188107967377,0.7659444636845241,1.3215116262435913,0.09206992387771606,0.3954073961282466,-0.5500820279121399,0.7668889226884642,1.3248119354248047,1.3037545031778328,0.01044451871657754,7.481933846109929,6.845253944396973,0.8342092391214904,1.150619387626648,0.7832182853038816,1.7893980741500854,0.8207325623081376,1.4341691732406616,1.4363025626068926,0.0,False,0.8896471261978149,1.518147587776184,1.7893980741500854
471,EXISTING_PROXY,5.0,6.362197248372389,5.020080089569092,0.8355139206860784,1.50210702419281,0.057891204953193665,6.839452781192841,4.718660831451416,0.8367023484864621,1.5119774341583252,1.0387609846057795,0.0020889037433155077,11.758551505196698,10.415319442749023,0.9080916339591603,1.6989870071411133,10.147192452051037,9.705796241760254,0.92034418082757,1.8851313591003418,1.1391623035480383,0.0,False,11.23321533203125,11.26610279083252,9.705796241760254
472,IoBT_GUNFIRE,0.0,1.0755024832411266,-0.058292753994464874,0.8424072286874535,1.2098292112350464,0.08174450695514679,1.7462160438985523,-0.472391813993454,0.8449547953353584,1.3756682872772217,1.2667004964836432,0.00835561497326203,11.496905012710775,10.039966583251953,0.9028806425922454,1.569873332977295,5.056537175573206,6.043301105499268,0.899248187533865,1.517293930053711,1.3428722591947095,0.0,False,5.963515758514404,6.439319133758545,6.043301105499268
473,IoBT_GUNFIRE,15.0,14.999937905056948,14.998878479003906,0.9725806507998154,2.495927333831787,0.05389973148703575,8.926808038796823,8.366872787475586,0.9732526002084152,2.4928793907165527,0.9558451030919984,0.006266711229946525,9.572793220623785,10.607043266296387,0.9456325659110455,2.18080735206604,11.419356299355467,12.158926010131836,0.960969997725924,2.816117525100708,1.0924752841269345,0.0,False,14.947502136230469,14.985904693603516,12.158926010131836
474,IoBT_GUNFIRE,-10.0,-8.810261339838107,-10.163212776184082,0.6431024470482689,1.1110680103302002,0.02936631813645363,-7.537836652594923,-9.877073287963867,0.6419225405568562,1.110374927520752,2.867154518578993,0.0,2.4159821767089755,-4.443610191345215,0.4360507580071759,1.0501233339309692,-3.8273815479425375,-12.664440155029297,0.49723017621413024,1.0574203729629517,1.7185155464858473,0.0,False,-6.403308868408203,-10.776658058166504,-12.664440155029297
475,IoBT_GUNFIRE,0.0,0.4089160771467975,-0.16221299767494202,0.8148340719532555,1.0779075622558594,0.08709237724542618,1.6403483267689496,-0.006472430191934109,0.8167815763440136,1.0811389684677124,1.2075570680010836,0.0020889037433155077,8.749114791828301,8.086199760437012,0.9140726461646782,1.5889537334442139,4.2455441421037445,6.380162715911865,0.9222286701830729,1.165903925895691,1.3772995561408705,0.0,False,6.445592880249023,7.956112861633301,6.380162715911865
476,EXISTING_PROXY,10.0,11.132904350480434,10.04914379119873,0.8217420047264463,1.553879976272583,0.04561040922999382,8.800285133016848,7.210836887359619,0.821521557678506,1.5467214584350586,0.9920399858407704,0.004177807486631015,15.726797281645862,14.5420503616333,0.9118878861068341,2.1688122749328613,10.06150093568281,11.854294776916504,0.8916258341031683,1.9098231792449951,1.227207675141712,0.0,False,12.894416809082031,13.202567100524902,11.854294776916504
477,IoBT_GUNFIRE,0.0,1.3616450121463366,-0.06884262710809708,0.8015337014664202,1.1508378982543945,0.03451836481690407,2.4663930775977154,0.09789946675300598,0.8016302509843751,1.1630765199661255,1.2428249930499953,0.0,13.094849882176849,13.149837493896484,0.9189269765272479,2.883241653442383,6.853382259292106,7.917984962463379,0.8747675926238744,1.2492889165878296,1.3088555988182244,0.0,False,2.7396602630615234,5.013608932495117,7.917984962463379
478,IoBT_GUNFIRE,10.0,10.222326646951874,9.978399276733398,0.8848552713118136,2.71140193939209,0.07374139130115509,10.297062743494923,9.64781665802002,0.8843212503693019,2.714113473892212,0.9354030963456231,0.0,11.061895831284794,14.750584602355957,0.9341599560637446,3.548140048980713,8.699328527090696,13.160208702087402,0.8958856857430805,2.6500802040100098,1.286422109958372,0.0,False,13.214330673217773,16.189178466796875,13.160208702087402
479,IoBT_GUNFIRE,10.0,10.456746600185935,10.011855125427246,0.9348784203542351,1.975034475326538,0.07960186898708344,10.862370477173613,10.032401084899902,0.9351130170564278,1.9767154455184937,0.9304649330684599,0.0020889037433155077,16.760380717455522,17.601518630981445,0.9545864237040284,3.42549729347229,7.011786944637143,12.003392219543457,0.9604307764418499,2.6915643215179443,1.3720691527535362,0.0,False,11.731636047363281,12.142952919006348,12.003392219543457
480,IoBT_GUNFIRE,5.0,6.021437460327361,5.022254943847656,0.9208905066139518,1.4577927589416504,0.09308990091085434,6.759987765077689,4.939475059509277,0.9209630441064429,1.4515023231506348,1.0279983339630558,0.004177807486631015,19.60177221080761,19.415847778320312,0.969076840560105,3.316898822784424,12.046770750849543,15.35205078125,0.9551460701424181,2.4349868297576904,1.210753808093349,0.004166666666666667,False,19.61200714111328,18.514936447143555,15.35205078125
481,IoBT_GUNFIRE,5.0,6.869440713819932,5.005484104156494,0.9980604678299984,2.8480184078216553,0.07082236558198929,7.663664475068548,4.908137321472168,0.9980172511399272,2.7600646018981934,1.0196019210763578,0.0,19.105102273246267,17.310678482055664,0.9951037692156753,2.6854007244110107,5.367894682841254,6.144197463989258,0.9903019838017365,2.6742026805877686,1.3982212862865093,0.0,False,5.084663391113281,5.190188884735107,6.144197463989258
482,EXISTING_PROXY,10.0,10.087166211348427,10.060301780700684,0.7240485945273744,1.1586769819259644,0.15717193484306335,9.555445134648416,8.939081192016602,0.7241762149431121,1.1642323732376099,0.9258364744850314,0.01044451871657754,14.0895367140862,14.045003890991211,0.8612811847215012,1.8430862426757812,6.411007682769405,12.217602729797363,0.8332902562896729,1.7302409410476685,1.391429890902929,0.05,False,13.799934387207031,13.291780471801758,12.217602729797363
483,IoBT_GUNFIRE,-5.0,-3.007992457256818,-5.171097755432129,0.35317803538185877,1.1066354513168335,0.039255060255527496,-2.3870314420381464,-5.511081695556641,0.3512364839130281,1.11483895778656,1.8824229448737682,0.006266711229946525,7.282559746050299,4.82963752746582,0.45294354441187895,1.5005688667297363,4.281106272456123,3.074479341506958,0.5293905353950473,1.2619630098342896,1.341691760495796,0.0,False,-3.2376556396484375,2.1392507553100586,3.074479341506958
484,IoBT_GUNFIRE,0.0,0.2680230469690987,0.2848460078239441,0.7195635267988558,1.0781959295272827,0.12242232263088226,0.5653303426345863,-0.6040574312210083,0.7191806912778423,1.0861930847167969,1.299714643660979,0.01253342245989305,6.398040859209115,5.228688716888428,0.8004466219886357,1.238677740097046,3.264566191940669,6.187905788421631,0.8330826247436706,1.299497127532959,1.4525027036726577,0.0,False,7.245688438415527,7.605918884277344,6.187905788421631
485,IoBT_GUNFIRE,10.0,11.599900087819737,10.000566482543945,0.5792023993768478,1.8205134868621826,0.06115835905075073,9.394991821621293,7.058784484863281,0.5811700078687799,1.8708072900772095,0.9619832596893266,0.006266711229946525,8.358674954424295,9.961965560913086,0.602919849324852,1.6967923641204834,10.455325086388218,12.745536804199219,0.6251961541839177,2.1061978340148926,1.2575776248850503,0.0,False,13.026899337768555,14.462867736816406,12.745536804199219
486,IoBT_GUNFIRE,0.0,2.8982129931371805e-05,-0.01758650504052639,0.6692065835825727,1.155992031097412,0.038911692798137665,0.7916889434328003,-0.13253578543663025,0.6685841521552323,1.1559103727340698,1.2773627891356312,0.0,5.781474111000609,5.990687370300293,0.8187257448523046,1.4507642984390259,3.8436572187641733,4.698522090911865,0.7794386469155011,1.2910692691802979,1.2632756271772545,0.0,False,3.12246036529541,4.519024848937988,4.698522090911865
487,EXISTING_PROXY,0.0,1.7381862724965336,0.04447859153151512,0.6673091120256891,1.0553370714187622,0.08687396347522736,2.1820471371317547,-0.6276267170906067,0.6696496263348137,1.055951714515686,1.2847590299695517,0.004177807486631015,11.050296033253709,9.012321472167969,0.7856821765620479,1.4064685106277466,6.905767978742688,8.429805755615234,0.7508640244714905,1.1877483129501343,1.3578853365259789,0.0,False,8.543789863586426,8.93256950378418,8.429805755615234
488,EXISTING_PROXY,0.0,1.1904801494000985,0.07812364399433136,0.908362314751491,1.0887820720672607,0.11282794922590256,2.2011971446066085,0.04018731415271759,0.9087640642495607,1.096899151802063,1.2508900636543097,0.01044451871657754,17.603779538862256,16.68425178527832,0.97209239132552,2.803269863128662,3.1455444858081445,4.7379608154296875,0.9298146273592821,1.389962911605835,1.4865459229415219,0.0,False,4.25471830368042,5.297262191772461,4.7379608154296875
489,EXISTING_PROXY,0.0,-2.8977858705302606e-06,-0.014934413135051727,0.7606074567167842,1.2260645627975464,0.09877318888902664,0.8675150971397826,-0.044785574078559875,0.7622312776920471,1.2390938997268677,1.2682125045918495,0.01253342245989305,9.634359297971622,10.30748462677002,0.8592846774688415,1.5267149209976196,0.7684450765953778,2.7287635803222656,0.8130385979203959,1.4800355434417725,1.5073698725760676,0.0,False,1.31317138671875,2.2227225303649902,2.7287635803222656
490,EXISTING_PROXY,0.0,0.08723402792415298,0.16286170482635498,0.6718135302979298,1.1170285940170288,0.14813977479934692,0.32783467790070464,-0.5537844896316528,0.6730662669118848,1.1234849691390991,1.3329125284651415,0.01044451871657754,5.818418061175795,4.8388872146606445,0.8514035525700874,1.2715280055999756,2.6048525017354027,3.354358196258545,0.8095570646619753,1.1859216690063477,1.3211261394276856,0.0,False,3.575496196746826,4.006425857543945,3.354358196258545
491,EXISTING_PROXY,5.0,6.307566169431562,5.019798278808594,0.8469398901797083,1.1287522315979004,0.04631800204515457,2.862995228750128,0.5245205163955688,0.8464600218723395,1.1782702207565308,1.1861103832721145,0.006266711229946525,11.292554418569337,9.755184173583984,0.8628256367988719,1.467782974243164,7.262929133172673,9.532302856445312,0.8894671132578232,1.6362229585647583,1.34045686432599,0.0,False,5.842724800109863,10.77305793762207,9.532302856445312
492,IoBT_GUNFIRE,0.0,1.8686197679521246,-0.21087247133255005,0.8392412568852324,1.2576714754104614,0.0314042828977108,2.8477393162245908,-0.2048763632774353,0.8383552106106504,1.3218196630477905,1.2331961391994346,0.0,14.098105335793214,12.16402530670166,0.9638335016880808,1.9634647369384766,5.017388486184922,5.916077613830566,0.9226144812358572,1.6263937950134277,1.421692547211811,0.0,False,8.034500122070312,7.616846084594727,5.916077613830566
493,EXISTING_PROXY,20.0,20.553755214039924,20.005290985107422,0.9886662946291996,2.5021400451660156,0.06404318660497665,9.316937444690673,8.13431453704834,0.9887089151831369,2.5031285285949707,0.9611618444851737,0.004177807486631015,21.845206617758713,21.531978607177734,0.9900849677604653,3.2321364879608154,11.565056894031205,15.16279125213623,0.9868193638533012,3.109306573867798,1.2079782764439135,0.0,False,19.975133895874023,18.585817337036133,15.16279125213623
494,EXISTING_PROXY,0.0,0.755070639114203,-0.022138355299830437,0.6776014647228503,1.068254828453064,0.08343736827373505,1.3685338708362114,-0.4069574475288391,0.6787150730435662,1.0692741870880127,1.284059770691678,0.004177807486631015,7.605866320978749,6.360257148742676,0.7953775250260549,1.344076156616211,7.6299083781793,8.488651275634766,0.8595053823438658,1.3053067922592163,1.2210595089424978,0.0,False,7.558531761169434,8.763223648071289,8.488651275634766
495,IoBT_GUNFIRE,5.0,5.361771683787115,4.98534631729126,0.8452120323138287,1.1952670812606812,0.06656889617443085,6.330225792871776,5.0631184577941895,0.844852726391355,1.1984184980392456,1.0053451786214043,0.0,14.157167348038225,14.120935440063477,0.9352097965274891,2.432253837585449,6.19804795751479,9.504705429077148,0.9095907008121273,1.395335078239441,1.3482289025724035,0.0,False,10.611480712890625,10.717689514160156,9.504705429077148
496,EXISTING_PROXY,5.0,5.912163336803532,4.971378326416016,0.7358750451913696,1.1656008958816528,0.09151189774274826,5.300122193678474,3.4793641567230225,0.7348698447462447,1.175760269165039,1.051463439641061,0.014622326203208556,10.959978316629957,10.189180374145508,0.8758993685265729,1.6657636165618896,6.792372031678427,9.277854919433594,0.8371451309248208,1.3697235584259033,1.3363502541055718,0.0,False,7.969069957733154,9.786426544189453,9.277854919433594
497,EXISTING_PROXY,0.0,2.753538907638034,0.010257875546813011,0.7787756937287815,1.176783800125122,0.05683602765202522,3.3844708140598834,-0.41725754737854004,0.7785770130876742,1.181837797164917,1.2717046051705807,0.004177807486631015,12.651805035982061,9.790708541870117,0.9415750234948101,1.848379373550415,10.02617446391939,8.689688682556152,0.9300431385014536,1.8541741371154785,1.199860799858074,0.0,False,5.743642807006836,8.640899658203125,8.689688682556152
498,IoBT_GUNFIRE,5.0,5.40894745550632,5.117964267730713,0.7891696716620176,1.3534374237060547,0.14193174242973328,6.4434200753915825,5.21523380279541,0.7890120398609087,1.3622674942016602,1.0173437414640285,0.004177807486631015,4.346634279089155,5.912272930145264,0.7927783556388802,1.331573486328125,6.694734004494874,9.112665176391602,0.8280044052708184,2.0232961177825928,1.2986476805745262,0.0,False,11.2495756149292,11.217039108276367,9.112665176391602
499,IoBT_GUNFIRE,5.0,5.311713399008987,4.984854221343994,0.8686067749096302,1.842142939567566,0.03429881110787392,5.995198911816306,4.596223831176758,0.8681752196583675,1.841841459274292,0.9826888299543672,0.0,2.780060097183634,-0.7815294861793518,0.8057327480653511,1.14198899269104,8.945354744246684,8.706375122070312,0.9161728163967445,1.6769590377807617,1.0738484968306783,0.0,False,9.088885307312012,10.761726379394531,8.706375122070312
500,IoBT_GUNFIRE,10.0,10.26802906145048,10.01803207397461,0.9465139268360507,2.686009645462036,0.04268358647823334,10.444554958270405,9.757617950439453,0.946246324290835,2.673631191253662,0.9394777919712108,0.0,19.40775942887123,19.471872329711914,0.9888932178185845,3.431558847427368,8.838847296298596,12.698989868164062,0.9639035363249214,3.047969341278076,1.2708076672371758,0.0,False,10.427558898925781,12.78052806854248,12.698989868164062
501,IoBT_GUNFIRE,5.0,5.311818293598456,4.968024253845215,0.8436283259870733,1.4652228355407715,0.05925509333610535,5.503208636680601,4.400155544281006,0.8437299192887523,1.4702935218811035,1.0508124725498618,0.004177807486631015,7.853277748790912,8.09848403930664,0.8165572429223591,1.6398723125457764,6.449932568081847,7.5592875480651855,0.8697361967938446,1.700127124786377,1.2293364540760872,0.0,False,8.430354118347168,8.625614166259766,7.5592875480651855
502,IoBT_GUNFIRE,5.0,5.64994691141533,5.020146369934082,0.788291842498215,1.2009811401367188,0.024924112483859062,2.8136224353634205,1.589219331741333,0.788651581244171,1.2408397197723389,1.1687652811889866,0.004177807486631015,15.46555352937803,15.33647632598877,0.9133201706155752,2.451838970184326,8.36982093912074,12.55527114868164,0.8846059136881874,1.552880048751831,1.314559141352936,0.0,False,12.458890914916992,13.218941688537598,12.55527114868164
503,EXISTING_PROXY,5.0,5.654526805834794,4.977681636810303,0.8914580085178967,1.2679336071014404,0.06324811279773712,6.359908849778666,4.9234843254089355,0.8918465410564432,1.2756378650665283,1.0266788422721507,0.0020889037433155077,11.89935220566115,11.788853645324707,0.9264562886660043,2.252925395965576,6.151759151294669,7.350334167480469,0.9348936532923621,1.5211647748947144,1.2747576277594677,0.0,False,6.857407569885254,7.667303562164307,7.350334167480469
504,IoBT_GUNFIRE,20.0,21.245504547229565,20.014617919921875,0.9854862297929894,3.5867533683776855,0.047150932252407074,16.008584665151115,15.457162857055664,0.9853923201970023,3.464343786239624,0.9084193192886648,0.0,21.628298655295914,20.874420166015625,0.9868355546150543,3.861478567123413,15.97047648783862,16.319801330566406,0.9821419565432579,3.456244707107544,1.0928685131013625,0.0,False,19.965320587158203,19.64743423461914,16.319801330566406
505,IoBT_GUNFIRE,10.0,10.652093140210033,9.995985984802246,0.9047605778605912,3.0613036155700684,0.054883215576410294,9.067590620504749,7.805635452270508,0.904348888613017,2.9973273277282715,0.96448131593749,0.004177807486631015,11.862218964624846,14.110580444335938,0.9036262314431297,2.5106611251831055,9.779467557495586,11.188249588012695,0.897975271432394,2.403456211090088,1.1910936116289734,0.0,False,10.792283058166504,11.707778930664062,11.188249588012695
506,IoBT_GUNFIRE,0.0,0.04346651297339591,0.00645271735265851,0.6325420826124498,1.2784799337387085,0.029896995052695274,0.95015876448379,-0.039468783885240555,0.6331531564623273,1.288137674331665,1.2653563194786686,0.0,2.6026353471260597,-0.024449393153190613,0.5286680124498878,1.0805373191833496,3.248178012701604,3.3791117668151855,0.6998634130716777,1.2632410526275635,1.2319289614519646,0.0,False,3.9658687114715576,4.755943298339844,3.3791117668151855
507,EXISTING_PROXY,10.0,10.603162363291354,10.020801544189453,0.9439373162339008,1.6856961250305176,0.03040301986038685,7.7470673813677084,6.359644412994385,0.9436051359853479,1.5858783721923828,0.9681051897882703,0.0020889037433155077,11.511305842864752,10.929121971130371,0.9578005187549306,1.9508360624313354,9.506433587305636,10.272797584533691,0.9596648052637543,1.9773364067077637,1.1631351316690244,0.0,False,11.892278671264648,12.233856201171875,10.272797584533691
508,EXISTING_PROXY,10.0,10.00008095720059,9.971504211425781,0.9233434633668662,1.8684080839157104,0.06968551129102707,9.132054613062909,8.53360366821289,0.9234831396821079,1.8857102394104004,0.9467486927161034,0.004177807486631015,9.123161837710047,9.723225593566895,0.9310495598760233,2.270601749420166,7.717429702741274,8.89737319946289,0.9153904228340056,1.8721060752868652,1.1761864780202358,0.0,False,10.529112815856934,10.423673629760742,8.89737319946289
509,IoBT_GUNFIRE,0.0,0.4072957813719241,0.14756518602371216,0.7727888795538634,1.3258769512176514,0.031616151332855225,1.1864696572357252,0.02718868851661682,0.7727684819660732,1.329371452331543,1.2905576465300672,0.0,9.500430006369683,9.400907516479492,0.8605643990571996,1.622941493988037,2.929145841729638,4.1987409591674805,0.83108357854097,1.4281766414642334,1.3839750504611839,0.0,False,1.3962287902832031,4.3265886306762695,4.1987409591674805
510,IoBT_GUNFIRE,20.0,20.968147892138433,20.01044464111328,0.9848839396706784,2.332319974899292,0.0817394033074379,13.99599341422816,13.553519248962402,0.9848081617036121,2.205665349960327,0.8892246200500602,0.0020889037433155077,21.86240490737282,21.249271392822266,0.9884885039968214,3.0346171855926514,7.879000499055802,13.994011878967285,0.9782158508199822,2.392206907272339,1.3872486941950708,0.0,False,19.665557861328125,18.594316482543945,13.994011878967285
511,IoBT_GUNFIRE,-5.0,-4.999939747791581,-4.902923583984375,0.8331223331875804,1.070852518081665,0.026414604857563972,-4.15609510509019,-5.184059143066406,0.8324074816126937,1.0702530145645142,1.8444474182601893,0.0,11.476217179324301,11.828137397766113,0.9056780284338715,1.7115672826766968,6.4008229125814085,8.879927635192871,0.8610786638487413,1.6436758041381836,1.2792331967744612,0.0,False,8.947278022766113,10.17519760131836,8.879927635192871
512,IoBT_GUNFIRE,10.0,10.360871304618371,9.992805480957031,0.8717848677074896,1.4559983015060425,0.04177891090512276,9.587699961998416,8.658638954162598,0.8720021472558769,1.4472198486328125,0.9345758435473374,0.0020889037433155077,15.798501094236016,16.12454605102539,0.9463307700305709,3.217825412750244,9.600966485410192,13.445868492126465,0.9064823404415377,2.1772258281707764,1.2535320577802185,0.0,False,12.667430877685547,15.552969932556152,13.445868492126465
513,IoBT_GUNFIRE,15.0,16.798493669327883,15.019901275634766,0.9874361384996871,1.882805585861206,0.046078406274318695,16.04586193627063,14.812875747680664,0.9875861805062955,1.8533868789672852,0.9068985227023818,0.0,21.360183347455013,21.015596389770508,0.9876149555942798,2.3018414974212646,12.950703078563738,12.522917747497559,0.984775159776474,1.9504480361938477,1.12714593979412,0.0,False,15.250872611999512,15.335710525512695,12.522917747497559
514,IoBT_GUNFIRE,-5.0,-4.590693926909525,-5.247757911682129,0.6811568214717436,1.096575140953064,0.019421016797423363,-3.6911663418176137,-5.474402904510498,0.6813887624032823,1.0976266860961914,1.8132430034513212,0.0,6.053948689520947,5.818050384521484,0.7913753125784702,1.2883020639419556,2.3147349042966163,3.350511074066162,0.7515877486163328,1.1918857097625732,1.4000935891275008,0.0,False,2.3752150535583496,6.034066200256348,3.350511074066162
515,IoBT_GUNFIRE,10.0,12.146030149522245,10.00715160369873,0.9570117058923314,1.6585979461669922,0.05506468191742897,6.9791090271330525,4.033185005187988,0.9572065627537453,1.7529606819152832,1.0577263435662323,0.006266711229946525,14.409886007998002,12.07430362701416,0.9516637692909433,2.2775986194610596,10.75676552581463,12.392138481140137,0.9658252753980021,1.80771803855896,1.2607774294734968,0.0,False,10.189055442810059,13.2474365234375,12.392138481140137
516,IoBT_GUNFIRE,5.0,6.423301594746468,5.055602073669434,0.8779082412809599,1.6393465995788574,0.03591316565871239,6.362662365754473,4.156684398651123,0.878684138395723,1.652754306793213,1.0558489767572206,0.0020889037433155077,8.051477388236428,5.891186714172363,0.8976207577212241,1.645254135131836,10.72201031534072,9.66624641418457,0.930994731071688,2.338141918182373,1.0916492062381062,0.0,False,7.319657802581787,8.750555038452148,9.66624641418457
517,IoBT_GUNFIRE,5.0,5.70405919087719,5.03147029876709,0.7494989924160421,1.2040084600448608,0.03493702411651611,-1.5421979340844458,-3.432145118713379,0.7520527484084981,1.4942262172698975,1.560174772384711,0.006266711229946525,13.016434991442926,12.2523193359375,0.7969840107592044,1.8619675636291504,6.4617594260290065,9.701653480529785,0.779678497765558,1.3883720636367798,1.3612874079800825,0.0,False,5.896553993225098,10.710307121276855,9.701653480529785
518,IoBT_GUNFIRE,10.0,10.75662181908758,9.996599197387695,0.946633489683447,1.8786293268203735,0.07517477869987488,11.000688984473081,9.788180351257324,0.9463149084702451,1.8494234085083008,0.9314824425075069,0.0,10.154819067919103,10.893048286437988,0.9505204179467761,2.62080717086792,11.892424572115033,14.868368148803711,0.9698156727529632,2.049738645553589,1.1972103566655403,0.0,False,16.427043914794922,17.59983253479004,14.868368148803711
519,IoBT_GUNFIRE,-5.0,-5.000012773457905,-5.018832206726074,0.8466355240738788,1.2183185815811157,0.024582060053944588,-4.246092186280568,-5.387851715087891,0.8459832800824646,1.2220354080200195,1.852716090851064,0.0,6.69294340903021,5.82666015625,0.9052444991273185,1.646366834640503,0.19342970725953457,0.7441487908363342,0.8819286972323824,1.3364201784133911,1.443222037212725,0.0,False,-2.78422474861145,0.7183179259300232,0.7441487908363342
520,EXISTING_PROXY,5.0,5.808632196377706,5.095592498779297,0.7686830567272006,1.4049266576766968,0.08554928004741669,5.831892865841723,4.239384651184082,0.7688590414890113,1.4134548902511597,1.0523653435553233,0.006266711229946525,8.8233526024544,10.125635147094727,0.896510175493932,2.5402543544769287,7.457777190459838,10.923657417297363,0.8794907305844685,1.8530417680740356,1.338061762537785,0.0,False,8.558250427246094,10.803411483764648,10.923657417297363
521,IoBT_GUNFIRE,15.0,16.24454588322333,14.997594833374023,0.8116772547216505,2.7178733348846436,0.11518681794404984,14.509029856212482,13.5911283493042,0.8106861545647269,2.607483148574829,0.907252370261234,0.0020889037433155077,8.346316247997995,9.16704273223877,0.7732569118853811,2.331254720687866,11.70448461383344,13.417352676391602,0.8218822162192544,2.4460275173187256,1.1934061050981415,0.0020833333333333333,False,15.109657287597656,17.11542320251465,13.417352676391602
522,IoBT_GUNFIRE,15.0,17.92323161630852,15.001381874084473,0.9999917846213323,3.118604898452759,0.0465133935213089,13.527971610662213,10.258838653564453,0.9999716499075748,2.7473092079162598,0.9172133013155483,0.0020889037433155077,18.986625169649507,16.039419174194336,0.9751114745365403,2.5490097999572754,13.415817760713995,13.255743980407715,0.9906791061293037,2.891684055328369,1.1872900701843923,0.0,False,14.922283172607422,14.75678539276123,13.255743980407715
523,IoBT_GUNFIRE,5.0,5.651211078364308,5.01854133605957,0.8330693699900629,1.2249943017959595,0.15485739707946777,5.397869448135132,3.948594331741333,0.8359797948467544,1.2352783679962158,1.0614710715827238,0.01671122994652406,5.272243045155872,4.765379428863525,0.8866611650498024,1.8005304336547852,6.949221666921583,8.963272094726562,0.8879643754148511,1.3771483898162842,1.2910758919836522,0.004166666666666667,False,7.952414512634277,9.742969512939453,8.963272094726562
524,IoBT_GUNFIRE,-10.0,-9.194638101273062,-9.78156852722168,0.4709451516392717,1.0778717994689941,0.018635880202054977,-8.114306018206102,-9.732327461242676,0.47055266180314187,1.079047441482544,2.931737249162626,0.0,4.681920254178286,2.1164212226867676,0.5852643877973503,1.0975537300109863,-1.2862242511826563,-3.703472137451172,0.5702339688830163,1.0823054313659668,1.5040855321365711,0.0,False,-1.7177410125732422,-1.771091341972351,-3.703472137451172
525,IoBT_GUNFIRE,15.0,15.043358503790465,15.002345085144043,0.9675718696416019,2.695807456970215,0.10896831750869751,11.561106161871955,11.245261192321777,0.9675032041737017,2.5768039226531982,0.930343376233938,0.0020889037433155077,8.436332359783712,10.960291862487793,0.9268016816867205,3.342945098876953,12.612745539241905,13.81778335571289,0.9455963922735557,2.502742290496826,1.1042910536102566,0.0,False,15.268782615661621,17.885135650634766,13.81778335571289
526,IoBT_GUNFIRE,5.0,5.176756871886809,4.999948978424072,0.9126075795053109,1.475841999053955,0.04676227271556854,5.452099776242161,4.379339694976807,0.9121149536415497,1.5356870889663696,1.0342954260151866,0.0020889037433155077,5.537325336152238,8.989745140075684,0.9337004318699461,2.726585626602173,9.132111510535015,12.256468772888184,0.9333119898910999,1.9550120830535889,1.2380790749934596,0.0,False,7.5543999671936035,14.488527297973633,12.256468772888184
527,IoBT_GUNFIRE,5.0,6.191571918537583,4.986055374145508,0.7981960383940242,1.100649118423462,0.03130355104804039,6.639073346155904,4.5584917068481445,0.7982162800777804,1.100134015083313,1.0193094489678578,0.0,18.497879055922635,17.442428588867188,0.8912312098057017,2.7318949699401855,8.021373488180378,13.796941757202148,0.8567709055782942,1.423104166984558,1.3889131512459558,0.0,False,17.05389404296875,15.96126937866211,13.796941757202148
528,EXISTING_PROXY,15.0,15.3617281539736,15.004146575927734,0.9480281967930347,1.7048466205596924,0.13202887773513794,13.83003190440887,14.576475143432617,0.9479208272747593,1.70228910446167,0.8772383857556404,0.0,9.754925826917479,9.490114212036133,0.9424390121684464,1.9447065591812134,9.229022384749488,12.339568138122559,0.9545082806584053,1.830178141593933,1.24529181443562,0.0,False,15.033748626708984,14.226921081542969,12.339568138122559
529,IoBT_GUNFIRE,5.0,5.912536392561308,4.945626735687256,0.7933442715171453,1.1740095615386963,0.03488717973232269,6.787840571103576,5.02121639251709,0.7929593186316685,1.1881507635116577,1.0191729510396097,0.0,13.84591473590601,12.970588684082031,0.8753271639878459,1.945566177368164,9.397060176229612,9.76040267944336,0.8663426806006032,1.36422598361969,1.1657485361143765,0.0,False,6.085290908813477,10.116447448730469,9.76040267944336
530,IoBT_GUNFIRE,15.0,17.839314920328828,15.015410423278809,0.9525176899672769,1.5951205492019653,0.08408447355031967,16.78439519089078,14.39073657989502,0.9526225463034226,1.5627732276916504,0.9074844091015905,0.0020889037433155077,24.472999500953556,23.037508010864258,0.9878077740130471,3.4377152919769287,12.729944989565741,16.210411071777344,0.967098686039499,2.174975633621216,1.269628765532297,0.0,False,21.627948760986328,19.853670120239258,16.210411071777344
531,IoBT_GUNFIRE,-10.0,-9.345815531461966,-10.049795150756836,0.8259767030679992,1.102010726928711,0.025434793904423714,-8.333758078163353,-10.138765335083008,0.828612666121273,1.1078414916992188,2.9561033405518655,0.0,9.151284582135112,8.52587890625,0.9041031629588454,1.4912580251693726,-0.40617684380850233,0.3131605386734009,0.8828804777644169,1.1204888820648193,1.6109483170925376,0.0,False,0.4097799062728882,1.6401143074035645,0.3131605386734009
532,IoBT_GUNFIRE,5.0,6.363203802494375,4.990312099456787,0.8954625784386392,1.7020081281661987,0.12881948053836823,6.654034611080901,4.44626522064209,0.8949946406874423,1.7199482917785645,1.0434142753384776,0.004177807486631015,8.624916961245914,11.079147338867188,0.9066739372710776,1.9130934476852417,12.754131720703583,12.87188720703125,0.9182484852443953,2.0670526027679443,1.128474762017827,0.0,False,13.78243350982666,15.176653861999512,12.87188720703125
533,IoBT_GUNFIRE,0.0,1.6077810397811276,-0.020697442814707756,0.7895474099238317,1.1227686405181885,0.045034751296043396,2.3023847691020785,-0.2540428042411804,0.7915173631273285,1.1205803155899048,1.2733688728036043,0.0,10.579043427498968,10.100269317626953,0.8687529556882195,2.0987226963043213,9.149112635206635,9.160613059997559,0.8386693682833531,1.363036036491394,1.2050194792093571,0.0,False,5.1697235107421875,9.499213218688965,9.160613059997559
534,IoBT_GUNFIRE,5.0,5.000102556837006,5.0034499168396,0.8553857271900556,1.242027997970581,0.041056834161281586,3.4738004490710312,2.247417688369751,0.8546232664847659,1.2615253925323486,1.0512632264171617,0.006266711229946525,4.385332955131966,4.469045639038086,0.9064859301031721,2.009937047958374,7.532781481468787,12.27285385131836,0.8932808130887668,2.1449859142303467,1.318875884483209,0.0,False,6.45435094833374,14.017581939697266,12.27285385131836
535,EXISTING_PROXY,20.0,20.31423151038686,20.01595687866211,0.9821283150537301,1.999377965927124,0.1092231497168541,11.31365500028326,10.832014083862305,0.9822196762054722,2.0359578132629395,0.9066864190672544,0.00835561497326203,19.279574360311937,19.07929229736328,0.9934055311174472,3.2709567546844482,7.811663613984349,14.757007598876953,0.9836495872264803,2.435119390487671,1.3652303085672233,0.0,False,19.49861717224121,17.2952823638916,14.757007598876953
536,IoBT_GUNFIRE,5.0,6.802909085639586,4.9895782470703125,0.9276695157024463,1.6579220294952393,0.04500299692153931,7.901133387595528,5.258577346801758,0.9271495907994661,1.5279524326324463,0.9938451775200731,0.0,10.167385228524546,8.083392143249512,0.9922522931305678,1.6611964702606201,6.658343186321397,7.334876537322998,0.9549001563850178,1.696803092956543,1.33227782790513,0.0,False,5.7534990310668945,6.779054641723633,7.334876537322998
537,IoBT_GUNFIRE,10.0,14.306532097949354,10.020437240600586,0.6058373020971689,1.7201159000396729,0.02426881343126297,14.647187800818962,9.864601135253906,0.6029343612128027,1.7107350826263428,0.9422858034131554,0.0,21.93238375516306,18.36407470703125,0.6946294932074876,2.4740726947784424,13.714269409498314,9.842835426330566,0.6334001831532178,2.055450677871704,1.0953977374598876,0.0,False,9.84202766418457,10.338153839111328,9.842835426330566
538,IoBT_GUNFIRE,-5.0,-4.244275249014038,-4.987098217010498,0.6627022750130267,1.105298399925232,0.03908781334757805,-3.1130393445642293,-4.965295314788818,0.6610451116489788,1.095786690711975,1.7643174070148449,0.0,1.1328505627742742,-7.73068380355835,0.4753545211348638,1.0561497211456299,-3.0722815549414055,-11.674756050109863,0.5416708374386678,1.0749212503433228,1.4681710328130504,0.0,False,-4.168530464172363,-11.071556091308594,-11.674756050109863
539,IoBT_GUNFIRE,0.0,0.45628071529274117,0.048614609986543655,0.8135262736703779,1.0347079038619995,0.03787834197282791,0.5380988573588354,-1.0829765796661377,0.8136154908168869,1.0320007801055908,1.3073144230231832,0.004177807486631015,7.239699581568718,5.978837013244629,0.8128934535064487,1.3785603046417236,4.630708864335028,5.418985366821289,0.8667595938034061,1.043313980102539,1.280593368367404,0.0,False,2.5425915718078613,5.670543670654297,5.418985366821289
540,IoBT_GUNFIRE,15.0,14.99998800193487,15.007425308227539,0.8691700109102014,1.9856901168823242,0.0809444859623909,7.639571217729793,6.868032455444336,0.868813265865062,1.9702643156051636,0.9506069006855923,0.014622326203208556,7.960070132607843,8.940526008605957,0.8835917603827234,1.7978569269180298,10.115935801063927,11.78317928314209,0.8826687155153252,2.087942361831665,1.1559077181978652,0.0,False,14.896089553833008,14.525491714477539,11.78317928314209
541,IoBT_GUNFIRE,5.0,5.000005369143686,5.0022454261779785,0.828811406397322,1.4649924039840698,0.05627259239554405,5.656608427848159,4.936565399169922,0.8285369757579766,1.4471673965454102,1.0244415741155086,0.0020889037433155077,8.971755132912266,9.198294639587402,0.9016519865920616,1.2705893516540527,6.1601519634659105,7.595062255859375,0.9012597930746107,1.5442125797271729,1.2293078324759878,0.0,False,7.552360534667969,8.63705062866211,7.595062255859375
542,EXISTING_PROXY,-5.0,-4.913110155855182,-5.0299787521362305,0.5255236524012493,1.081246256828308,0.19008058309555054,-4.951183692625994,-6.100024700164795,0.5258020366978081,1.0893679857254028,1.9956015998878762,0.01253342245989305,6.786384184207755,6.42149019241333,0.78100545029712,1.2735295295715332,1.629589435707349,2.617034435272217,0.7319865737451628,1.2237741947174072,1.393192145568895,0.0,False,1.201162338256836,2.9353995323181152,2.617034435272217
543,IoBT_GUNFIRE,10.0,10.861338067578243,9.985479354858398,0.984635797750732,1.3462704420089722,0.05581853538751602,10.129297482028399,8.778084754943848,0.9855052745750656,1.3411635160446167,0.9429344955705544,0.0,17.86599592011389,17.091205596923828,0.9910329849836895,2.6773931980133057,10.664090662629192,13.768921852111816,0.9852410249828504,1.8059351444244385,1.2333167246865053,0.0,False,11.237324714660645,11.926678657531738,13.768921852111816
544,IoBT_GUNFIRE,15.0,16.189444735487747,15.022008895874023,0.904105890199041,1.856461763381958,0.09129922837018967,13.480690592571584,12.207087516784668,0.9048952095002721,1.6978199481964111,0.9211363008006401,0.006266711229946525,15.563762519316338,15.505061149597168,0.9475823155931407,3.0301918983459473,13.466068534906439,15.212291717529297,0.9252452476704209,2.163149118423462,1.1583750195442872,0.0,False,17.456266403198242,19.77785873413086,15.212291717529297
545,IoBT_GUNFIRE,20.0,20.553957316915316,20.014524459838867,0.9518744485073394,2.145650625228882,0.08805924654006958,14.91367092544525,15.7902193069458,0.9517543534749293,2.157817840576172,0.8820273428358418,0.0,19.347203588435583,19.119871139526367,0.9596135798720568,3.1832492351531982,9.132000439544338,13.622762680053711,0.9537160852929029,2.1749465465545654,1.290616543738179,0.0,False,19.563371658325195,17.04544448852539,13.622762680053711
546,IoBT_GUNFIRE,15.0,15.653449304441109,14.993831634521484,0.9828030457553106,2.442142963409424,0.03328369930386543,10.709437199440035,9.570491790771484,0.9831621907796569,2.3787224292755127,0.9535331593948753,0.0020889037433155077,19.191844168940555,18.751773834228516,0.9940888552879903,3.0766983032226562,13.34050649530544,13.986191749572754,0.9813145397445437,2.4929466247558594,1.104949338360183,0.0,False,14.621806144714355,14.65786361694336,13.986191749572754
547,IoBT_GUNFIRE,15.0,15.043541533007867,15.018333435058594,0.9059404772037369,2.2356975078582764,0.12658098340034485,11.710579118136419,11.552980422973633,0.9053874404478097,2.017817974090576,0.9144669972472342,0.00835561497326203,21.004543628534186,21.527835845947266,0.9656711139722445,3.6103646755218506,9.278722159340589,15.352136611938477,0.9386649271144474,2.728579521179199,1.2872641347020268,0.0,False,15.072744369506836,16.522809982299805,15.352136611938477
548,EXISTING_PROXY,10.0,10.913179112609768,10.010757446289062,0.9862267693312009,2.263542413711548,0.03307649493217468,11.453793960733503,10.280210494995117,0.9863369677718009,2.2666707038879395,0.9001767481793155,0.0,6.9315286686634225,4.886378288269043,0.9512279339132633,2.0418827533721924,9.697040958163353,9.832191467285156,0.9743854466348737,2.2699673175811768,1.147114453417059,0.0,False,11.464957237243652,11.467066764831543,9.832191467285156
549,EXISTING_PROXY,5.0,5.044182677915846,3.8125767707824707,0.8025780577302405,1.3270516395568848,0.1266137659549713,5.672814713733088,3.575740098953247,0.8028123345036274,1.327917218208313,0.990582903146963,0.0,4.384926215866406,7.879308700561523,0.8987891992423571,1.868276834487915,6.8469484762066815,8.994062423706055,0.8661328082060689,1.581081509590149,1.2974052650320222,0.0,False,9.235099792480469,9.213418960571289,8.994062423706055
550,IoBT_GUNFIRE,10.0,11.247490768185067,9.997411727905273,0.958774138997616,1.994035243988037,0.056775663048028946,10.965490466425745,9.191788673400879,0.9584787122185152,1.9330761432647705,0.9280199166204487,0.0,23.148877149537462,22.504179000854492,0.9831412207580169,2.849407196044922,9.959624507880326,15.268167495727539,0.9839686735472971,3.106029987335205,1.3104941001063193,0.0,False,20.84435272216797,20.542984008789062,15.268167495727539
551,IoBT_GUNFIRE,10.0,13.276436668920436,10.016365051269531,0.9599324192979852,1.414729356765747,0.024067802354693413,13.655653724369435,10.003777503967285,0.9601314598188535,1.4073288440704346,0.930019426670662,0.0,21.326170958975887,18.271400451660156,0.9836121619482406,2.7228026390075684,11.293137270151636,12.880390167236328,0.9634676080192893,1.6993106603622437,1.305151297560097,0.0,False,11.432075500488281,13.251409530639648,12.880390167236328
552,IoBT_GUNFIRE,5.0,5.704985343152363,4.973000526428223,0.8153734367659309,1.1585452556610107,0.06038665026426315,6.6929121785722545,5.168199062347412,0.8153531408178657,1.1650444269180298,1.016575353863123,0.0,13.37412343721795,12.973614692687988,0.9059081991877761,2.397517204284668,6.172805874316349,8.243410110473633,0.8801320897364538,1.294022560119629,1.3244574175874522,0.0,False,8.310096740722656,9.015291213989258,8.243410110473633
553,IoBT_GUNFIRE,10.0,10.408610534479285,9.987319946289062,0.8769073892958704,2.109330177307129,0.06371036171913147,10.717514623039966,9.85948657989502,0.8762528280266595,2.109713077545166,0.9371240164635598,0.0,12.559850785457446,13.12057113647461,0.9260975386277748,2.6494457721710205,9.989776664048215,10.181685447692871,0.8902399410079456,2.141702175140381,1.1055897829821102,0.0,False,10.093308448791504,10.24044132232666,10.181685447692871
554,IoBT_GUNFIRE,0.0,1.6711905804507303,0.1024678647518158,0.5875002636331861,1.1049067974090576,0.10253044962882996,2.800135741417557,-0.02312507852911949,0.585233674103761,1.0960556268692017,1.2281097804298768,0.006266711229946525,9.526450369411926,7.751761436462402,0.7691069774936575,1.3928847312927246,3.0990092787721073,4.4899091720581055,0.6841912855523489,1.114338755607605,1.5352364285443871,0.0,False,3.3804919719696045,4.305102348327637,4.4899091720581055
555,IoBT_GUNFIRE,20.0,20.70309194548581,19.99638557434082,0.9223661779341402,2.7639384269714355,0.02469581924378872,16.157180693129995,16.28086280822754,0.9219435163081271,2.576033115386963,0.9154201138538579,0.0,19.354067453527414,19.134450912475586,0.9557568279544479,3.479408025741577,14.272425783651926,15.377951622009277,0.9172335396434522,2.5842180252075195,1.1114877519518098,0.0,False,19.60749053955078,19.219791412353516,15.377951622009277
556,IoBT_GUNFIRE,0.0,1.0211681827981465,0.026804864406585693,0.6365488110324611,1.09027898311615,0.05459011718630791,1.851438606607256,-0.08114878833293915,0.6358445973297839,1.0864500999450684,1.271002877201275,0.0020889037433155077,9.367933454007394,10.108436584472656,0.8432767942083211,1.8293323516845703,5.313343143819706,6.6275529861450195,0.7960656852965792,1.3623393774032593,1.346348098295828,0.0,False,4.823248863220215,7.347376346588135,6.6275529861450195
557,IoBT_GUNFIRE,10.0,10.60159886767149,9.971548080444336,0.9127586291263615,1.1786590814590454,0.0781247541308403,10.058191618431895,8.896223068237305,0.9130711895035543,1.1805460453033447,0.9462486500375384,0.004177807486631015,15.8135677894803,16.24663543701172,0.9622514920183753,2.674773931503296,10.199926749328796,11.458456039428711,0.9442096854751649,1.3090522289276123,1.1752262938638813,0.0,False,12.254561424255371,12.609318733215332,11.458456039428711
558,IoBT_GUNFIRE,15.0,14.999969215592204,14.883443832397461,0.9462388987817004,2.1169862747192383,0.04299214482307434,14.264361243611193,14.779668807983398,0.946454396508816,2.1331162452697754,0.9066898191622976,0.0,18.204021198920483,18.940580368041992,0.9629032057370869,2.376805067062378,12.345623260364178,13.924006462097168,0.9506751720735409,2.102806806564331,1.1223336220253872,0.0,False,14.858227729797363,14.893632888793945,13.924006462097168
559,IoBT_GUNFIRE,10.0,10.455727759548793,10.009459495544434,0.9172209476829266,2.138509750366211,0.04808644577860832,9.637109757019575,8.638593673706055,0.9168646515180087,2.14936900138855,0.9464771691482008,0.004177807486631015,21.320783305505028,21.31377410888672,0.9670669038930332,3.2069334983825684,10.650838444912566,12.595614433288574,0.9301591035957391,2.2454075813293457,1.1820629702158194,0.0,False,10.461175918579102,13.91712760925293,12.595614433288574
560,IoBT_GUNFIRE,20.0,21.48501980406756,20.00107192993164,0.9905411174032784,2.069413185119629,0.04738326743245125,11.534704342407135,9.555246353149414,0.990513730821505,2.1785664558410645,0.9428537582609107,0.004177807486631015,19.76713123703678,18.657859802246094,0.9921426552629005,3.520460367202759,13.977730057992163,15.130209922790527,0.9876638866920096,2.7411880493164062,1.1479585801420007,0.0,False,20.15044403076172,21.188697814941406,15.130209922790527
561,IoBT_GUNFIRE,10.0,10.408995765165603,9.994894981384277,0.949491164766909,1.467028260231018,0.04674433544278145,9.611252786931438,8.660988807678223,0.9495613686867526,1.490870475769043,0.9443913761370061,0.0020889037433155077,15.416872467833638,14.965597152709961,0.9621153763831819,2.698803663253784,8.386656447386843,10.393836975097656,0.9476567271845264,1.6621819734573364,1.2322340007574633,0.0,False,10.125922203063965,10.202085494995117,10.393836975097656
562,IoBT_GUNFIRE,10.0,10.043244119773956,10.007783889770508,0.8592829860057437,1.8470454216003418,0.050345826894044876,7.420166462644095,6.767005443572998,0.8590254819717512,1.8779370784759521,0.9973255112457853,0.006266711229946525,10.399827442604234,10.288103103637695,0.9089089275486611,2.1676595211029053,12.461023457870768,13.264007568359375,0.9127262638166376,2.271195888519287,1.0879803391261493,0.0,False,13.883210182189941,15.020495414733887,13.264007568359375
563,IoBT_GUNFIRE,0.0,0.5038838867344247,-0.03328586369752884,0.7189396796048276,1.1374461650848389,0.11693427711725235,1.81248175350872,0.3175678253173828,0.7185981551639145,1.1360567808151245,1.2331349420801057,0.006266711229946525,6.627713804976743,8.452438354492188,0.8906486100700302,1.654423713684082,2.0544158885269517,2.956019878387451,0.843314900657431,1.3287394046783447,1.4177211383988715,0.00625,False,3.8495192527770996,5.173089027404785,2.956019878387451
564,IoBT_GUNFIRE,-5.0,-5.000048981579736,-5.001561641693115,0.8358227884371117,1.4654781818389893,0.02460767701268196,-4.088915353970002,-5.052367210388184,0.8351906157770026,1.4387609958648682,1.8295222146350174,0.0,12.906964101712797,13.523319244384766,0.9409780187593704,2.0155532360076904,6.92544458884075,9.41980266571045,0.9150670133473859,1.7086232900619507,1.2641327487081613,0.0,False,0.7677780389785767,11.230010986328125,9.41980266571045
565,IoBT_GUNFIRE,-10.0,-9.99999750907712,-10.539613723754883,0.52890916853249,1.0464162826538086,0.297195166349411,-8.452476528043128,-10.233434677124023,0.529357642401025,1.0477385520935059,2.7716074752640902,0.0,1.6661666562830297,-2.817735433578491,0.5751716848445056,1.06040620803833,-9.401883232599905,-10.517688751220703,0.6956507940166102,1.0466500520706177,3.0774707979311726,0.004166666666666667,False,-9.324617385864258,-9.773775100708008,-10.517688751220703
566,IoBT_GUNFIRE,5.0,5.554156346447821,4.995720386505127,0.9184040597169264,1.3108205795288086,0.03458637744188309,6.453758333730713,5.051627159118652,0.9180947185360026,1.2922283411026,1.0164992588130324,0.0,18.86977239298056,18.538108825683594,0.963491384551659,2.7001259326934814,7.905146118291891,12.255350112915039,0.9439454961368893,1.4549044370651245,1.3291066754360357,0.0,False,14.200090408325195,13.94011402130127,12.255350112915039
567,IoBT_GUNFIRE,0.0,0.006242042739461564,-6.487832546234131,0.5205860031818282,1.02397620677948,0.027165628969669342,0.9152696098434538,-6.402958869934082,0.5186568932021804,1.0232571363449097,1.2251391083382122,0.0,1.2535689500812073,4.754976749420166,0.6241771078143482,1.3779582977294922,7.435667785087761,-2.151364803314209,0.5429783550089539,1.0191242694854736,1.119432775619819,0.0,False,-1.9068152904510498,-1.8375910520553589,-2.151364803314209
568,EXISTING_PROXY,0.0,-0.000711381387614535,-0.05349321663379669,0.8710649616339033,1.137178659439087,0.10470529645681381,0.8324903666091404,-0.22482910752296448,0.8710982759217661,1.1306596994400024,1.259830357369828,0.00835561497326203,11.339659548392012,11.370104789733887,0.9530126195480558,1.9283099174499512,2.2333512302821372,4.669837951660156,0.9401982270727857,1.4159605503082275,1.4496079559255441,0.0,False,3.8137290477752686,4.8125715255737305,4.669837951660156
569,EXISTING_PROXY,0.0,0.0,105.15982055664062,0.9999999999999993,4.643888473510742,0.08276712894439697,20.56127947322897,27.494403839111328,0.9999647082335587,4.41123104095459,0.8966448302493715,0.0,17.496184874861214,21.21407699584961,0.9752159410995213,4.185034275054932,16.170240485485902,19.390928268432617,0.980275537950867,4.215764999389648,1.1429907981105925,0.0,False,32.79963684082031,26.864843368530273,19.390928268432617
570,IoBT_GUNFIRE,15.0,15.001335917226037,7.9742841720581055,0.7964793604720593,1.4153099060058594,0.08987605571746826,12.649363308857723,7.969054222106934,0.7986613015458777,1.4221172332763672,0.8419521370569236,0.0,1.1194524534647923,2.4707727432250977,0.7947946689895865,1.7148621082305908,12.846277490013975,10.189162254333496,0.8286322871099819,1.546870470046997,1.1733638978953782,0.0,False,8.008889198303223,9.02524185180664,10.189162254333496
571,IoBT_GUNFIRE,0.0,0.40932853178398443,-0.07474036514759064,0.8822976078958327,1.6802828311920166,0.033121924847364426,0.7031068351874894,-1.0488882064819336,0.8816792087800825,1.6677159070968628,1.281205872980631,0.004177807486631015,11.508898691862708,10.750116348266602,0.9585544442086,1.2625819444656372,7.645980343567919,9.838545799255371,0.9316219898910821,1.1204578876495361,1.2599045294389584,0.0,False,7.882872581481934,9.391810417175293,9.838545799255371
572,IoBT_GUNFIRE,10.0,10.000020927683725,9.997748374938965,0.9167492131665235,1.9568029642105103,0.05771256610751152,9.204536255352169,8.621175765991211,0.9164551868753277,1.916319489479065,0.9468761382695814,0.0020889037433155077,10.061703689278552,11.652759552001953,0.9507083258737957,2.351175308227539,7.7995345647292424,9.977774620056152,0.9224377773698715,2.0043296813964844,1.2264022131296701,0.0,False,10.266767501831055,10.754852294921875,9.977774620056152
573,EXISTING_PROXY,5.0,5.912467889139757,4.8314127922058105,0.7768118415458022,1.2261741161346436,0.06547072529792786,5.601582564480015,3.653517246246338,0.7766383808197885,1.2421084642410278,1.0207112008091266,0.006266711229946525,10.016994934498207,9.699319839477539,0.868486244429935,1.8380860090255737,5.842980928511202,8.750452995300293,0.8517123835041999,1.5596773624420166,1.388095587982541,0.0,False,7.559309959411621,8.828009605407715,8.750452995300293
574,EXISTING_PROXY,0.0,-4.228352669650088e-06,-0.02162088081240654,0.7099920939041424,1.0799074172973633,0.15751434862613678,0.9920693619260924,-0.23709794878959656,0.709973509017167,1.0850144624710083,1.2286907116836436,0.004177807486631015,3.264333904269331,2.034834861755371,0.8005802524333772,1.1666128635406494,1.2448646713738165,2.7918803691864014,0.8031437629988043,1.1556910276412964,1.4468888177593442,0.0,False,0.7971043586730957,2.9243323802948,2.7918803691864014
575,IoBT_GUNFIRE,10.0,12.00538933948879,10.04849910736084,0.8873219883294754,1.4081004858016968,0.04932181537151337,12.426904790432756,9.954322814941406,0.8868885044056907,1.4195307493209839,0.939856231874693,0.0,11.746532530473086,10.000329971313477,0.897094230773297,2.4156949520111084,10.969110552642526,11.808257102966309,0.9011262980062587,1.7678967714309692,1.2236630139867197,0.0,False,11.48350715637207,12.828439712524414,11.808257102966309
576,IoBT_GUNFIRE,10.0,12.213847604215594,10.00512981414795,0.7665337527674003,1.8258975744247437,0.05276842787861824,10.427891725191433,7.677900314331055,0.7651944482083883,1.811647653579712,0.9522748337018129,0.0020889037433155077,10.5636638548291,12.763618469238281,0.8261621003387472,2.145580768585205,9.733316875831177,12.524702072143555,0.8689120574099594,2.1891732215881348,1.3253806923907996,0.0,False,11.987475395202637,14.347691535949707,12.524702072143555
577,IoBT_GUNFIRE,20.0,20.000746752840758,16.431467056274414,0.9171834160845043,3.1977808475494385,0.12743571400642395,14.889989139163038,16.545392990112305,0.9167724940972697,3.215670585632324,0.8514298992717652,0.0,3.9977697235430765,8.926031112670898,0.8643338329263449,2.21610164642334,12.062496000717351,12.155776977539062,0.9066377717203414,2.701026201248169,1.1792606235690184,0.010416666666666668,False,15.930752754211426,15.021114349365234,12.155776977539062
578,IoBT_GUNFIRE,-10.0,-9.397291587438696,-9.786690711975098,0.8054583698680722,1.2142252922058105,0.02494974061846733,-7.936099552335966,-9.479164123535156,0.8047180365834474,1.2247178554534912,2.8298152272060966,0.0,10.689789712688356,9.71965217590332,0.9008939176171845,1.9382835626602173,-6.025639900188918,-4.6494574546813965,0.8375804115396825,1.260445475578308,2.4689537183334718,0.0,False,-7.254408836364746,-4.783781051635742,-4.6494574546813965
579,IoBT_GUNFIRE,5.0,5.043401615658225,5.058923721313477,0.8828717894690462,1.8351982831954956,0.06595046073198318,5.306465726329897,4.4644060134887695,0.883359408907256,1.8073277473449707,1.0489357520440161,0.004177807486631015,12.892771605379025,13.280157089233398,0.8986635234412009,2.1067583560943604,7.9839188429818275,10.62356948852539,0.9111513197709936,1.6853818893432617,1.2438326393544512,0.0,False,6.867209434509277,9.60525894165039,10.62356948852539
580,EXISTING_PROXY,10.0,9.999989902006828,9.99312686920166,0.9878681944402994,3.629061698913574,0.08294022083282471,7.294155499917201,6.443758964538574,0.987780474187233,3.3598406314849854,0.9526763843600856,0.01044451871657754,3.058313720282907,0.12587027251720428,0.9032735947498639,1.5027333498001099,9.170229564214456,8.977710723876953,0.9719771264803049,2.206728458404541,1.035560416164997,0.0,False,10.94491958618164,8.542764663696289,8.977710723876953
581,IoBT_GUNFIRE,0.0,0.3615272402921071,-0.13609477877616882,0.7498406566278215,1.1570661067962646,0.023920688778162003,0.44716576426361676,-1.210507869720459,0.7499936473955232,1.1404980421066284,1.2954457787862828,0.0020889037433155077,2.4232207601666844,-1.3839516639709473,0.6173199920508583,1.0973697900772095,2.864572130000227,3.690978527069092,0.7763921577679288,1.1915273666381836,1.349143361190023,0.0,False,2.76767635345459,4.379195213317871,3.690978527069092
582,IoBT_GUNFIRE,10.0,11.304396966339937,9.99129581451416,0.9457325028927283,2.149930238723755,0.07529715448617935,11.882258276448812,10.162384033203125,0.9457804451772752,2.113043785095215,0.9331168613306029,0.0,17.21641412222099,15.799793243408203,0.9853421488228212,2.503856897354126,11.520762818204254,12.833442687988281,0.9676937226865189,2.195575475692749,1.1885701025035362,0.0,False,10.419561386108398,12.25781536102295,12.833442687988281
583,IoBT_GUNFIRE,10.0,12.364879776907094,9.942769050598145,0.9736613197184949,1.5989904403686523,0.07044163346290588,9.251034015102833,5.994110584259033,0.9734229835581947,1.5040946006774902,0.9582349732360143,0.006266711229946525,12.830449023683537,10.062528610229492,0.9055790612487054,1.8119697570800781,8.474521387838152,10.193511009216309,0.968321775579901,1.6069917678833008,1.352385585170954,0.0,False,10.246058464050293,10.34453296661377,10.193511009216309
584,IoBT_GUNFIRE,10.0,10.13133669462275,10.058732032775879,0.9223125856783294,1.5585918426513672,0.12823985517024994,8.46788649192652,7.67754602432251,0.924084443049394,1.5887666940689087,0.9530292073890198,0.014622326203208556,4.866058430501487,4.319154739379883,0.9255311259786965,1.8128972053527832,8.217951529183903,8.646589279174805,0.9365378811144351,1.8422752618789673,1.125625200700176,0.004166666666666667,False,8.236682891845703,9.728150367736816,8.646589279174805
585,EXISTING_PROXY,20.0,19.999962566849888,19.991275787353516,0.9329147124326984,2.0351147651672363,0.14725275337696075,8.428675447901773,7.746040344238281,0.9325293690719932,2.014993906021118,0.925203164038525,0.01671122994652406,13.828331515489474,15.259509086608887,0.9480627458347,2.4382729530334473,9.437745885447464,12.733407974243164,0.9437285646444132,2.0571064949035645,1.2258213382452716,0.004166666666666667,False,18.476083755493164,15.459840774536133,12.733407974243164
586,IoBT_GUNFIRE,0.0,1.9360808856951435,0.19799470901489258,0.8393939288939444,1.2157167196273804,0.02572234906256199,2.359348028455919,-0.6015681624412537,0.8387929247118235,1.2248010635375977,1.2876460072297669,0.0020889037433155077,9.234376880175557,6.974851608276367,0.8840274189210376,1.3948618173599243,6.141260286077604,4.870284080505371,0.8767815394502705,1.291010856628418,1.2344353655821128,0.0,False,3.035578489303589,5.462944984436035,4.870284080505371
587,IoBT_GUNFIRE,-5.0,-2.9986942678670796,-5.039492130279541,0.6685264253703146,1.2543928623199463,0.09736242145299911,-1.9592913702266033,-5.046085357666016,0.6663981394489763,1.2606158256530762,1.8150107876243267,0.0,9.15055901273801,7.1246442794799805,0.8417514967621573,1.58646559715271,5.061296538854099,4.139176845550537,0.8401975236753384,1.5529863834381104,1.3143560362314843,0.0,False,5.701846122741699,6.066821098327637,4.139176845550537
588,EXISTING_PROXY,15.0,15.454779163353097,15.005290985107422,0.9647851188175047,2.643028974533081,0.0718025341629982,13.720020808621289,13.423025131225586,0.9648772780096849,2.5698952674865723,0.916193394223649,0.0020889037433155077,11.105003522608223,11.607979774475098,0.9190880418004942,1.6947996616363525,10.695983473092976,12.177976608276367,0.9444380070789453,2.4175302982330322,1.1646585349153165,0.00625,False,17.067455291748047,15.887901306152344,12.177976608276367
589,IoBT_GUNFIRE,-10.0,-8.754049998162326,-9.992886543273926,0.6747015693396953,1.1049028635025024,0.10634379833936691,-7.926432590420923,-10.239182472229004,0.6728997688957501,1.0873851776123047,3.0190766919520127,0.0020889037433155077,8.547183437713539,7.007589340209961,0.624597365601362,1.2507553100585938,3.188217648376953,3.3578152656555176,0.6750484725412406,1.343080997467041,1.396026387369115,0.0,False,3.978248119354248,4.344742298126221,3.3578152656555176
