input_snr,category,out_snr_noisy,out_snr_enhanced,sisdr_noisy,sisdr_enhanced,sisdr_improvement,stoi_noisy,stoi_enhanced,pesq_noisy,pesq_enhanced
-5,nonstationary,-5.0000005,10.96847,-5.0326824,10.783693,15.816376,0.8957099659397776,0.94015791025664,1.3928982019424438,1.452668309211731
-5,nonstationary,-5.0,2.6109314,-5.003887,0.6020049,5.605892,0.6652137320241185,0.7054938674520164,1.05538010597229,1.0746530294418335
-5,nonstationary,-5.0,2.3978534,-5.0344505,2.2616663,7.296117,0.7208666365028157,0.8294729254373903,1.1613452434539795,1.204740285873413
-5,nonstationary,-5.0,-4.9501653,-5.0286384,-5.2300863,-0.20144796,0.7537678509189291,0.7390694829313404,1.404527187347412,1.3581466674804688
-5,nonstationary,-4.999999,2.5767593,-4.861368,2.2572753,7.1186438,0.8400438852026747,0.8485396927939354,1.218799352645874,1.3811428546905518
-5,nonstationary,-4.9999986,2.5175748,-5.168081,1.5806954,6.7487764,0.7988893527933584,0.8523068579142035,1.090511441230774,1.1833441257476807
-5,nonstationary,-5.0000005,7.8261847,-5.028109,7.088887,12.116997,0.7440994071245866,0.7702991117082375,1.1087636947631836,1.8292715549468994
-5,nonstationary,-4.9999995,1.1559403,-5.181766,-1.1907433,3.9910226,0.41353427708399076,0.5223394518694817,1.0923516750335693,1.075918197631836
-5,nonstationary,-4.999999,2.3048286,-4.9725804,-1.4818245,3.490756,0.40721063370963695,0.4730696422037446,1.090185284614563,1.100996971130371
-5,nonstationary,-4.9999995,4.6529746,-5.0569267,2.8318563,7.888783,0.43328076248179703,0.47582501334816635,1.0462253093719482,1.1588300466537476
-5,nonstationary,-4.999999,2.3143353,-5.4184937,-1.5218885,3.8966053,0.7149029226405818,0.6805359931738667,1.0291640758514404,1.0779927968978882
-5,nonstationary,-4.9999995,0.7363221,-5.193257,-0.76750636,4.4257507,0.5993745207462641,0.6342831107988444,1.2406468391418457,1.4684805870056152
-5,nonstationary,-5.0,2.8026817,-4.969311,1.2210343,6.190346,0.6942836207687165,0.7550452590126987,1.0831207036972046,1.2684434652328491
-5,nonstationary,-5.0000005,2.8346694,-5.229006,0.1527475,5.3817534,0.6536113110795564,0.5215132637531082,1.0402108430862427,1.0910667181015015
-5,nonstationary,-4.999999,2.7629485,-5.1155257,1.6170925,6.7326183,0.6101728402406114,0.6730890201147026,1.0420416593551636,1.0909620523452759
-5,nonstationary,-4.999999,-4.0326815,-4.9922476,-8.342231,-3.3499832,0.5412591574286368,0.46312265123969726,1.0274714231491089,1.027530550956726
-5,nonstationary,-4.999999,-3.2530336,-4.46683,-5.9436603,-1.4768305,0.5824565208941769,0.5827578485849366,1.1214401721954346,1.0599123239517212
-5,nonstationary,-5.0,4.22507,-5.344922,2.222757,7.5676794,0.6835788588524656,0.5876662095404378,1.5096973180770874,1.5088677406311035
-5,nonstationary,-4.999999,2.761352,-5.216075,1.0653378,6.2814126,0.6259989484334287,0.7232023582113197,1.054592251777649,1.1298662424087524
-5,nonstationary,-5.0000005,1.134472,-4.6230392,-5.2496347,-0.6265955,0.5648249058597193,0.5179867279750232,1.0571794509887695,1.0870941877365112
-5,nonstationary,-5.0,2.2162683,-4.95555,1.5511425,6.506693,0.7531036497342305,0.7996246012648914,1.107390284538269,1.1534067392349243
-5,nonstationary,-5.0,-2.2677917,-5.1815424,-9.8025055,-4.620963,0.5855839285724096,0.42093289528401034,1.059738278388977,1.046748399734497
-5,nonstationary,-5.0000005,4.4119616,-4.9654655,3.7804759,8.745941,0.7632913582885809,0.818954040158055,1.0382143259048462,1.1519896984100342
-5,nonstationary,-4.999999,4.013233,-5.227598,2.2695007,7.497099,0.542833429489492,0.7360469500862268,1.0318965911865234,1.1288589239120483
-5,nonstationary,-4.9999995,2.9939747,-4.934873,0.28154194,5.216415,0.2576769166205826,0.3424407603842619,1.0341997146606445,1.084354043006897
-5,nonstationary,-5.0,3.4170043,-4.9106193,1.6205992,6.5312185,0.7302901338941347,0.7441064854603383,1.158273458480835,1.3205549716949463
-5,nonstationary,-5.0000005,1.4943606,-5.019198,-2.9865546,2.0326433,0.6974975668531344,0.7033159562603334,1.1230006217956543,1.1117039918899536
-5,nonstationary,-5.000001,9.417991,-5.012554,8.891727,13.904282,0.7424978724645165,0.7584128518213222,1.0569071769714355,1.3183082342147827
-5,nonstationary,-4.999999,8.814718,-5.015967,8.227839,13.243807,0.9240584156116428,0.9267238203667535,1.2660486698150635,1.872479796409607
-5,nonstationary,-4.9999995,-1.1280556,-5.0438266,-3.2785225,1.7653041,0.6998958718896877,0.6963362037664327,1.081650733947754,1.0820395946502686
-5,nonstationary,-4.999999,2.4929929,-5.036511,1.923399,6.95991,0.7641537931069574,0.803041847613015,1.0650317668914795,1.3199957609176636
-5,nonstationary,-5.0000005,1.3259851,-5.0451894,-2.6349618,2.4102275,0.44460338632950175,0.3720379188528641,1.0579445362091064,1.040940284729004
-5,nonstationary,-5.000001,4.955505,-4.945327,3.330215,8.275541,0.5134499494741126,0.6554957663234091,1.1886699199676514,1.0710313320159912
-5,nonstationary,-5.0,-2.2484264,-5.028546,-3.4111187,1.6174271,0.5800374231935211,0.593549906007654,1.024002194404602,1.03240966796875
-5,nonstationary,-4.999999,4.6157813,-4.8611774,3.2119417,8.073119,0.4950109830252824,0.7527748766046106,1.0856822729110718,1.1753839254379272
-5,nonstationary,-5.0000005,-0.7689266,-5.006899,-2.160134,2.8467648,0.9047472482905623,0.9015305173914222,1.068488359451294,1.1057958602905273
-5,nonstationary,-4.999999,1.2725021,-5.1894083,-4.675308,0.5141001,0.553348493456937,0.5164864065407012,1.0409070253372192,1.0456229448318481
-5,nonstationary,-4.9999995,1.7625842,-4.8291597,-2.7337015,2.0954583,0.7404442160748145,0.6415297524917869,1.051300287246704,1.0619860887527466
-5,nonstationary,-5.0,2.6939402,-4.9960513,2.2561135,7.252165,0.7910407313189317,0.8548339791928418,1.0893990993499756,1.208335041999817
-5,nonstationary,-5.0,-1.3700469,-5.138311,-4.2566943,0.8816166,0.7005456424041258,0.6775351380744282,1.0863845348358154,1.1212241649627686
-5,nonstationary,-5.0,4.3092127,-5.031784,2.3952272,7.4270115,0.4977825117770329,0.5757977279639535,1.0685490369796753,1.107163906097412
-5,nonstationary,-4.999999,3.4179208,-5.40478,1.1315086,6.5362883,0.6668566748697368,0.7693825439884139,1.0588339567184448,1.1645722389221191
-5,nonstationary,-4.999999,13.748063,-4.9982853,13.634748,18.633034,0.8770007613535493,0.8649870694923953,1.3834470510482788,1.7606229782104492
-5,nonstationary,-5.0000005,5.964895,-4.82737,4.7056623,9.533032,0.6749725226264447,0.7874216116301554,1.0890185832977295,1.1286351680755615
-5,nonstationary,-5.0,2.4033728,-5.069508,-1.0774442,3.992064,0.42496841696543847,0.4549996278092038,1.0826884508132935,1.1428327560424805
-5,nonstationary,-4.9999995,-0.88133883,-5.606422,-7.8097267,-2.2033048,0.36277323411762696,0.3588469230239915,1.021597981452942,1.021681547164917
-5,nonstationary,-4.9999995,0.5205412,-4.752656,-3.7647727,0.9878833,0.7338558876797647,0.701165974496628,1.0723049640655518,1.0750713348388672
-5,nonstationary,-5.0000005,1.789981,-5.0037074,-1.9056656,3.0980418,0.4718021770986942,0.47915878968758024,1.0501341819763184,1.097165822982788
-5,nonstationary,-4.999999,4.6109667,-5.234468,3.0103538,8.244822,0.6130088801333552,0.7048717912596493,1.035934567451477,1.1657559871673584
-5,nonstationary,-5.0,1.5939194,-5.1079082,-3.3754725,1.7324357,0.3895034693024896,0.3048230645099981,1.0392210483551025,1.1173045635223389
-5,nonstationary,-5.0,2.691606,-5.247023,0.8329263,6.0799494,0.7454334914903034,0.7655752751306459,1.115786075592041,1.2891535758972168
-5,nonstationary,-5.0,-4.929035,-4.9915257,-5.039317,-0.04779148,0.7404844567350874,0.7493294570537492,1.3293484449386597,1.3497910499572754
-5,nonstationary,-4.9999995,6.0922914,-4.948364,5.931821,10.880184,0.8673232233434567,0.8917819039381918,1.11288321018219,1.3044174909591675
-5,nonstationary,-4.9999995,0.21407554,-5.0677156,-0.40226638,4.665449,0.7711392050602854,0.7620181551723918,1.285064935684204,1.3154940605163574
-5,nonstationary,-4.9999995,1.6470116,-4.866746,0.7138241,5.58057,0.7668005497622681,0.770838564431551,1.0561596155166626,1.1551038026809692
-5,nonstationary,-5.0,-3.3439481,-4.955651,-4.5539064,0.40174437,0.5412271120792856,0.5412103097041354,1.0571540594100952,1.0696977376937866
-5,nonstationary,-4.9999995,-3.813753,-4.9472876,-5.689329,-0.7420416,0.8464392910270806,0.8327945550496108,1.1834543943405151,1.4894421100616455
-5,nonstationary,-4.9999995,-4.7957172,-5.039225,-5.17031,-0.13108492,0.9439498116818348,0.9463248735446583,1.493428111076355,2.0701708793640137
-5,nonstationary,-4.9999995,2.8331652,-4.773171,2.3917465,7.1649175,0.8804441359332248,0.8947490290481563,1.3771637678146362,1.462144374847412
-5,nonstationary,-4.999999,2.0571737,-5.117017,-2.0607078,3.056309,0.6017609834437754,0.49822508748306177,1.0330381393432617,1.0766288042068481
-5,nonstationary,-5.0,8.785645,-5.219004,8.175777,13.394781,0.9409499918424371,0.9243890395693962,1.4665311574935913,1.9058353900909424
-5,nonstationary,-5.0,4.9630575,-4.816123,3.3027408,8.118864,0.8379388978906771,0.8107790985515476,1.1427626609802246,1.3154962062835693
-5,nonstationary,-5.0000005,-2.006297,-5.32557,-4.5610027,0.7645674,0.7464734099598552,0.6670200155773348,1.0767121315002441,1.1088953018188477
-5,nonstationary,-5.0000005,13.222465,-4.9985642,13.015672,18.014236,0.7995872620519447,0.8135212923854159,1.120110273361206,1.2418994903564453
-5,nonstationary,-5.0000005,1.1979684,-5.1099133,-2.0759053,3.034008,0.4296911153874329,0.490147954087298,1.0366454124450684,1.0488277673721313
-5,nonstationary,-5.0000005,1.4337527,-5.0440454,0.25871888,5.3027644,0.5417673461019368,0.6239226957068646,1.0763407945632935,1.1304926872253418
-5,nonstationary,-4.9999995,-1.7097181,-5.19473,-2.3825877,2.8121421,0.5548185746635977,0.5674562602200972,1.055809736251831,1.0851424932479858
-5,nonstationary,-4.999999,1.3203913,-4.935413,-3.9544568,0.9809561,0.5257000948582663,0.483708130228507,1.0235410928726196,1.0301170349121094
-5,nonstationary,-5.0000005,-3.4605007,-5.105399,-4.4679255,0.6374736,0.7296624887014591,0.7495936039557437,1.1596158742904663,1.1580067873001099
-5,nonstationary,-5.0000005,1.893459,-5.0821915,-2.5112972,2.5708942,0.42772405091740073,0.44425552410558505,1.1245847940444946,1.2794831991195679
-5,nonstationary,-5.0,-3.9031425,-4.6636505,-4.5134587,0.15019178,0.6995981694627373,0.7234659192304708,1.111461877822876,1.1920212507247925
-5,nonstationary,-5.0000005,0.46316755,-4.9015007,0.3214057,5.2229066,0.9036324316934312,0.9161013319938395,1.1724624633789062,1.435655951499939
-5,nonstationary,-5.0,3.9155223,-4.844548,2.882975,7.7275233,0.7348273715279825,0.7426562125915395,1.0285495519638062,1.0584758520126343
-5,nonstationary,-4.9999995,2.0078824,-4.859925,-1.2088062,3.6511188,0.6710746454218808,0.6802675221812517,1.0375169515609741,1.1121766567230225
-5,nonstationary,-4.9999995,6.0687838,-4.949435,4.8668613,9.816297,0.6658956182531948,0.8037182006237737,1.0857449769973755,1.3693370819091797
-5,nonstationary,-4.999999,1.1159339,-5.3572035,-0.015750889,5.3414526,0.7280118272176507,0.7669160467141849,1.054256796836853,1.1604888439178467
-5,nonstationary,-5.0,3.0629973,-4.9141827,1.4458286,6.360011,0.49035950286537927,0.5901088082304999,1.032173991203308,1.0793455839157104
-5,nonstationary,-4.9999995,-4.9082074,-5.0722227,-6.7770786,-1.7048559,0.7133157203277293,0.7157914804498005,1.0829005241394043,1.1328349113464355
-5,nonstationary,-4.999999,4.0555463,-5.0075617,2.2983851,7.305947,0.5965043056580022,0.6487731137546541,1.0272265672683716,1.063570261001587
-5,nonstationary,-4.9999995,7.917857,-4.747339,7.277582,12.024921,0.8643421805056816,0.9141599927756375,1.1188188791275024,1.4169692993164062
-5,nonstationary,-5.0,3.0651462,-5.062518,1.8123735,6.8748918,0.6333365498178556,0.745256564790806,1.0354008674621582,1.1501080989837646
-5,nonstationary,-4.9999995,-2.003066,-4.991489,-3.364724,1.626765,0.7272160461521028,0.7360188470140698,1.0395973920822144,1.0536032915115356
-5,nonstationary,-4.999999,0.46409768,-5.0468655,0.20922498,5.2560906,0.7781618488162533,0.84643321433195,1.2436655759811401,1.2011853456497192
-5,nonstationary,-5.0,4.686588,-5.2610664,3.3277175,8.588784,0.679915492662985,0.7130468656557786,1.09730064868927,1.2764396667480469
-5,nonstationary,-5.0,2.9745853,-5.194606,0.10085,5.295456,0.5557288221883689,0.5002915464410135,1.1026972532272339,1.0817985534667969
-5,nonstationary,-5.0,7.8695917,-4.9222083,7.1081038,12.030312,0.7739847445043387,0.7969247345222716,1.0925194025039673,1.2654451131820679
-5,nonstationary,-4.999999,0.85726494,-4.8834553,-1.1491396,3.7343156,0.6726399836144825,0.6955509073497188,1.063864827156067,1.0877386331558228
-5,nonstationary,-4.9999995,-1.0057434,-5.0068207,-1.4536088,3.553212,0.9278655253104897,0.9322968347613212,1.252255916595459,1.3817014694213867
-5,nonstationary,-4.999999,3.9870934,-5.2871175,1.7907082,7.0778255,0.7054915865172705,0.7016439009977071,1.070055603981018,1.0980539321899414
-5,nonstationary,-5.0,10.412482,-4.9632616,10.043372,15.006634,0.9531048140546748,0.9578220310197384,1.168993353843689,1.5860297679901123
-5,nonstationary,-4.9999995,2.6330438,-5.0359287,-0.77515244,4.2607765,0.6247168313752349,0.5643372206481658,1.0399279594421387,1.1255656480789185
-5,nonstationary,-4.999999,-1.6911049,-5.053714,-2.3907206,2.6629932,0.686367570305234,0.721798399464909,1.1204183101654053,1.1722157001495361
-5,nonstationary,-4.9999995,5.3002863,-4.5979543,4.133981,8.7319355,0.6749831307040696,0.7414453486908132,1.0337785482406616,1.1847801208496094
-5,nonstationary,-4.9999995,-1.4661679,-4.796904,-5.1291456,-0.33224154,0.7772278783072277,0.6802801946279036,1.0593727827072144,1.042892336845398
-5,nonstationary,-5.0000005,0.5882781,-5.045844,-6.3058496,-1.2600055,0.5263064226226959,0.45841376119743354,1.0510506629943848,1.0439674854278564
-5,nonstationary,-4.999999,6.75644,-4.888361,5.781104,10.669465,0.517473784534446,0.6104262204936629,1.0459293127059937,1.1679670810699463
-5,nonstationary,-4.9999995,9.279943,-5.0018435,8.746315,13.748158,0.45765066973941093,0.6274559998223687,1.729581594467163,1.1988577842712402
-5,nonstationary,-5.0,2.6012402,-4.967856,-0.46923158,4.4986243,0.4880751998964923,0.42412626162838624,1.0291770696640015,1.057344913482666
-5,nonstationary,-4.999999,1.9936349,-4.7366695,-0.3618518,4.374818,0.5795952308081811,0.5844311106059417,1.0382144451141357,1.0775624513626099
-5,nonstationary,-4.999999,-1.4618554,-4.9514384,-2.0950255,2.856413,0.8727938853363773,0.87819738999846,1.8379905223846436,2.0121312141418457
-5,impulsive,-4.9999995,13.56319,-4.964076,13.462408,18.426483,0.8703305621432048,0.9381897124006169,1.192251205444336,1.8738735914230347
-5,impulsive,-4.999999,6.3392715,-5.0051527,5.3918047,10.396957,0.7413755740455444,0.8324965746253498,1.1410095691680908,1.2699813842773438
-5,impulsive,-4.999999,15.423804,-4.98424,15.320047,20.304287,0.802311142837861,0.8910648076502609,1.1741795539855957,1.8125206232070923
-5,impulsive,-5.0000005,7.813394,-4.9901423,7.685228,12.67537,0.9245306113872005,0.9468660597095659,1.163466453552246,1.4432634115219116
-5,impulsive,-4.9999995,2.6207643,-5.077737,2.2259724,7.303709,0.6537484138392297,0.8107295097588124,1.2590084075927734,1.1104679107666016
-5,impulsive,-4.999999,10.46344,-5.1150393,10.131262,15.246302,0.8933226554757396,0.9609154977631752,1.2752859592437744,2.059230089187622
-5,impulsive,-5.0,8.292569,-5.0230923,7.602234,12.625326,0.6083559445848208,0.7547515883306556,1.1289197206497192,1.520721197128296
-5,impulsive,-4.9999995,10.925179,-5.071245,10.647192,15.718437,0.9630515618244954,0.9793266013637242,1.101300835609436,3.2855165004730225
-5,impulsive,-5.0,9.103853,-5.024761,8.537352,13.562113,0.5536638677498399,0.655180744925925,1.05449640750885,1.3213683366775513
-5,impulsive,-4.9999995,1.0423325,-5.017502,-5.120626,-0.10312414,0.49665638532646805,0.4191240282876203,1.041877269744873,1.1136270761489868
-5,impulsive,-5.0,6.6397905,-5.081197,6.255346,11.336542,0.9631126336724426,0.975987550059886,1.4417543411254883,2.346064329147339
-5,impulsive,-4.999999,6.431527,-4.8827667,5.5807424,10.463509,0.4762390815240137,0.5951977450803762,1.0591832399368286,1.3730149269104004
-5,impulsive,-4.999999,3.117546,-4.848383,1.9628304,6.8112135,0.7635222562608889,0.8054561045005242,1.0695089101791382,1.2648152112960815
-5,impulsive,-4.9999995,7.159583,-4.893245,6.241476,11.134722,0.6098114880971217,0.7025352760415418,1.0724530220031738,1.1904152631759644
-5,impulsive,-5.0000005,2.6475449,-5.052407,2.4783533,7.53076,0.7799893779147755,0.8517793646383409,1.2527881860733032,1.4507025480270386
-5,impulsive,-4.9999995,2.6973925,-4.9973807,-0.6249559,4.372425,0.49629870607244597,0.5490390574538704,1.035973310470581,1.0465004444122314
-5,impulsive,-4.999999,2.6561007,-5.0662894,-0.36861992,4.6976695,0.6407141379329494,0.5235152538877985,1.0739624500274658,1.124488115310669
-5,impulsive,-5.0000005,11.768594,-5.0234737,11.480552,16.504025,0.538261290536243,0.6107781395300735,1.0667940378189087,1.64722740650177
-5,impulsive,-4.999999,-4.994037,-4.873726,-5.3734016,-0.49967575,0.9996229542650078,0.9834147916203552,4.258884429931641,3.700324296951294
-5,impulsive,-4.9999995,1.992075,-4.4569945,-2.1670272,2.2899673,0.5399459651666345,0.5641413062488161,1.0305255651474,1.0688157081604004
-5,impulsive,-4.9999995,4.3965454,-5.053026,3.9263506,8.979377,0.7596005297585933,0.8014536178666911,1.0951892137527466,1.1703300476074219
-5,impulsive,-5.0000005,8.813932,-4.975254,8.204685,13.179939,0.7728218208996873,0.8265223570221808,1.142816185951233,1.3013919591903687
-5,impulsive,-5.0000005,6.4080286,-4.9308677,5.326845,10.257713,0.515469669396716,0.6176795058430412,1.092162013053894,1.2305265665054321
-5,impulsive,-4.999999,6.190461,-4.8031063,5.0107555,9.813862,0.6507673899481385,0.7932642902332632,1.040571928024292,1.2162281274795532
-5,impulsive,-5.0000005,6.7822695,-5.099507,5.82351,10.9230175,0.7100797398580518,0.6943658563231537,1.0391331911087036,1.197925090789795
-5,impulsive,-5.0000005,4.2104836,-5.235822,2.5873322,7.8231544,0.6075007784468381,0.7648350993548274,1.1203486919403076,1.3502916097640991
-5,impulsive,-5.0,2.418507,-5.009852,-1.2689347,3.7409172,0.6451457369071502,0.7143560633967769,1.044520378112793,1.5031565427780151
-5,impulsive,-5.0000005,10.067869,-5.023201,9.629014,14.652215,0.7047129183505163,0.6764466291987071,1.089769959449768,1.3139758110046387
-5,impulsive,-5.0000005,4.6754713,-5.0594006,4.468048,9.527449,0.9644778042621548,0.9660379634228453,1.4072515964508057,1.6470507383346558
-5,impulsive,-4.9999995,6.5161233,-4.918101,6.0976315,11.015732,0.9352562986981747,0.9267140910529634,1.632775068283081,1.4335205554962158
-5,impulsive,-5.0,3.5560117,-4.996631,1.3932966,6.389928,0.5196005285601494,0.616721720153861,1.0374614000320435,1.1371651887893677
-5,impulsive,-5.0000005,9.61419,-4.959702,9.472197,14.431898,0.6689440850291926,0.7471705039113439,1.0325582027435303,1.530301809310913
-5,impulsive,-4.9999995,7.7362304,-5.314762,6.6446157,11.959377,0.6299617112310455,0.5873694792791702,1.058921217918396,1.2576985359191895
-5,impulsive,-4.999999,5.0435534,-4.9298353,3.4249048,8.35474,0.8241029029368452,0.7495008463980823,1.1190602779388428,1.3997092247009277
-5,impulsive,-4.999999,3.1640365,-5.0086813,1.9983159,7.006997,0.644675912046263,0.7367369848103467,1.0281918048858643,1.061124563217163
-5,impulsive,-5.0,8.939846,-5.0745096,8.611528,13.686038,0.9189690952474083,0.9402833845557652,1.3908132314682007,2.2226552963256836
-5,impulsive,-4.999999,7.66587,-4.961538,7.0951056,12.0566435,0.8871013721199158,0.9003200951157947,1.2940555810928345,1.9429292678833008
-5,impulsive,-4.9999976,4.594578,-4.225999,4.714209,8.940208,0.779000625414381,0.8818952394433721,1.1113512516021729,1.2757540941238403
-5,impulsive,-4.9999995,7.7379684,-4.9981914,6.9627686,11.96096,0.634534122684312,0.7281437071396356,1.0292110443115234,1.221775770187378
-5,impulsive,-5.0,8.524132,-5.002718,8.092544,13.095262,0.5865750455337428,0.7132135472600485,1.0453966856002808,1.4464528560638428
-5,impulsive,-4.999999,-3.0548668,-5.0416317,-3.5250535,1.5165782,0.9289551706680993,0.9185291526409215,1.3779678344726562,1.349743366241455
-5,impulsive,-4.9999995,6.1480227,-5.043633,5.307691,10.351324,0.8470876051743647,0.8408383846991979,1.151241421699524,1.2677664756774902
-5,impulsive,-4.999999,7.300629,-4.999039,7.308293,12.307332,0.999999999999997,0.9999724132641359,4.271660804748535,4.512814521789551
-5,impulsive,-4.999999,11.149443,-4.982396,11.007304,15.9897,0.9950514088111299,0.9969179172182824,2.6542019844055176,3.8873116970062256
-5,impulsive,-4.9999995,6.7114496,-8.3451,3.0127356,11.357836,0.6212856443381191,0.7074423690170462,1.0427930355072021,1.1879160404205322
-5,impulsive,-5.0000005,3.5049095,-4.8208256,1.9023511,6.723177,0.8821406222486444,0.8887244424860862,1.212890625,1.36885404586792
-5,impulsive,-4.999999,7.2566442,-4.9861393,6.4566584,11.442798,0.6995209214558955,0.7177617127277349,1.0571033954620361,1.37349271774292
-5,impulsive,-4.9999995,2.3385282,-4.95557,1.6053357,6.560906,0.8364413927450733,0.8715580702552678,1.2406268119812012,1.4149320125579834
-5,impulsive,-5.0,6.6394644,-5.1477766,5.847588,10.995365,0.6881975861266975,0.6984066367393449,1.1341166496276855,1.2339681386947632
-5,impulsive,-5.000001,8.78873,-4.937972,8.179175,13.117147,0.7353328392252114,0.7975388663930209,1.1104027032852173,1.5370746850967407
-5,impulsive,-4.9999995,3.5642438,-5.16156,1.0897188,6.251279,0.6606474939440345,0.6147599295139153,1.0700709819793701,1.0726631879806519
-5,impulsive,-5.0000005,6.854254,-4.9714584,5.948152,10.919611,0.9786737344354379,0.9817444411039508,1.0968528985977173,2.907053232192993
-5,impulsive,-4.9999995,5.944604,-5.0317435,4.978672,10.010416,0.5057451337557732,0.6315094515592757,1.0636872053146362,1.1202417612075806
-5,impulsive,-4.999999,4.4695053,-4.975024,3.2306657,8.20569,0.7799779720343587,0.8063370715599271,1.2508518695831299,1.276573657989502
-5,impulsive,-5.0,3.2431045,-5.095251,0.80490935,5.9001603,0.566077898851254,0.6379334698790979,1.0360279083251953,1.094055414199829
-5,impulsive,-5.0000005,6.591487,-5.192285,5.6771607,10.869446,0.8786901225433033,0.8439856436003568,1.1017402410507202,1.7735438346862793
-5,impulsive,-5.0000005,9.262064,-4.960091,8.82208,13.782171,0.8505359272532166,0.8948576672356444,1.1917015314102173,1.6740598678588867
-5,impulsive,-4.9999995,3.9464679,-5.060637,2.2028434,7.26348,0.5919990167315029,0.6217591467219857,1.0763845443725586,1.1134541034698486
-5,impulsive,-4.9999995,7.6590357,-5.048005,6.8852754,11.933281,0.6425397733004191,0.8404899590934904,1.039873719215393,1.3644075393676758
-5,impulsive,-5.0000005,8.477148,-5.138505,8.130877,13.2693815,0.9380083683490757,0.9566739701664634,1.8398797512054443,2.2145159244537354
-5,impulsive,-4.9999995,6.136844,-4.954155,5.00214,9.956295,0.7254200371144951,0.8168083156367569,1.1430870294570923,1.4011563062667847
-5,impulsive,-5.000001,3.3407319,-2.5630684,2.3855133,4.9485817,0.7945409196528055,0.8890082335225955,1.0692505836486816,1.3314720392227173
-5,impulsive,-5.0,7.4886513,-5.066334,6.7305174,11.796851,0.45899761142441386,0.6953745017045895,1.0438731908798218,1.164654016494751
-5,impulsive,-4.9999995,11.018176,-4.978084,10.667275,15.645359,0.5189088040812528,0.639370532430709,1.0568583011627197,1.3834291696548462
-5,impulsive,-5.0000005,4.575339,-4.9622297,3.786016,8.748245,0.877364435836656,0.864213759790129,1.2436482906341553,1.2945988178253174
-5,impulsive,-5.0,3.8960602,-4.964715,2.161094,7.1258087,0.4343428548659363,0.5866119628688549,1.051612138748169,1.1124255657196045
-5,impulsive,-4.9999995,6.145541,-5.0622435,4.9767976,10.0390415,0.7772483358556063,0.9160369486688344,1.1115868091583252,1.2774181365966797
-5,impulsive,-4.999999,-0.122465774,-5.131647,-3.6815774,1.4500697,0.37110021476809885,0.4881478836843194,1.0795071125030518,1.181100606918335
-5,impulsive,-5.0,5.700573,-4.9849625,5.041133,10.026095,0.953002956174837,0.9284021772726108,2.346121072769165,1.9883034229278564
-5,impulsive,-4.9999995,11.407357,-4.9967027,11.123194,16.119896,0.6002608164538977,0.7802177148611789,1.0426400899887085,1.206002950668335
-5,impulsive,-4.9999995,8.088211,-4.8646636,7.5294013,12.394065,0.7900159740372165,0.8639955723336378,1.1306489706039429,1.2118253707885742
-5,impulsive,-4.999999,4.5085573,-5.090822,2.6109734,7.7017956,0.7497127678571203,0.6460454851454291,1.0300860404968262,1.1165772676467896
-5,impulsive,-5.0,5.8610415,-5.279211,4.987345,10.266556,0.7542449945525963,0.7932640389379185,1.129716396331787,1.639357566833496
-5,impulsive,-4.999999,1.0523263,-5.114503,0.47249985,5.5870028,0.6374196235479513,0.7486933082203481,1.0461734533309937,1.085279941558838
-5,impulsive,-4.999999,4.4396596,-4.8417926,2.6997132,7.541506,0.8707581426799171,0.86459907829113,1.1854543685913086,1.2978967428207397
-5,impulsive,-5.0,6.3347845,-4.7113686,5.336824,10.048193,0.8421586945451781,0.8720723236045743,1.2266054153442383,1.7913691997528076
-5,impulsive,-4.9999995,6.9644265,-5.032915,6.21481,11.247725,0.7099047367899617,0.7811119397567483,1.0425639152526855,1.2299593687057495
-5,impulsive,-5.0,4.246783,-5.0502963,3.5887,8.638996,0.9544269675929071,0.9730610547008627,1.9146885871887207,2.542904853820801
-5,impulsive,-4.999999,6.554142,-5.039218,5.470615,10.509832,0.7714979683908696,0.8393810248028575,1.122331976890564,1.5498580932617188
-5,impulsive,-4.9999995,10.527863,-5.079892,10.163061,15.242953,0.9551945373672568,0.9526814204925096,1.2274354696273804,2.343528985977173
-5,impulsive,-4.999999,10.019799,-4.9493303,9.567065,14.516396,0.6604382131398301,0.8321517649165991,1.0532501935958862,1.3680915832519531
-5,impulsive,-5.0,1.6411636,-5.037219,-0.57719624,4.460023,0.5164576176903616,0.6168000897935751,1.0322941541671753,1.088608741760254
-5,impulsive,-4.9999995,6.2934694,-4.957339,5.3762703,10.333609,0.8053018485925156,0.7735161787361318,1.1414915323257446,1.97207510471344
-5,impulsive,-5.0000005,3.7703993,-4.9444857,1.650743,6.5952287,0.5894994451852175,0.6410891767113545,1.0263696908950806,1.0909814834594727
-5,impulsive,-4.999999,13.312487,-5.012459,13.12456,18.13702,0.9597846773724812,0.952705780901444,1.2590112686157227,2.47363543510437
-5,impulsive,-5.0000005,9.46083,-5.007223,9.024275,14.031498,0.7776280650941132,0.8828644450255586,1.2059825658798218,1.370269775390625
-5,impulsive,-5.0,3.2355187,-5.088705,1.1033449,6.19205,0.7195827904831812,0.6249228329775447,1.0693354606628418,1.1089366674423218
-5,impulsive,-5.0,9.118818,-4.947994,8.643576,13.59157,0.7407624614434292,0.8248874885422058,1.0543837547302246,1.4352729320526123
-5,impulsive,-4.9999995,7.530654,-4.992738,6.7016034,11.694342,0.5288689990280335,0.7961928921602716,1.0938559770584106,1.3142703771591187
-5,impulsive,-4.9999995,5.0181093,-4.960306,3.8220944,8.7824,0.5809564938264212,0.722738547630036,1.081789493560791,1.2434059381484985
-5,impulsive,-4.9999995,6.2104316,-4.828795,5.743515,10.5723095,0.690352476307259,0.8075204510520236,1.248661994934082,1.5478107929229736
-5,impulsive,-4.9999995,7.039464,-4.9890485,6.0829425,11.071991,0.7521446610537027,0.7640837627347025,1.1062997579574585,1.231035590171814
-5,impulsive,-5.0,9.950428,-4.906883,9.553686,14.460569,0.9383432711221422,0.9609032863914835,1.2796984910964966,1.8131933212280273
-5,impulsive,-4.999999,2.0646427,-4.9741483,-2.0822165,2.8919318,0.6296583435795376,0.6926255423915157,1.0913395881652832,1.1935137510299683
-5,impulsive,-4.999999,8.094843,-5.0447073,7.7210226,12.76573,0.805696785728481,0.8655717880048731,1.3276818990707397,2.305631399154663
-5,impulsive,-5.0000005,4.330881,-5.0199056,3.0857167,8.105622,0.4676518013527033,0.5893583892796402,1.0670599937438965,1.1021850109100342
-5,impulsive,-5.0,7.208599,-4.9479094,6.4792833,11.427193,0.5206069134306865,0.6690392279916357,1.0312191247940063,1.1121127605438232
-5,impulsive,-4.9999995,1.2597642,-5.3152094,-1.4350924,3.880117,0.5273046367080555,0.608629026102379,1.0403099060058594,1.0730372667312622
0,nonstationary,-1.0354388e-06,14.069835,-0.018323153,13.9370165,13.955339,0.9361629743507149,0.9620809045489599,1.5130698680877686,2.472989559173584
0,nonstationary,0.0,7.096616,-0.0021804047,6.1893992,6.19158,0.7661106452534193,0.8185103094537067,1.0834019184112549,1.1124866008758545
0,nonstationary,-7.765791e-07,7.3916698,-0.019861054,7.3205,7.340361,0.8063236035677642,0.8863309054387492,1.2736930847167969,1.3070213794708252
0,nonstationary,5.1771934e-07,0.10195966,-0.016075132,-0.14704765,-0.13097252,0.8443755011640722,0.8289403072681261,1.6423044204711914,1.6195950508117676
0,nonstationary,5.1771934e-07,0.2685871,0.078461766,0.21488221,0.13642044,0.8993732629428774,0.8857742602924474,1.4251530170440674,1.4361791610717773
0,nonstationary,1.0354386e-06,5.29782,-0.093887985,4.9515185,5.0454063,0.874593547441518,0.9115268393502032,1.2513420581817627,1.475126028060913
0,nonstationary,-1.0354388e-06,10.204262,-0.020292232,9.804136,9.824429,0.8261287791482553,0.8589199911104599,1.4544615745544434,2.3759710788726807
0,nonstationary,-5.177194e-07,5.193636,-0.101486266,4.055964,4.15745,0.5330894134137688,0.6151112645477538,1.0885536670684814,1.1373897790908813
0,nonstationary,5.1771934e-07,6.593597,0.015400182,5.519539,5.5041385,0.5847110187955431,0.68328201602961,1.138745665550232,1.4006454944610596
0,nonstationary,0.0,9.322366,-0.031992756,8.788577,8.82057,0.5210362713642019,0.6343108211827361,1.0672483444213867,1.3935575485229492
0,nonstationary,-2.588597e-07,4.8445477,-0.23145758,3.1211448,3.3526022,0.8047143080499728,0.8000533889166601,1.0521939992904663,1.1392252445220947
0,nonstationary,0.0,6.5597253,-0.10719609,5.8020825,5.909279,0.6753036421000249,0.6861092622404478,1.4291396141052246,1.855952262878418
0,nonstationary,5.1771934e-07,6.255855,0.017492631,5.3547544,5.3372617,0.8102879341216959,0.8504788188100066,1.2021703720092773,1.5015171766281128
0,nonstationary,-1.2942986e-06,6.2141924,-0.12760983,5.051115,5.178725,0.7500727614390487,0.6832988297193807,1.0764468908309937,1.2425603866577148
0,nonstationary,-5.177194e-07,7.651721,-0.06467036,7.028782,7.0934525,0.7155005814909546,0.7826036822777503,1.0740816593170166,1.2060338258743286
0,nonstationary,1.0354386e-06,-0.01251083,0.0045830216,-2.8542259,-2.858809,0.6472191768559316,0.5930341911965707,1.039115071296692,1.0401169061660767
0,nonstationary,5.1771934e-07,1.6568849,0.30612007,-0.5274639,-0.83358395,0.6904604093838849,0.6909051559534072,1.2034741640090942,1.0929092168807983
0,nonstationary,0.0,5.5347943,-0.19666424,4.1417103,4.3383746,0.7814946921316296,0.6567268557760212,2.0631837844848633,1.5870106220245361
0,nonstationary,0.0,7.081576,-0.12034151,6.2137814,6.3341227,0.7336811030157537,0.8145230277274483,1.1275830268859863,1.3835761547088623
0,nonstationary,-7.765791e-07,3.8759818,0.21512413,2.1530793,1.9379551,0.6880980784705983,0.7497762855425,1.103164553642273,1.412615180015564
0,nonstationary,0.0,5.938527,0.025044288,5.4808383,5.455794,0.8125446296221164,0.8495746271981457,1.178768277168274,1.222609043121338
0,nonstationary,0.0,0.6642487,-0.10108192,-4.9993773,-4.8982954,0.7043025725937037,0.5986938255050229,1.1092603206634521,1.1145211458206177
0,nonstationary,0.0,9.082732,0.019445945,8.843392,8.823946,0.8415672993333374,0.8873437769567157,1.085098147392273,1.3219681978225708
0,nonstationary,0.0,6.426349,-0.12683468,5.617379,5.744214,0.6713619561321539,0.8113905108176718,1.051039218902588,1.2106516361236572
0,nonstationary,0.0,6.0591035,0.03671736,4.84009,4.8033724,0.36090120406037085,0.4651349326895484,1.0717012882232666,1.167116403579712
0,nonstationary,0.0,6.5921397,0.050440885,5.9316297,5.881189,0.8421056691117111,0.8670923042723411,1.3291516304016113,1.5596485137939453
0,nonstationary,-2.588597e-07,0.88215625,-0.010876136,-6.3678684,-6.3569922,0.7794016740480355,0.7783090347646858,1.23207426071167,1.1854499578475952
0,nonstationary,-1.0354388e-06,11.017814,-0.007054735,10.663021,10.670075,0.819459576749174,0.8250342154608049,1.1279029846191406,1.5318989753723145
0,nonstationary,5.1771934e-07,11.229271,-0.008794078,10.897711,10.906505,0.9508301453653755,0.9455229370297995,1.5909786224365234,2.177064895629883
0,nonstationary,0.0,5.0429244,-0.024604024,3.9409537,3.9655578,0.8015209706373423,0.7647007375126214,1.1532368659973145,1.1436150074005127
0,nonstationary,-2.588597e-07,3.3534434,-0.030740961,3.0461774,3.0769184,0.8086759782380009,0.831175291524376,1.0859644412994385,1.454630732536316
0,nonstationary,-7.765791e-07,4.343875,-0.025419716,2.7726884,2.798108,0.5756667679294535,0.5661704312832526,1.2041027545928955,1.114005208015442
0,nonstationary,-1.5531583e-06,7.207261,0.03036295,6.301077,6.270714,0.6051776079867145,0.7364884444959096,1.2930693626403809,1.1594407558441162
0,nonstationary,-5.177194e-07,4.624224,-0.014561167,3.827703,3.8422642,0.6787006951505199,0.7421570547962997,1.03500497341156,1.054072380065918
0,nonstationary,0.0,7.041976,0.07854719,6.1132936,6.0347466,0.6138411616931746,0.8086454563956571,1.1450598239898682,1.2257744073867798
0,nonstationary,-2.588597e-07,2.315391,-0.0038776365,1.3603101,1.3641877,0.9442002545984856,0.9435833303364242,1.1199098825454712,1.1688684225082397
0,nonstationary,5.1771934e-07,4.542938,-0.10569592,2.697411,2.803107,0.6722387126802462,0.6988985772086538,1.0551683902740479,1.110945463180542
0,nonstationary,0.0,5.0343266,0.09671789,3.4935575,3.3968396,0.8310479871537314,0.8010704354423106,1.0693669319152832,1.1972582340240479
0,nonstationary,0.0,9.306175,0.0022721936,8.994138,8.991865,0.8280701014754316,0.8849960207159825,1.1899447441101074,1.6392626762390137
0,nonstationary,0.0,3.0355642,-0.07619932,1.2629951,1.3391944,0.8058143517929127,0.8291901581445525,1.131450891494751,1.1961901187896729
0,nonstationary,1.5531579e-06,7.4544315,-0.017849801,6.6213264,6.6391764,0.627270891611296,0.735656939556225,1.1045141220092773,1.262656331062317
0,nonstationary,5.1771934e-07,5.168685,-0.22408111,4.0113316,4.2354126,0.7851573863001463,0.8416204130601809,1.0988683700561523,1.2759500741958618
0,nonstationary,5.1771934e-07,14.914505,0.013829023,15.1514015,15.137572,0.9147458365828288,0.9035770665321697,1.5297819375991821,1.879773736000061
0,nonstationary,-5.177194e-07,7.6708927,0.09773749,6.8572893,6.759552,0.7589052235345792,0.818085516268901,1.1216163635253906,1.183150291442871
0,nonstationary,0.0,5.5284715,-0.03897902,4.2805634,4.3195424,0.5084231856922642,0.5681572440708437,1.1821796894073486,1.3390233516693115
0,nonstationary,0.0,1.9993274,-0.36643323,-2.385651,-2.019218,0.5195749525733806,0.5432560175450174,1.0320957899093628,1.041244626045227
0,nonstationary,5.1771934e-07,2.7289891,0.14048444,-0.3615145,-0.50199896,0.8357475375028114,0.7207630906408087,1.0953528881072998,1.0846107006072998
0,nonstationary,0.0,4.3541923,-0.00405149,2.3707209,2.3747723,0.6136892552746047,0.6080702964168994,1.1143804788589478,1.1523712873458862
0,nonstationary,1.0354386e-06,8.768145,-0.13063015,8.163647,8.294277,0.7274800862492891,0.8046742480287588,1.0491570234298706,1.5133273601531982
0,nonstationary,0.0,3.5172787,-0.059248894,0.96789056,1.0271394,0.5442039153031912,0.5258112187565276,1.0600732564926147,1.1221940517425537
0,nonstationary,-2.588597e-07,5.9602094,-0.13756327,5.034206,5.171769,0.8387207956351852,0.862622413272267,1.2612720727920532,1.6070914268493652
0,nonstationary,-5.177194e-07,4.092345,-0.03377551,3.5502095,3.583985,0.8344256755193254,0.8484234842532842,1.5153371095657349,1.5854899883270264
0,nonstationary,0.0,11.4550705,0.029097022,11.352738,11.323642,0.9212938671365066,0.9345627483148853,1.1723885536193848,1.5062248706817627
0,nonstationary,5.1771934e-07,5.488134,-0.03787562,5.058324,5.0961995,0.8282017931092008,0.8208971243389024,1.5221059322357178,1.4934377670288086
0,nonstationary,5.1771934e-07,6.745783,0.07533724,6.23258,6.157243,0.8250810964329727,0.8367095869625637,1.157209873199463,1.3475728034973145
0,nonstationary,0.0,5.3097014,0.024979943,4.436244,4.411264,0.6425724830815355,0.6618272620665919,1.093481183052063,1.1685034036636353
0,nonstationary,0.0,1.1262186,0.019704157,0.76390916,0.744205,0.8750592085755379,0.8758170004546819,1.2842445373535156,1.9511139392852783
0,nonstationary,0.0,0.0946582,-0.019863654,-0.12737525,-0.107511595,0.9696379333802373,0.9686585254768951,1.8005218505859375,2.5647833347320557
0,nonstationary,5.1771934e-07,3.571724,0.13084893,3.2320108,3.101162,0.9305088734526266,0.9381499767487818,1.7001533508300781,1.7606184482574463
0,nonstationary,5.1771934e-07,5.1781516,-0.065503344,3.6149697,3.680473,0.7435114105600352,0.7276220079201119,1.0670028924942017,1.2334414720535278
0,nonstationary,-5.177194e-07,11.722327,-0.12180336,11.420403,11.542206,0.9662955208382409,0.9675303367906727,1.7409788370132446,2.507371664047241
0,nonstationary,-1.0354388e-06,6.319421,0.10414983,5.2061677,5.102018,0.8701545142329757,0.8352656218115574,1.2184865474700928,1.5086833238601685
0,nonstationary,0.0,1.7619151,-0.18073143,0.40720505,0.58793646,0.8109236784743081,0.7844067252597531,1.1339457035064697,1.1886978149414062
0,nonstationary,0.0,12.709579,0.00080963766,12.545539,12.544729,0.8365949851464652,0.8423581620866539,1.1619274616241455,1.2704195976257324
0,nonstationary,-7.765791e-07,8.0272,-0.061522532,7.284848,7.3463707,0.519560176311464,0.6357276127213635,1.0458705425262451,1.3193247318267822
0,nonstationary,-1.0354388e-06,5.3175125,-0.024593351,4.9645395,4.989133,0.611810936642925,0.6616146800127145,1.1366088390350342,1.2206535339355469
0,nonstationary,0.0,3.395047,-0.10866494,3.1109982,3.2196631,0.6576387671000602,0.685923520129169,1.1108415126800537,1.158187985420227
0,nonstationary,0.0,3.4691799,0.036414463,0.94922274,0.9128083,0.6671752469629604,0.6123712765094588,1.038256049156189,1.0534175634384155
0,nonstationary,0.0,0.49314484,-0.05944571,0.18167885,0.24112456,0.8314323413982172,0.8383653303639008,1.2604447603225708,1.268477201461792
0,nonstationary,0.0,3.1012192,-0.04606811,0.39346087,0.43952897,0.5858046182900788,0.6209656200909093,1.236831784248352,1.5730886459350586
0,nonstationary,-2.588597e-07,1.8484735,0.19164772,1.5235759,1.3319281,0.7746807873087586,0.8170646340345741,1.2205898761749268,1.3768341541290283
0,nonstationary,1.0354386e-06,12.205175,0.056024995,12.109375,12.05335,0.9312925412663221,0.9569388269471847,1.4592244625091553,2.5279717445373535
0,nonstationary,0.0,8.52377,0.087952286,8.132192,8.044239,0.8139257578181323,0.8564523515191054,1.0550962686538696,1.1085455417633057
0,nonstationary,0.0,5.915851,0.07920455,4.7360296,4.656825,0.788768880844987,0.8223030896716325,1.066571593284607,1.3002595901489258
0,nonstationary,0.0,8.099737,0.028450547,7.370553,7.3421025,0.7832740181598922,0.8854199459459087,1.1544269323349,1.6189754009246826
0,nonstationary,0.0,7.299847,-0.38633245,6.3288097,6.7151423,0.7813700247969981,0.8242282460211843,1.0852153301239014,1.401197075843811
0,nonstationary,0.0,8.59208,0.0484216,8.02601,7.977588,0.6010637446857098,0.7529284989998399,1.0504071712493896,1.1549228429794312
0,nonstationary,5.1771934e-07,-0.31231117,-0.04256303,-1.8839036,-1.8413405,0.8015454598106462,0.80023003704496,1.3797277212142944,1.386783242225647
0,nonstationary,0.0,7.564366,-0.0040732548,6.7478967,6.75197,0.6869091992971277,0.7475747126936121,1.0374557971954346,1.1659339666366577
0,nonstationary,0.0,10.347991,0.14419203,9.948739,9.804547,0.9160960236577792,0.9408152237176225,1.2600404024124146,1.6254417896270752
0,nonstationary,0.0,4.630664,-0.036079172,3.8381343,3.8742135,0.7342159806219433,0.7997775629377115,1.0468449592590332,1.2374787330627441
0,nonstationary,0.0,3.819017,0.0048271203,2.8679276,2.8631005,0.7940360651557022,0.8089621394757781,1.0746474266052246,1.1270650625228882
0,nonstationary,5.1771934e-07,5.484439,-0.026304575,5.333472,5.3597765,0.837756908656866,0.9065971304222468,1.321668028831482,1.4432716369628906
0,nonstationary,-7.765791e-07,7.854958,-0.14529301,7.1189,7.264193,0.7648772718503732,0.8165155673391963,1.2589079141616821,1.488556981086731
0,nonstationary,5.1771934e-07,8.445156,-0.10835627,7.853933,7.9622893,0.6849487600386184,0.738951860203891,1.181394338607788,1.349082350730896
0,nonstationary,-5.177194e-07,12.123347,0.043873865,11.853665,11.809792,0.8777891766491093,0.9045059463720604,1.263380765914917,1.7036314010620117
0,nonstationary,0.0,5.200099,0.06585376,4.12487,4.059016,0.764919026464384,0.7933723199308047,1.1016185283660889,1.200283408164978
0,nonstationary,0.0,0.63535994,-0.0038341095,0.33143157,0.33526567,0.9679421703021107,0.9664948895363892,1.5630437135696411,1.7729984521865845
0,nonstationary,1.0354386e-06,8.564535,-0.15962742,7.948229,8.107856,0.7533783984483009,0.7343967881927558,1.1188697814941406,1.3030333518981934
0,nonstationary,1.0354386e-06,11.394762,0.020939853,11.12466,11.10372,0.9660682239540712,0.9680733591125593,1.240670919418335,1.847668170928955
0,nonstationary,-2.588597e-07,5.4931116,-0.020172339,4.093781,4.113953,0.7348340346403156,0.7535451393687143,1.0638431310653687,1.2943778038024902
0,nonstationary,5.1771934e-07,2.508318,-0.03009891,2.1854634,2.2155623,0.7370019718654086,0.7703093574164928,1.1710288524627686,1.3021836280822754
0,nonstationary,0.0,8.34026,0.4064498,8.0191765,7.6127267,0.7552460077021274,0.8256887251175371,1.1326797008514404,1.4200986623764038
0,nonstationary,5.1771934e-07,2.7639115,0.11514009,0.9425196,0.8273795,0.8385657598945432,0.7785646763361712,1.1105023622512817,1.0983531475067139
0,nonstationary,-1.2942986e-06,4.5652504,-0.02573036,2.7055147,2.731245,0.6885541803175683,0.730209691727525,1.0816518068313599,1.1630754470825195
0,nonstationary,5.1771934e-07,9.880941,0.063451335,9.412545,9.349093,0.657394124693225,0.7468107400143561,1.0741510391235352,1.4015955924987793
0,nonstationary,1.0354386e-06,12.438824,-0.0010371157,12.184782,12.185819,0.5427604777566764,0.6753952761939785,1.5454450845718384,1.3164128065109253
0,nonstationary,-1.0354388e-06,5.4941626,0.018023705,4.0886755,4.070652,0.5963870888648312,0.6477985071523895,1.0553929805755615,1.2061632871627808
0,nonstationary,5.1771934e-07,4.3752117,0.14961594,3.1288002,2.9791842,0.6888174533668894,0.6815194959195711,1.0893611907958984,1.1730780601501465
0,nonstationary,5.1771934e-07,3.097003,0.02740014,2.7124236,2.6850233,0.907522417249874,0.9314636793713458,2.5583267211914062,2.9732589721679688
0,impulsive,-7.765791e-07,17.02404,0.020355025,16.944925,16.92457,0.8978235976317016,0.9668753673047974,1.4414691925048828,2.1463234424591064
0,impulsive,0.0,11.016406,-0.002616565,10.71926,10.721877,0.8196834894201619,0.8899405092688691,1.2068910598754883,1.3323079347610474
0,impulsive,0.0,15.397955,0.008686405,15.347158,15.338472,0.8318696005283288,0.9013895780237413,1.2310386896133423,1.7267231941223145
0,impulsive,-1.0354388e-06,10.094299,0.007283378,10.013916,10.006633,0.946758791052527,0.9599873971702706,1.2510230541229248,1.579153060913086
0,impulsive,0.0,5.356293,-0.043689586,5.201193,5.2448826,0.7508774197567173,0.8656426184377611,1.4323210716247559,1.4819183349609375
0,impulsive,0.0,14.404919,-0.064311475,14.258132,14.322443,0.9290021999975373,0.981262574050191,1.59602952003479,2.4129977226257324
0,impulsive,1.0354386e-06,9.817249,-0.01289818,9.341363,9.354261,0.6968068458587039,0.8283515090310305,1.3339335918426514,1.9986400604248047
0,impulsive,0.0,14.010683,-0.039953906,13.859533,13.8994875,0.9767696660545998,0.9886951239407609,1.3014694452285767,3.4475789070129395
0,impulsive,5.1771934e-07,12.781208,-0.013896571,12.637455,12.651352,0.6388969405727644,0.7031601054264495,1.0863738059997559,1.5406068563461304
0,impulsive,5.1771934e-07,6.0113134,-0.009811502,4.833338,4.843149,0.6375259910466995,0.7067972626245059,1.0937187671661377,1.3638646602630615
0,impulsive,5.1771934e-07,9.785734,-0.04372384,9.4728565,9.516581,0.971406251617819,0.9802209844259602,1.497006893157959,3.043534755706787
0,impulsive,0.0,8.610815,0.06623772,8.093186,8.026949,0.5392993196814285,0.6517919974603062,1.0791268348693848,1.5382615327835083
0,impulsive,5.1771934e-07,6.249732,0.085710794,5.6087785,5.5230675,0.8026575754640078,0.8603585830104177,1.205787181854248,1.6190690994262695
0,impulsive,0.0,10.293446,0.06029147,9.87262,9.812328,0.722941135911524,0.8378740181654499,1.1147551536560059,1.3723304271697998
0,impulsive,-1.5531583e-06,7.7243257,-0.02941082,7.5931687,7.6225796,0.8244570866247475,0.8919759076323379,1.3070935010910034,1.5290722846984863
0,impulsive,-2.588597e-07,3.6222968,0.0025971392,1.1667371,1.16414,0.5856861382009729,0.5963829251002956,1.0543802976608276,1.064929723739624
0,impulsive,5.1771934e-07,6.288493,-0.03715784,5.1929955,5.2301536,0.7777528161143781,0.7366306536246541,1.158805251121521,1.196146845817566
0,impulsive,0.0,12.376341,-0.018530602,12.196946,12.215477,0.6104374166542165,0.6804794528454011,1.1218539476394653,1.8058295249938965
0,impulsive,-5.177194e-07,-0.1550859,0.071905956,-0.7517854,-0.82369137,0.9998803388702457,0.9746579401043663,4.40736198425293,3.378079414367676
0,impulsive,-2.588597e-07,4.7730217,0.31188047,3.6914043,3.3795238,0.6577830076980753,0.7394260347843971,1.0531009435653687,1.3519214391708374
0,impulsive,1.0354386e-06,5.731275,-0.029738953,5.349913,5.379652,0.8171730343904152,0.8364702243148568,1.1586796045303345,1.2810250520706177
0,impulsive,-5.177194e-07,13.22475,0.013970941,13.013144,12.999172,0.8740238164380384,0.9148576950585103,1.2507374286651611,1.610002040863037
0,impulsive,-5.177194e-07,9.090531,0.041311562,8.523708,8.482397,0.6149254603662005,0.7417428974086439,1.1811816692352295,1.5202579498291016
0,impulsive,5.1771934e-07,9.321991,0.11158421,8.783676,8.6720915,0.7696821912680507,0.885749504761968,1.0734808444976807,1.4277373552322388
0,impulsive,-7.765791e-07,10.729656,-0.055721626,10.432184,10.4879055,0.7787945852744534,0.7938589584557606,1.0808812379837036,1.366568922996521
0,impulsive,0.0,7.74482,-0.13138221,6.994477,7.125859,0.7426541584447218,0.8443956896959877,1.170108675956726,1.604306936264038
0,impulsive,0.0,2.6734672,-0.0056413673,-0.6978587,-0.69221735,0.7469825266159157,0.7948988957138868,1.0901806354522705,1.8475594520568848
0,impulsive,-5.177194e-07,13.535086,-0.01296205,13.346031,13.358994,0.7647463893035512,0.7393738560315054,1.1353235244750977,1.4960447549819946
0,impulsive,-2.588597e-07,7.796293,-0.03331847,7.6923823,7.725701,0.9773636236312854,0.9778169442897612,1.5757970809936523,2.274867534637451
0,impulsive,-7.765791e-07,12.604847,0.046227723,12.3798275,12.3336,0.9592515700137362,0.9641155346063972,1.8481049537658691,1.7632571458816528
0,impulsive,0.0,6.4583464,-0.0030056243,5.396607,5.3996124,0.6521216129656837,0.7084976792557326,1.119643211364746,1.2995924949645996
0,impulsive,0.0,9.967323,0.023034783,9.793464,9.770429,0.7180748303989545,0.7980824731011645,1.0445497035980225,1.8395390510559082
0,impulsive,-5.177194e-07,8.909666,-0.33194408,8.148799,8.480743,0.6857764422708639,0.6849698068859024,1.0702807903289795,1.3818628787994385
0,impulsive,5.1771934e-07,6.649626,0.0395743,5.8741026,5.8345284,0.8580454143925947,0.7467024302165668,1.186161756515503,1.6565543413162231
0,impulsive,0.0,6.5657353,-0.004868513,6.054634,6.0595026,0.723948786330675,0.797388495272236,1.0444855690002441,1.1394048929214478
0,impulsive,0.0,10.622414,-0.019467881,10.282073,10.301541,0.9296017731751,0.9470775640546988,1.5310864448547363,2.31619930267334
0,impulsive,1.0354386e-06,9.826955,0.021661628,9.567921,9.546259,0.9147757983083942,0.9410186752758817,1.6061475276947021,2.4555068016052246
0,impulsive,5.1771934e-07,10.062146,0.44852257,10.006174,9.5576515,0.8489828788581498,0.9104860870135549,1.1922446489334106,1.6687328815460205
0,impulsive,-5.177194e-07,12.205887,0.0010285865,11.936826,11.935797,0.7232804030587914,0.8489146525720879,1.0502047538757324,1.4426522254943848
0,impulsive,0.0,11.001968,-0.001580626,10.869137,10.870717,0.6520428257769132,0.7991386467228299,1.0807881355285645,2.1492879390716553
0,impulsive,5.1771934e-07,1.7872303,-0.023318183,1.5350019,1.55832,0.9520636827555318,0.9525280943261406,1.7721092700958252,1.7823853492736816
0,impulsive,-1.0354388e-06,5.861388,-0.024621727,5.6959558,5.7205777,0.8954592520467035,0.9209455462601777,1.2741525173187256,1.4810831546783447
0,impulsive,5.1771934e-07,12.279409,0.0010368681,12.287927,12.28689,0.9999999999999959,0.9999632657343182,4.506572723388672,4.5107011795043945
0,impulsive,5.1771934e-07,15.338193,0.011255635,15.277682,15.266427,0.9975500854497029,0.998181311555736,2.7348339557647705,3.9883248805999756
0,impulsive,0.0,7.988065,-3.5126698,5.15157,8.66424,0.7018020467398975,0.7601736335631272,1.0841171741485596,1.333437442779541
0,impulsive,0.0,7.8848763,0.1018919,7.4180975,7.3162055,0.9297619933968994,0.9586742785532405,1.2568901777267456,1.700777530670166
0,impulsive,5.1771934e-07,10.835814,0.008211545,10.520543,10.512332,0.7561051865521466,0.8003441927732704,1.1189095973968506,1.663621425628662
0,impulsive,0.0,12.135956,0.025028845,11.863113,11.838084,0.8834388319376011,0.9732589061867197,1.3742296695709229,2.3490302562713623
0,impulsive,-2.588597e-07,8.858314,-0.082614645,8.344845,8.42746,0.7469156878970314,0.7567476991001204,1.2983375787734985,1.3063113689422607
0,impulsive,0.0,12.039218,0.034963876,11.763775,11.728811,0.8211002858802234,0.8744644697116849,1.2298108339309692,1.9962092638015747
0,impulsive,0.0,6.3665247,-0.09767276,5.2559047,5.3535776,0.7745582417200217,0.7901001824419954,1.145844578742981,1.183260202407837
0,impulsive,-2.588597e-07,8.61422,0.016068721,7.9747715,7.9587026,0.9871492189114404,0.9832312054826147,1.2656009197235107,3.0074825286865234
0,impulsive,0.0,8.94754,-0.017829008,8.460731,8.4785595,0.6188581773309917,0.7361595228982735,1.0980346202850342,1.200473427772522
0,impulsive,0.0,8.9301195,0.014062282,8.34542,8.331358,0.8395318673828143,0.8617143259387603,1.391558289527893,1.443636417388916
0,impulsive,0.0,6.421912,-0.053039864,5.3541665,5.4072065,0.698080039638029,0.7787602035312217,1.1520620584487915,1.2125192880630493
0,impulsive,5.1771934e-07,7.535677,-0.1262409,6.794716,6.9209566,0.8998612439904493,0.8698477965234951,1.1140474081039429,2.3126847743988037
0,impulsive,-5.177194e-07,10.937588,0.022158712,10.592016,10.569858,0.9035976861791254,0.9215403625549425,1.4377491474151611,2.131089210510254
0,impulsive,5.1771934e-07,6.3813267,-0.034021005,5.377888,5.411909,0.6936109442233744,0.7044598164276041,1.0999895334243774,1.1735835075378418
0,impulsive,5.1771934e-07,10.564342,-0.026771035,10.206661,10.233432,0.7586520416116417,0.9137343534787428,1.0798472166061401,1.683415174484253
0,impulsive,-2.588597e-07,11.653504,-0.077251375,11.471067,11.548319,0.9601349490974769,0.9659020985934879,2.2230842113494873,2.4345643520355225
0,impulsive,0.0,8.459045,0.027884737,7.8438435,7.8159585,0.7952352810314554,0.8629277926462086,1.208749771118164,1.5654301643371582
0,impulsive,-7.765791e-07,1.6169662,2.4275618,3.9156494,1.4880877,0.8732945917643936,0.9185306033017385,1.107934832572937,1.4294919967651367
0,impulsive,-7.765791e-07,10.929621,-0.036522146,10.577833,10.614355,0.5575429300018226,0.7673633165038187,1.0583381652832031,1.2439316511154175
0,impulsive,-2.588597e-07,12.863826,0.012453469,12.642808,12.630355,0.5630694334804712,0.7245901772345138,1.0741912126541138,1.4693434238433838
0,impulsive,-5.177194e-07,7.7991033,0.021321103,7.221714,7.2003927,0.9288958615133327,0.8955370151126255,1.3169794082641602,1.3502190113067627
0,impulsive,0.0,10.033187,0.019869074,9.677907,9.658038,0.5618545428587972,0.7923496455212276,1.0999122858047485,1.383370280265808
0,impulsive,1.0354386e-06,8.167814,-0.035338204,7.4596887,7.495027,0.8601889828224747,0.9481462412336702,1.1616296768188477,1.6343917846679688
0,impulsive,0.0,3.796082,-0.07308445,2.2296748,2.3027592,0.5121813966328306,0.6338531534290418,1.1051684617996216,1.3846396207809448
0,impulsive,0.0,9.678641,0.008421853,9.234992,9.22657,0.9676969516460061,0.9544208588228528,2.897364854812622,2.8481788635253906
0,impulsive,-2.588597e-07,13.398882,0.002126788,13.23258,13.2304535,0.6418238697879053,0.8253365484384761,1.0641623735427856,1.2991225719451904
0,impulsive,0.0,11.744452,0.07651041,11.518988,11.442477,0.8488463721396191,0.9171697208493751,1.1871311664581299,1.4659144878387451
0,impulsive,-7.765791e-07,7.2005615,-0.05088773,6.2834644,6.334352,0.830372155708998,0.7959337911650637,1.0489245653152466,1.2949802875518799
0,impulsive,-2.588597e-07,8.747095,-0.15193114,8.2005825,8.352513,0.815069871777959,0.8475728332546638,1.236525297164917,1.9522398710250854
0,impulsive,0.0,9.100729,-0.07002601,8.7163315,8.786358,0.7295560303664457,0.7980797068098895,1.0727431774139404,1.3319268226623535
0,impulsive,0.0,7.1352396,0.09519665,6.2836437,6.188447,0.8993480601507023,0.8883963980675799,1.257607340812683,1.7876391410827637
0,impulsive,0.0,7.4977803,0.16418345,6.720984,6.5568004,0.8855111567349112,0.9109667542275529,1.4815199375152588,2.1038873195648193
0,impulsive,5.1771934e-07,9.764987,-0.018484848,9.322531,9.341016,0.7885063280793597,0.835255260192081,1.08774733543396,1.4364588260650635
0,impulsive,-2.588597e-07,8.55297,-0.027055725,8.205248,8.232304,0.9691315773827855,0.9801104484148828,2.3041813373565674,2.9897239208221436
0,impulsive,0.0,8.6633835,-0.023029573,8.067476,8.090506,0.8230713988222329,0.8774460435915054,1.2140642404556274,1.7843642234802246
0,impulsive,-7.765791e-07,14.997032,-0.044783745,14.863104,14.907887,0.9738407081597219,0.9771993269325593,1.4470198154449463,3.2888376712799072
0,impulsive,0.0,12.993711,0.028578617,12.771112,12.742534,0.742400257855612,0.879353236575596,1.0871953964233398,1.5801188945770264
0,impulsive,5.1771934e-07,6.7181396,-0.02042123,5.6901603,5.7105813,0.633381775035225,0.7484007485020812,1.0624598264694214,1.210233449935913
0,impulsive,5.1771934e-07,6.8608713,0.024311233,6.0254536,6.0011425,0.8325921844470436,0.796254224756557,1.3255658149719238,2.0522541999816895
0,impulsive,0.0,6.5134087,0.031280547,5.4750514,5.443771,0.742262947960434,0.7933487254921887,1.0534577369689941,1.2585793733596802
0,impulsive,0.0,20.846624,-0.007000805,20.81293,20.81993,0.974830260574015,0.9767927650272533,1.5563068389892578,2.9614973068237305
0,impulsive,-1.0354388e-06,11.699408,-0.0030279018,11.537228,11.540256,0.8463736391768332,0.9262057935669703,1.298250436782837,1.563037395477295
0,impulsive,-7.765791e-07,9.201226,-0.049705632,8.664752,8.7144575,0.7769227857783982,0.7507017541650932,1.128073811531067,1.281618356704712
0,impulsive,-5.177194e-07,14.185524,0.029305808,14.10232,14.073014,0.7930502517672524,0.8862765159807441,1.0926438570022583,2.00885272026062
0,impulsive,0.0,9.8661,0.0040859897,9.394761,9.390676,0.6512240294399523,0.8626194318862772,1.1290868520736694,1.5192939043045044
0,impulsive,5.1771934e-07,10.648441,0.023077011,10.306013,10.282936,0.6718561425313037,0.8205107064420694,1.105008840560913,1.496931552886963
0,impulsive,0.0,8.0832615,0.09628446,7.7234464,7.627162,0.7569623529431598,0.8315099366392197,1.428126335144043,1.631752848625183
0,impulsive,0.0,7.8279247,0.0061694197,7.056734,7.050565,0.8250330385671079,0.7991018200548773,1.150047779083252,1.2842398881912231
0,impulsive,0.0,10.981237,0.052554376,10.704315,10.651761,0.9561451181455742,0.9704575517165551,1.5556626319885254,1.8493824005126953
0,impulsive,0.0,4.2560577,0.014813064,2.3696902,2.3548772,0.714301450142594,0.795595681064512,1.1189266443252563,1.4542112350463867
0,impulsive,1.0354386e-06,10.28914,-0.025043486,10.092616,10.11766,0.8504325986871063,0.9100965740336014,1.974987506866455,2.3095955848693848
0,impulsive,5.1771934e-07,7.017144,-0.012700606,6.091934,6.104635,0.5946513428531535,0.7156546580626868,1.1134921312332153,1.2001093626022339
0,impulsive,-2.588597e-07,10.890829,0.029354148,10.547553,10.518199,0.6059021900590034,0.741116412835426,1.0474467277526855,1.2125154733657837
0,impulsive,5.1771934e-07,6.2862444,-0.17430353,5.184925,5.3592286,0.6438585318387345,0.7583684399012633,1.0606584548950195,1.1994210481643677
5,nonstationary,4.9999995,16.989388,4.989742,16.90338,11.913637,0.9640713334813379,0.9749743078471877,1.6157912015914917,2.944014549255371
5,nonstationary,4.9999995,10.681419,4.9987803,10.293444,5.2946634,0.8562280300905306,0.8924986844465433,1.1476516723632812,1.1931209564208984
5,nonstationary,4.9999995,13.377459,4.9883323,13.292536,8.304203,0.8711495130351168,0.9403538218262101,1.3553762435913086,1.4713315963745117
5,nonstationary,5.0000005,5.206411,4.9909806,4.9754634,-0.015517235,0.9075053343218438,0.89050018970823,1.988955020904541,2.006373405456543
5,nonstationary,4.9999995,5.05393,5.0444436,5.004467,-0.039976597,0.9489178216141685,0.9300249219643629,1.691733956336975,1.6970593929290771
5,nonstationary,5.0000005,7.5870223,4.9475565,7.379045,2.4314885,0.9364250427184893,0.9464331748575527,1.536899209022522,1.7505085468292236
5,nonstationary,5.0,11.894434,4.984102,11.64938,6.665278,0.8973080835837894,0.9263497823723682,1.9117300510406494,3.0189931392669678
5,nonstationary,5.0,9.466231,4.943337,8.948318,4.0049806,0.6490012960170957,0.7093935244246939,1.1406089067459106,1.3116897344589233
5,nonstationary,5.0000005,9.867458,5.0086336,9.428637,4.420003,0.7448228269615949,0.7954394128314431,1.262811303138733,1.8157824277877808
5,nonstationary,4.9999995,12.789869,4.9819956,12.556368,7.5743723,0.6097900941582813,0.7266876306105872,1.112257719039917,1.5524914264678955
5,nonstationary,5.0000005,8.199922,4.871978,7.4874783,2.6155005,0.8716798374622419,0.9023904124540753,1.1133363246917725,1.4473226070404053
5,nonstationary,5.0000005,11.32565,4.9408293,11.003641,6.062812,0.7223241030374503,0.72126950136927,1.7446951866149902,2.1120705604553223
5,nonstationary,5.0000005,8.311802,5.0100617,7.6627665,2.6527047,0.8964097592600573,0.9002446338569474,1.4937107563018799,1.771047830581665
5,nonstationary,4.9999995,10.959548,4.9288945,10.599278,5.670384,0.845976450018535,0.8788510718952681,1.2061914205551147,1.9082820415496826
5,nonstationary,5.0,11.591724,4.9637976,11.314886,6.3510885,0.8042166471586868,0.8511335661083728,1.1664857864379883,1.375838279724121
5,nonstationary,5.000002,2.7138367,5.0028014,0.5202147,-4.482587,0.7521943262644233,0.7182796440611212,1.0996406078338623,1.0652438402175903
5,nonstationary,4.9999995,5.7253413,5.175783,4.536149,-0.63963413,0.7943579515873304,0.762996438269772,1.4592721462249756,1.3270896673202515
5,nonstationary,5.0,6.5786214,4.8856077,5.5090504,0.62344265,0.860093667413593,0.7327015905843229,2.7764251232147217,1.8625149726867676
5,nonstationary,5.0,9.941296,4.9330335,9.477451,4.544418,0.82786235042329,0.8838292614187354,1.3204593658447266,1.7289807796478271
5,nonstationary,4.9999995,7.6242228,5.122775,6.881069,1.7582941,0.8181711950403677,0.8385409458121906,1.243984341621399,1.7602202892303467
5,nonstationary,5.0000005,9.273842,5.014115,8.958605,3.94449,0.8643056916031288,0.8907771447684435,1.2600758075714111,1.3401437997817993
5,nonstationary,4.9999995,2.4716458,4.9438376,-0.88921106,-5.833049,0.8154735742286818,0.8117953595921367,1.292294979095459,1.3759880065917969
5,nonstationary,4.9999995,15.156469,5.0109487,15.067814,10.056866,0.9061242055705064,0.9465226016731907,1.2067714929580688,1.7392759323120117
5,nonstationary,5.0,9.770265,4.92932,9.299815,4.3704953,0.7917319395677506,0.8862821166802407,1.088956356048584,1.3701603412628174
5,nonstationary,4.9999995,7.2488,5.0206995,6.363795,1.3430953,0.4954800641050221,0.4664661457991592,1.198608636856079,1.3066197633743286
5,nonstationary,4.9999995,8.83821,5.0284634,8.452822,3.4243584,0.9213855986944359,0.934571017188875,1.503730297088623,1.8409819602966309
5,nonstationary,5.0,0.53406453,4.9938016,-8.7036,-13.697401,0.8480125335931867,0.8248998282937825,1.3792378902435303,1.2703887224197388
5,nonstationary,4.9999986,15.263597,4.9960365,15.137314,10.141277,0.876084149425914,0.9034436090787119,1.2977550029754639,1.9202003479003906
5,nonstationary,4.9999995,13.722358,4.995236,13.543938,8.548702,0.9704892154951403,0.9634489147085225,2.073906183242798,2.479726552963257
5,nonstationary,4.9999995,9.09481,4.986187,8.557192,3.5710049,0.882599375380562,0.8658349105965397,1.2802616357803345,1.3568909168243408
5,nonstationary,5.0000005,4.473297,4.972504,3.0519695,-1.9205346,0.8542173998904745,0.7979243449935339,1.259653091430664,1.6357417106628418
5,nonstationary,5.0,6.891108,4.9856787,6.041009,1.0553303,0.6984226609262741,0.6612741999126007,1.3355251550674438,1.272813320159912
5,nonstationary,4.999999,8.035934,5.0166616,7.456288,2.4396262,0.6806038282294579,0.7651590910442421,1.3788890838623047,1.2370588779449463
5,nonstationary,4.9999995,9.379634,4.9932933,8.890645,3.8973517,0.7768970403928704,0.8236290815654589,1.0592658519744873,1.1577837467193604
5,nonstationary,5.0,8.118787,5.0444694,7.4937015,2.449232,0.7392545364279799,0.7849838124468098,1.2259265184402466,1.2970609664916992
5,nonstationary,4.999999,6.329712,4.997819,5.8078136,0.8099947,0.9718275824333354,0.9737451808180226,1.2131147384643555,1.2173643112182617
5,nonstationary,5.0000005,8.035341,4.941027,7.312378,2.3713508,0.7813223249854329,0.81620085947678,1.109663486480713,1.2643263339996338
5,nonstationary,5.0000005,8.92824,5.054756,8.350559,3.295803,0.9025447374498886,0.8774946432468372,1.111032247543335,1.5012261867523193
5,nonstationary,4.9999995,19.323574,5.0013266,19.274017,14.272691,0.8603745175563072,0.9233092792504963,1.4719434976577759,2.1675913333892822
5,nonstationary,5.0,8.034338,4.9585342,7.5408387,2.5823045,0.8863614557922669,0.9166701789273249,1.3037090301513672,1.4426836967468262
5,nonstationary,5.000002,10.614523,4.9899764,10.223393,5.233417,0.7413103216247948,0.8234109488690419,1.1697258949279785,1.5141792297363281
5,nonstationary,5.000001,7.986724,4.875905,7.483507,2.6076021,0.8843278232719072,0.9088161230067909,1.232880711555481,1.3383381366729736
5,nonstationary,5.0000005,16.081911,5.0206347,16.272173,11.251538,0.9464164368228012,0.9395518695453738,1.7864255905151367,2.193690061569214
5,nonstationary,5.0,10.763815,5.0553346,10.384273,5.328938,0.8445765756495919,0.8903698555878897,1.2003064155578613,1.5063467025756836
5,nonstationary,4.9999995,8.9507885,4.9781413,8.520815,3.5426736,0.5818171327139329,0.6334815336353782,1.4149940013885498,1.632483959197998
5,nonstationary,4.9999995,5.9625006,4.765665,4.6477385,-0.1179266,0.6833856600422193,0.7429728546998601,1.0762909650802612,1.099851131439209
5,nonstationary,5.000001,5.4436646,5.0798106,4.0235558,-1.0562549,0.9098957500397241,0.8920002169117001,1.1585657596588135,1.172678828239441
5,nonstationary,4.999999,8.964112,4.9957542,8.590785,3.5950308,0.7475254339600266,0.7638922711612243,1.276625633239746,1.4739171266555786
5,nonstationary,5.0,12.9135685,4.927221,12.71009,7.782869,0.8369661714071227,0.8952241061908806,1.09623122215271,2.0555946826934814
5,nonstationary,5.0000005,4.7369905,4.9679956,3.0197654,-1.9482303,0.6966212111848146,0.6704266168044672,1.1308140754699707,1.1851780414581299
5,nonstationary,5.0,10.859669,4.9233894,10.501314,5.5779247,0.9089256976405574,0.924236029502902,1.4969373941421509,1.9856889247894287
5,nonstationary,5.0000005,8.505808,4.9423757,8.007971,3.0655951,0.9005756157350238,0.8986493382714786,1.7891170978546143,1.8318549394607544
5,nonstationary,5.0,14.493488,5.0163965,14.420242,9.403846,0.9540522748136597,0.959613064646467,1.2533318996429443,1.83912992477417
5,nonstationary,5.000001,5.513054,4.9788604,5.2402253,0.26136494,0.8708418474284498,0.8393874754909099,1.7185536623001099,1.5096783638000488
5,nonstationary,5.0,11.59831,5.042598,11.350256,6.307658,0.882323111099206,0.9048761445230892,1.4056763648986816,1.6482396125793457
5,nonstationary,5.0000005,9.805245,5.0140705,9.4835,4.469429,0.7499210025559775,0.781921312590491,1.168809175491333,1.3374770879745483
5,nonstationary,5.0000005,10.551533,5.001087,10.207195,5.206108,0.9048916719923465,0.9136983819399391,1.4459714889526367,1.5308524370193481
5,nonstationary,5.0000005,5.044432,4.991005,4.860218,-0.1307869,0.9842955878365234,0.9774690853357038,2.338324546813965,2.9754273891448975
5,nonstationary,5.000001,6.8446035,5.0764074,6.5635867,1.4871793,0.9649096088873189,0.9654615715407368,2.0707244873046875,2.048640727996826
5,nonstationary,5.0000005,8.501791,4.963332,7.85544,2.892108,0.8618008459605889,0.8759894278761594,1.11577570438385,1.4584691524505615
5,nonstationary,4.9999995,12.889223,4.9323826,12.710933,7.77855,0.9829997816374031,0.9712258070906813,2.275951862335205,2.8866348266601562
5,nonstationary,4.999999,10.027515,5.0589933,9.597045,4.5380516,0.9026445384642781,0.9030365686403945,1.3415195941925049,1.5887231826782227
5,nonstationary,4.9999995,7.5066004,4.8996677,6.808682,1.9090142,0.8758316575012324,0.8592342039128751,1.2795014381408691,1.3770813941955566
5,nonstationary,4.9999995,14.042769,5.0004573,13.906452,8.905994,0.8687503696538829,0.8525845990642678,1.2302732467651367,1.2663986682891846
5,nonstationary,4.9999995,12.262219,4.9655714,11.99859,7.033019,0.6205563170843506,0.7206978298105717,1.090744137763977,1.6317496299743652
5,nonstationary,4.999999,10.33519,4.986328,10.105244,5.1189156,0.669266954385242,0.7321082656616019,1.2721424102783203,1.3267325162887573
5,nonstationary,5.0000005,6.267584,4.9393597,6.122546,1.1831865,0.7437004734135911,0.7619128261549228,1.2168411016464233,1.235594630241394
5,nonstationary,4.9999995,5.8029776,5.02053,4.848479,-0.17205143,0.7954102835101144,0.7426078602855093,1.069206953048706,1.162676215171814
5,nonstationary,5.0,5.120348,4.9662905,5.032214,0.06592369,0.9087376948013002,0.9096139059638637,1.4377403259277344,1.456888198852539
5,nonstationary,5.0,6.047063,4.9741797,5.2193775,0.24519777,0.7243049690825993,0.7543536961216392,1.5611129999160767,2.0088050365448
5,nonstationary,5.0000005,5.500827,5.1092052,5.4958434,0.38663816,0.8533722757028641,0.8662372640434344,1.466102123260498,1.5726137161254883
5,nonstationary,5.0,13.450169,5.032048,13.381752,8.349704,0.9497703935481283,0.9624257858339226,1.967968463897705,3.0328354835510254
5,nonstationary,5.0,10.83135,5.049763,10.598229,5.548466,0.8783353868869058,0.9062557876189317,1.1324788331985474,1.199582815170288
5,nonstationary,5.0000005,8.48834,5.0447855,7.8263035,2.781518,0.8859588048773511,0.8872472854642066,1.143949031829834,1.6178590059280396
5,nonstationary,4.9999995,8.787853,5.0159903,8.195914,3.179924,0.8688590197736322,0.926096140320636,1.2496042251586914,1.916478157043457
5,nonstationary,5.0000005,10.885326,4.5972433,10.191154,5.59391,0.8277336735338889,0.8530864747484849,1.2111314535140991,1.5023434162139893
5,nonstationary,5.0,13.340492,5.027323,13.134779,8.107456,0.711222412398876,0.8100144152435028,1.0794368982315063,1.2521703243255615
5,nonstationary,5.0000005,3.9662366,4.9740715,2.8675203,-2.1065512,0.8725024273467419,0.8725591857609698,1.5349457263946533,1.5416929721832275
5,nonstationary,5.0000005,9.968126,4.997888,9.582951,4.5850625,0.7655308405827367,0.8166264766798985,1.0649096965789795,1.2632265090942383
5,nonstationary,5.0,11.86805,5.082596,11.676327,6.593731,0.9548684834860603,0.9628891732275524,1.425646424293518,1.846456527709961
5,nonstationary,4.9999995,7.346814,4.978755,6.7865725,1.8078175,0.8148963209128843,0.8446688968979282,1.2693262100219727,1.4409273862838745
5,nonstationary,4.9999995,8.668389,5.0027537,8.175185,3.1724315,0.8578074376762782,0.8794590618589362,1.1644165515899658,1.4093390703201294
5,nonstationary,5.0000005,9.674461,4.9852357,9.564309,4.5790734,0.8886054273152912,0.9254537197371979,1.4904475212097168,1.5873172283172607
5,nonstationary,5.0000005,9.251044,4.919141,8.7956295,3.8764887,0.8432423069061975,0.8707531987017405,1.5185085535049438,1.679621934890747
5,nonstationary,5.000001,11.800844,4.93977,11.518013,6.578243,0.7959305819799066,0.8360997245875281,1.3332935571670532,1.5116941928863525
5,nonstationary,4.9999995,15.226334,5.024742,15.097438,10.072696,0.9458015738084,0.957697079579593,1.598380446434021,2.475371837615967
5,nonstationary,5.0,8.709765,5.037217,8.453397,3.4161797,0.8401126296047599,0.8828568779345674,1.1964313983917236,1.4066803455352783
5,nonstationary,4.9999995,5.157379,4.997845,4.925389,-0.07245636,0.9881322215627842,0.9859633931225603,2.0385165214538574,2.2479560375213623
5,nonstationary,5.0000005,13.091365,4.911252,12.885115,7.9738626,0.7961901763240733,0.7970262602811893,1.2631816864013672,1.7330799102783203
5,nonstationary,5.0000005,12.413122,5.012042,12.180839,7.1687965,0.9747656087756797,0.9772274185936415,1.644667387008667,2.045673370361328
5,nonstationary,5.0,7.5899506,4.9886756,6.7731147,1.7844391,0.832448799212574,0.84329289696873,1.1172617673873901,1.5383319854736328
5,nonstationary,5.0000005,7.724628,4.983156,7.590003,2.6068468,0.789994472174401,0.8309448324586032,1.2848143577575684,1.4929765462875366
5,nonstationary,5.0,10.622348,5.4089265,10.598541,5.189615,0.827791059044045,0.8771078252007517,1.3533670902252197,1.8456733226776123
5,nonstationary,5.0000005,7.3912816,5.0652847,6.773202,1.7079172,0.8899411995115104,0.8865616906359712,1.2385042905807495,1.3250963687896729
5,nonstationary,5.0,6.6071377,4.985561,5.5638795,0.5783186,0.8220678817165531,0.855760861722534,1.1515260934829712,1.4055814743041992
5,nonstationary,5.0000005,12.575298,5.036237,12.328597,7.2923603,0.7894741964900378,0.8302949082910308,1.1621620655059814,1.5443980693817139
5,nonstationary,5.0000005,15.134314,4.9994154,14.999753,10.000338,0.6273462167590212,0.7399262800008375,1.5353147983551025,1.4636995792388916
5,nonstationary,5.0000005,8.237095,5.0100737,7.558191,2.5481172,0.7069449929132091,0.7486448875468682,1.1446499824523926,1.4669172763824463
5,nonstationary,4.9999995,7.94879,5.08501,7.341236,2.256226,0.779243114685614,0.7752137556564553,1.2577033042907715,1.405808687210083
5,nonstationary,5.0000005,6.8024735,5.0154805,6.417051,1.4015703,0.9407447238152913,0.9540810392800579,3.1096160411834717,2.9599292278289795
5,impulsive,4.999999,16.332094,5.0115876,16.244286,11.232698,0.9218968162887414,0.9704587480369924,1.7608073949813843,2.463449478149414
5,impulsive,5.0,15.87908,4.998812,15.774738,10.775927,0.8782308188352677,0.9440422860654161,1.275145173072815,1.9153997898101807
5,impulsive,4.9999995,17.795721,5.004706,17.761927,12.757221,0.86304340307036,0.9102259510983396,1.2924749851226807,1.7687666416168213
5,impulsive,5.0000005,13.026122,5.0058355,12.957076,7.9512405,0.9640917466509575,0.9636596176540994,1.3726180791854858,1.7496901750564575
5,impulsive,4.999999,9.763882,4.9753976,9.651174,4.675776,0.8438083977961561,0.9150770111577331,1.635945200920105,1.7461585998535156
5,impulsive,4.9999995,16.944153,4.964087,16.856161,11.892075,0.959516485222499,0.9867569800094667,2.1960697174072266,2.5366017818450928
5,impulsive,5.0,12.188812,4.992829,11.938293,6.9454646,0.7733894735167426,0.8679926730211301,1.6878490447998047,2.378518581390381
5,impulsive,4.999999,16.840357,4.9775944,16.749537,11.771942,0.9843462387646226,0.9919988636229371,1.671806812286377,3.549974203109741
5,impulsive,4.9999995,16.022743,4.992208,16.061193,11.068985,0.7073537242188063,0.7936468124098385,1.1696544885635376,1.9577877521514893
5,impulsive,5.0000005,13.720509,4.9945107,13.540031,8.545521,0.7609374953632768,0.8780928629454345,1.3259469270706177,2.1274402141571045
5,impulsive,5.0,13.15135,4.977277,12.999224,8.021947,0.9796368791518798,0.9867248478735745,1.9336283206939697,3.571378707885742
5,impulsive,4.9999995,12.409664,5.0374274,12.166903,7.129475,0.5960289453505373,0.6807435166723916,1.11257803440094,1.6639199256896973
5,impulsive,5.0000005,9.4004755,5.048427,8.942151,3.893724,0.847695184709603,0.8888940308547479,1.4485232830047607,2.0063672065734863
5,impulsive,4.9999995,13.333935,5.034056,13.1285515,8.094496,0.8173542194726169,0.9117735004279159,1.181490182876587,1.7376415729522705
5,impulsive,4.999999,9.660259,4.9834957,9.586575,4.603079,0.8669185946058366,0.8966178836532409,1.3712122440338135,1.5075743198394775
5,impulsive,5.0,5.430975,5.002584,4.022549,-0.9800348,0.6733360130131018,0.6635628185781977,1.103232502937317,1.1494802236557007
5,impulsive,5.0000005,9.17262,4.9791827,8.724476,3.7452931,0.8714401017627716,0.8512749806162195,1.355462670326233,1.4943480491638184
5,impulsive,5.0000005,11.005324,4.984249,10.771826,5.7875767,0.6855509340033074,0.7148392397537628,1.2561405897140503,1.8205389976501465
5,impulsive,4.9999995,4.7286644,5.041182,4.2876534,-0.7535286,0.9999625070820511,0.9794075728596743,4.488157272338867,3.625213861465454
5,impulsive,4.999999,8.087096,5.179159,7.485266,2.306107,0.7673873621771593,0.8075902181452931,1.106566071510315,1.5436415672302246
5,impulsive,5.0,9.969866,4.9833302,9.854998,4.8716674,0.8570053756582918,0.8866552091580936,1.2578150033950806,1.8889930248260498
5,impulsive,4.9999995,15.8431015,5.0079064,15.741144,10.733238,0.939539402899583,0.9574046927158381,1.411501407623291,1.9194884300231934
5,impulsive,4.9999995,12.0317955,5.025627,11.784682,6.759055,0.708572120991685,0.8438601660639037,1.273118019104004,1.955469012260437
5,impulsive,5.0000005,11.2867775,5.063239,10.963574,5.9003353,0.8688898322793208,0.9207798059948223,1.1560717821121216,1.6913032531738281
5,impulsive,4.9999995,13.899292,4.9688025,13.750962,8.78216,0.8347996007901752,0.8535103216292778,1.2062575817108154,1.598095417022705
5,impulsive,5.0,11.001223,4.9268017,10.687956,5.761154,0.8465699282067237,0.8961465309281615,1.3078171014785767,1.8218538761138916
5,impulsive,5.0000005,3.1458669,4.996725,0.30308324,-4.6936417,0.826063329462372,0.8631581248576559,1.236507773399353,2.2370641231536865
5,impulsive,4.999999,13.805723,4.9927907,14.20112,9.20833,0.8180694293811028,0.8017206658803299,1.245459794998169,1.621277093887329
5,impulsive,4.9999995,11.000234,4.9813137,10.927523,5.946209,0.9871607388464861,0.986823027643026,1.9113643169403076,3.0440046787261963
5,impulsive,4.9999995,16.677465,5.026104,16.591986,11.565882,0.9770530385213491,0.9779155802070136,2.0183680057525635,2.2551465034484863
5,impulsive,5.0000005,8.8597355,4.993409,8.328725,3.3353157,0.7618846763041259,0.7923725791147164,1.3551881313323975,1.7310569286346436
5,impulsive,4.999999,12.256552,5.0133095,12.228125,7.214815,0.7607573546923638,0.851201275904869,1.0973522663116455,2.3797950744628906
5,impulsive,5.0,11.103643,4.65838,10.516417,5.8580365,0.7333164353634555,0.7693963107150659,1.0960909128189087,1.81825852394104
5,impulsive,5.000001,12.722446,5.022325,12.644191,7.6218657,0.8876504026029006,0.8822734821934366,1.310920238494873,1.8480446338653564
5,impulsive,4.9999995,10.863929,4.997274,10.60914,5.6118665,0.7913222001287238,0.8559383306515536,1.0986720323562622,1.3625293970108032
5,impulsive,4.9999995,13.559743,5.0113297,13.451002,8.439672,0.9426967639058259,0.9571235075530373,1.834165096282959,2.656484603881836
5,impulsive,5.0000005,11.870651,5.0122013,11.703169,6.6909676,0.941136362396797,0.9540779685970702,2.1803853511810303,2.800856113433838
5,impulsive,5.000001,14.833769,5.259991,14.689789,9.429798,0.9082357647890615,0.9330132886854999,1.4082850217819214,2.3129091262817383
5,impulsive,5.0,15.352362,5.0005913,15.233566,10.232975,0.7920432935707584,0.9090958367145836,1.1547272205352783,1.8434052467346191
5,impulsive,5.0000005,14.361851,4.999059,14.303794,9.304735,0.7150433301183436,0.8562299101855373,1.1746039390563965,2.5140457153320312
5,impulsive,5.0000005,6.5656033,4.9869637,6.447143,1.4601793,0.9712701162822425,0.9717921691463433,2.019631862640381,2.092278003692627
5,impulsive,4.9999995,6.842077,4.9860525,6.769063,1.7830105,0.9325768572862654,0.9446203871682459,1.447973370552063,1.6168607473373413
5,impulsive,5.0,17.210924,5.0010786,17.2207,12.219621,0.9999999999999973,0.9999566996730997,4.520205497741699,4.5105814933776855
5,impulsive,5.0000005,19.620052,5.0076838,19.57527,14.567586,0.9988799576734422,0.9984548307340274,4.107200622558594,4.173369884490967
5,impulsive,4.9999995,14.030809,1.391657,9.91757,8.525913,0.7769230989531279,0.8055760357658172,1.1761448383331299,1.6685223579406738
5,impulsive,5.0,10.22298,5.0581284,10.027035,4.9689064,0.9623906271864743,0.9749020130216799,1.3344662189483643,1.7741230726242065
5,impulsive,5.000001,13.00241,5.0050335,12.874328,7.869294,0.7950262282138993,0.8296343444702907,1.3558320999145508,2.0091323852539062
5,impulsive,5.0,15.247993,5.014101,15.128904,10.114803,0.9265868348172129,0.9828110624254236,1.6090549230575562,2.9887828826904297
5,impulsive,4.9999995,11.367377,4.953816,11.086481,6.132665,0.8015203663842067,0.830727470240518,1.5189248323440552,1.4829819202423096
5,impulsive,5.0000005,17.272432,5.0197086,17.202751,12.183043,0.8917766640234072,0.9329630759674935,1.4086272716522217,2.54736590385437
5,impulsive,5.0,9.134607,4.9380503,8.648392,3.7103415,0.8712990490317427,0.8829340531662148,1.3266557455062866,1.4094270467758179
5,impulsive,5.0,8.884309,5.0090466,8.293981,3.284934,0.992690527244699,0.9848190814838232,1.6475610733032227,3.063246965408325
5,impulsive,5.0000005,12.45055,4.989986,12.269135,7.2791495,0.7268735313321517,0.8367279869970613,1.1601568460464478,1.290425419807434
5,impulsive,5.000002,12.909449,5.0079203,12.689951,7.6820307,0.8886730811100212,0.8984646011842696,1.509559154510498,1.6948542594909668
5,impulsive,4.9999995,7.9716825,4.9706087,7.3684015,2.3977928,0.8103676326829902,0.8650418702638197,1.2413969039916992,1.4449542760849
5,impulsive,5.0000005,8.076199,4.910678,7.4828253,2.5721474,0.9213721938163105,0.9094495134001177,2.34993839263916,2.7651515007019043
5,impulsive,4.9999995,12.30057,5.0121617,12.049646,7.0374846,0.939402737992745,0.9442047789572767,1.792203664779663,2.5226082801818848
5,impulsive,5.000001,9.532804,4.980911,9.031767,4.050856,0.7909798706748391,0.8049174259722635,1.1750887632369995,1.3231518268585205
5,impulsive,5.0000005,13.446302,4.985146,13.253576,8.268431,0.8486144068493416,0.9506169458595233,1.1271568536758423,2.039102077484131
5,impulsive,4.9999995,15.105501,4.9570055,15.0106325,10.053627,0.9764352014355966,0.9768718368492819,2.7671852111816406,2.9046683311462402
5,impulsive,5.0000005,11.118616,5.0177674,10.775514,5.757746,0.8585093165656448,0.9026714585614755,1.3442248106002808,1.6655299663543701
5,impulsive,4.9999995,6.615632,7.422286,8.9545,1.5322142,0.9319693554136844,0.955620790639145,1.1968148946762085,1.8784209489822388
5,impulsive,4.9999995,14.071363,4.9801965,13.900766,8.92057,0.654833918316258,0.8071912002600207,1.091424822807312,1.3522497415542603
5,impulsive,5.0,14.326342,5.0071282,14.173197,9.166069,0.6016060011725851,0.7704076105821241,1.1046583652496338,1.7936055660247803
5,impulsive,4.999999,9.981603,5.0120587,9.579447,4.567388,0.9618204697474936,0.948982145685246,1.442007064819336,1.4699816703796387
5,impulsive,5.0000005,13.820171,5.0111885,13.683163,8.671974,0.6753120326036649,0.8522531339511399,1.1919854879379272,1.5777544975280762
5,impulsive,5.000001,10.538771,4.9797544,10.163585,5.1838303,0.9230112104538621,0.9657505652490064,1.2231552600860596,1.950836181640625
5,impulsive,4.9999995,7.582778,4.959675,6.7669325,1.8072577,0.6320995156084229,0.7168510073894975,1.1695466041564941,1.7260210514068604
5,impulsive,4.999999,12.49789,5.004701,12.325794,7.321093,0.9794709450470847,0.970241351295722,3.4755148887634277,3.2038180828094482
5,impulsive,4.9999995,12.636891,5.001469,12.44499,7.443521,0.6936897007282089,0.8557000969314437,1.1158493757247925,1.4167273044586182
5,impulsive,5.0000005,14.592223,5.0432544,14.454293,9.411039,0.8947602259730696,0.9395920304108804,1.2641172409057617,1.9107252359390259
5,impulsive,5.0000005,10.444999,4.971491,10.096756,5.125265,0.8985015149955613,0.9207821578607821,1.1372617483139038,1.8204221725463867
5,impulsive,4.9999995,10.706798,4.9188337,10.469161,5.5503273,0.8696302049003453,0.8829040857116207,1.418394684791565,2.1244373321533203
5,impulsive,5.0000005,11.490708,4.9548874,11.263027,6.30814,0.795540407840286,0.8235070219761452,1.1043707132339478,1.4691259860992432
5,impulsive,5.000001,11.102944,5.059562,10.7908535,5.7312913,0.9299076359662524,0.9375429710756951,1.4777977466583252,2.7922890186309814
5,impulsive,5.0,8.486989,5.0934105,7.8877153,2.7943048,0.924317488063066,0.9388136626762363,1.8271632194519043,2.5126733779907227
5,impulsive,5.0000005,11.890686,4.98962,11.662556,6.6729355,0.8535126559732458,0.887855289693221,1.184919834136963,1.671569585800171
5,impulsive,4.9999995,11.525148,4.9859867,11.3158,6.329813,0.9808781077984388,0.9872855368163492,2.684227466583252,3.543074369430542
5,impulsive,4.999999,8.539192,4.9860597,8.147346,3.1612859,0.863280964160216,0.8821066439641942,1.3574191331863403,1.8105032444000244
5,impulsive,4.9999995,19.701746,4.9748964,19.68705,14.712153,0.9835782079828836,0.9878730443509269,1.7242786884307861,3.7519516944885254
5,impulsive,5.0000005,16.547092,5.016134,16.453201,11.437067,0.8127438810733953,0.9199001856380183,1.1568388938903809,1.9088971614837646
5,impulsive,5.0,9.503451,4.98901,9.109741,4.1207314,0.7428401345782034,0.8273399872598689,1.149776816368103,1.5354318618774414
5,impulsive,4.999999,12.396631,5.013977,12.163304,7.1493273,0.866300129968699,0.8751318469265358,1.7767219543457031,2.5326731204986572
5,impulsive,4.9999995,9.989098,5.0176244,9.638163,4.620538,0.8572704499247052,0.888067462801619,1.1712828874588013,1.5165379047393799
5,impulsive,4.9999995,23.678959,4.9960666,23.677101,18.681034,0.9841928773172652,0.9860370367418845,2.0583653450012207,3.1010921001434326
5,impulsive,4.999999,13.330878,4.999329,13.3157625,8.316433,0.8989626577471543,0.9463332928331798,1.4082163572311401,1.7188975811004639
5,impulsive,5.0,12.705952,4.9721484,12.500421,7.528272,0.8233358287361894,0.8080005327598958,1.2632297277450562,1.5724478960037231
5,impulsive,4.9999995,17.301008,5.016514,17.237732,12.221218,0.8456117835431027,0.9285577288026468,1.1714032888412476,2.1868062019348145
5,impulsive,5.0,11.493239,5.0022974,11.179321,6.177024,0.7551062500177634,0.8938832385555089,1.1880848407745361,1.7206106185913086
5,impulsive,5.0,13.669226,5.0137186,13.485815,8.472096,0.7559869556885298,0.8603926377580237,1.1404576301574707,1.597813367843628
5,impulsive,4.9999995,11.601691,5.053868,11.36998,6.316112,0.8222121151362219,0.8641150175038792,1.5857436656951904,1.8210952281951904
5,impulsive,4.9999995,8.222097,5.003479,7.513346,2.5098672,0.8891000149576419,0.8496482485976766,1.2044916152954102,1.3341318368911743
5,impulsive,5.0,12.979255,5.02966,12.75567,7.7260094,0.9711993537610919,0.9775222941191686,1.7195202112197876,1.853410005569458
5,impulsive,5.0,13.726951,5.008601,13.636105,8.627503,0.7849709160127216,0.8887224838679595,1.1549756526947021,2.1181461811065674
5,impulsive,5.000001,13.632429,4.9859962,13.506308,8.520311,0.8863411853451479,0.9316295616264311,2.3929903507232666,2.650008201599121
5,impulsive,5.0,7.867343,4.9913473,7.1036153,2.112268,0.7227646876359795,0.8032966495787724,1.2023684978485107,1.3289343118667603
5,impulsive,4.9999995,14.321325,5.0165443,14.158601,9.142056,0.6894802977838707,0.7917013846665418,1.0896519422531128,1.279911756515503
5,impulsive,4.9999995,10.607077,4.9039407,10.246643,5.3427024,0.7577749727099827,0.8670933313842446,1.1004823446273804,1.4984979629516602
10,nonstationary,9.999999,19.731365,9.994274,19.702898,9.708624,0.979647480126677,0.986593915119894,1.8114850521087646,3.433260202407837
10,nonstationary,9.999999,14.001186,9.999321,13.837667,3.8383465,0.9195684620865844,0.9377157039000685,1.261966586112976,1.3229167461395264
10,nonstationary,9.999999,16.553282,9.992935,16.467417,6.4744816,0.9170351361709577,0.9638846786682609,1.482392430305481,1.6701064109802246
10,nonstationary,10.000001,10.175686,9.994946,10.132212,0.13726616,0.9502141086220456,0.9525899564003341,2.6723108291625977,2.7037220001220703
10,nonstationary,9.999999,9.924839,10.025255,9.870613,-0.1546421,0.9783322020885488,0.9606554945467006,1.990046501159668,1.99509859085083
10,nonstationary,10.000001,11.320629,9.970777,11.210075,1.2392988,0.9723690939929598,0.9747206521131376,1.997626781463623,2.1074559688568115
10,nonstationary,9.999999,13.162064,9.98657,13.027838,3.0412674,0.9489535629428018,0.9660621165215223,2.622950315475464,3.42183256149292
10,nonstationary,10.0,12.798657,9.968442,12.597872,2.6294298,0.7438127678902596,0.7802592296622589,1.256197214126587,1.5287368297576904
10,nonstationary,10.0,13.410948,10.004825,13.21294,3.2081156,0.8610467419662753,0.8856164652376134,1.5290520191192627,2.009148120880127
10,nonstationary,9.999999,15.944196,9.989855,15.832777,5.842922,0.695747462867153,0.8067136199514177,1.2088263034820557,1.7551846504211426
10,nonstationary,10.0,13.635873,9.929608,13.444086,3.5144777,0.9171778910429416,0.9479803838377483,1.3235095739364624,1.7953041791915894
10,nonstationary,10.0,14.569904,9.967717,14.4269905,4.4592733,0.7490801604384251,0.741940530684982,2.122102737426758,2.3026158809661865
10,nonstationary,9.999999,9.074999,10.005879,8.5271845,-1.4786949,0.9522911794902039,0.8513165292294402,1.9617873430252075,1.6022498607635498
10,nonstationary,9.999999,14.817804,9.960507,14.6724615,4.711954,0.9178654999161405,0.9392508660238229,1.4261255264282227,2.3220388889312744
10,nonstationary,9.999999,13.856676,9.979762,13.711464,3.7317019,0.8728066569867418,0.9072042025365455,1.3662017583847046,1.5451674461364746
10,nonstationary,10.000001,4.299224,10.001798,2.4604414,-7.541356,0.8372414491044246,0.7992281803541552,1.3481706380844116,1.1563740968704224
10,nonstationary,10.0,8.595935,10.101623,7.9847093,-2.1169133,0.8816991860684035,0.8419037241365658,1.9450678825378418,1.6907368898391724
10,nonstationary,10.000001,10.272133,9.931533,9.842257,-0.089276314,0.9174208817570096,0.8135403860864372,3.431392192840576,2.6856961250305176
10,nonstationary,10.0,11.582112,9.962904,11.28969,1.326786,0.9011951544698081,0.9244658957506916,1.6770994663238525,2.202094078063965
10,nonstationary,9.999999,11.270553,10.070409,10.9384575,0.86804867,0.9144902392506958,0.9175735330483833,1.5311102867126465,2.1546924114227295
10,nonstationary,9.999999,11.598902,10.007962,11.569687,1.5617247,0.9073809257348475,0.9137758861515809,1.3666975498199463,1.3710012435913086
10,nonstationary,10.0,3.949645,9.968998,1.7183187,-8.250679,0.9001761430245663,0.9041469872664477,1.585336446762085,1.7721338272094727
10,nonstationary,9.999999,19.38412,10.006166,19.341866,9.335699,0.9516374646785367,0.9738651853600119,1.5092324018478394,2.3637382984161377
10,nonstationary,9.999999,14.187427,9.960738,14.020439,4.059701,0.8835140388270689,0.9374029558522857,1.1379101276397705,1.6721649169921875
10,nonstationary,10.0,6.762343,10.011681,5.740764,-4.2709165,0.6451816468293081,0.5274843110955972,1.4450150728225708,1.4545978307724
10,nonstationary,10.0,11.585419,10.016083,11.449242,1.4331589,0.9668094288342883,0.9689390049346261,1.8853175640106201,2.1209559440612793
10,nonstationary,10.0,6.988845,9.996429,6.304068,-3.6923614,0.9097397439729947,0.8681366647351852,1.633217453956604,1.4045422077178955
10,nonstationary,9.999999,18.01276,9.997773,17.958511,7.960738,0.9131299711270163,0.9299298494506762,1.5766198635101318,2.274630069732666
10,nonstationary,10.0,15.70506,9.997503,15.660065,5.6625614,0.9838949607433514,0.9763110154987842,2.3807942867279053,2.7425642013549805
10,nonstationary,9.999999,12.690813,9.99225,12.459854,2.4676037,0.9395526925663072,0.9335734718607114,1.9317400455474854,1.749842643737793
10,nonstationary,10.0,7.435588,9.974327,6.596508,-3.377819,0.8990811512680087,0.8464997320892319,2.208184003829956,2.04750919342041
10,nonstationary,9.999999,8.780384,9.991912,8.390162,-1.6017494,0.8111263996816486,0.8097348072699556,1.5454347133636475,1.7771965265274048
10,nonstationary,9.999999,11.488595,10.008949,11.263359,1.2544098,0.7374323253375965,0.8183669866988352,1.5592074394226074,1.7538492679595947
10,nonstationary,9.999999,12.9409485,9.997707,12.720459,2.7227516,0.8625256830188412,0.8800342309416713,1.1448396444320679,1.3830970525741577
10,nonstationary,10.0,13.14907,10.025245,12.93397,2.9087257,0.8501741821797897,0.890935917007943,1.4225980043411255,1.6516039371490479
10,nonstationary,10.0,11.503248,9.9987755,11.382887,1.3841114,0.9886505626419468,0.9881323664136132,1.4019348621368408,1.4731817245483398
10,nonstationary,10.0,9.511103,9.967191,9.002069,-0.96512127,0.8655613715534856,0.8711264995806003,1.2396973371505737,1.2882623672485352
10,nonstationary,10.0,12.485495,10.031072,12.345503,2.3144312,0.9518663993741604,0.9379340426703529,1.2437975406646729,1.7292819023132324
10,nonstationary,10.0,21.882195,10.000796,21.862465,11.861669,0.8868288181884102,0.9373916119982975,1.9339655637741089,2.4626336097717285
10,nonstationary,10.0,10.38331,9.978005,9.976515,-0.001490593,0.9363622135133696,0.9330008595271406,1.6243659257888794,1.6422512531280518
10,nonstationary,10.000001,13.271614,9.994373,13.063759,3.0693855,0.8295965567599943,0.8640549587582776,1.3036739826202393,1.7974389791488647
10,nonstationary,10.0,11.799498,9.931629,11.534648,1.6030188,0.947358467280979,0.9574683008890118,1.4643833637237549,1.6368820667266846
10,nonstationary,9.999999,16.42008,10.024457,16.431463,6.4070063,0.9710209534216574,0.9711497433646294,2.196227788925171,2.404127836227417
10,nonstationary,9.999999,13.899364,10.031401,13.719719,3.6883183,0.9125034236972812,0.9127697381286711,1.3297277688980103,1.6581166982650757
10,nonstationary,9.999999,12.768074,9.987755,12.5881405,2.6003857,0.6420792016256343,0.6883815852221781,1.8248430490493774,2.0943410396575928
10,nonstationary,9.999999,11.623394,9.839077,11.345712,1.5066347,0.8142219993527293,0.8456883863610831,1.2288273572921753,1.3096290826797485
10,nonstationary,10.0,7.0267982,10.045504,6.072934,-3.9725695,0.9557005820617258,0.9195114958242935,1.28898024559021,1.3062690496444702
10,nonstationary,9.999999,12.925528,9.995647,12.989317,2.9936695,0.8443429498046892,0.8561000799314192,1.537055492401123,1.7408607006072998
10,nonstationary,10.0,16.336437,9.959585,16.297316,6.3377304,0.9170536671278329,0.941366764166236,1.3061168193817139,2.484647750854492
10,nonstationary,10.0,6.079884,9.98328,4.9247093,-5.058571,0.8172351279588173,0.7751965399434791,1.265680193901062,1.3399336338043213
10,nonstationary,9.999999,14.853898,9.9574795,14.714169,4.756689,0.9591186793538882,0.9685646415813508,1.8971989154815674,2.4142751693725586
10,nonstationary,9.999999,12.402958,9.928934,12.106904,2.17797,0.9451134830749044,0.9451549680140011,2.1726114749908447,2.272692918777466
10,nonstationary,9.999999,15.275373,10.009247,15.203115,5.1938686,0.9719027040140882,0.9739398918313326,1.5036793947219849,1.878012776374817
10,nonstationary,10.000001,10.015077,9.988256,9.7511635,-0.23709297,0.9047822952442213,0.8869389513283775,1.9463496208190918,1.7582472562789917
10,nonstationary,9.999999,15.842467,10.024134,15.768837,5.7447033,0.9332919800712371,0.9567848307989958,1.7531253099441528,2.173832416534424
10,nonstationary,9.999999,13.583172,10.007926,13.432409,3.4244833,0.848982319302593,0.8724304096201446,1.3453953266143799,1.6653953790664673
10,nonstationary,10.000001,15.343485,9.990602,15.194361,5.203759,0.93018673379466,0.9414041879607595,2.393547534942627,3.087418794631958
10,nonstationary,10.0,10.215733,9.997111,10.115242,0.118130684,0.9925033911540871,0.9895995813552994,2.9298813343048096,3.497861623764038
10,nonstationary,10.000001,10.119747,10.045639,9.884903,-0.16073608,0.9838713968249573,0.982917893374899,2.4906344413757324,2.398820161819458
10,nonstationary,10.000001,12.465867,9.979504,12.22341,2.243906,0.9360667037398517,0.9426293245685042,1.2466726303100586,1.7354357242584229
10,nonstationary,10.0,18.27602,9.962707,18.212927,8.25022,0.9927629639694479,0.9935717026320853,2.817369222640991,3.3196544647216797
10,nonstationary,9.999999,10.56429,10.033495,10.270444,0.23694897,0.9344227443070114,0.918798770151818,1.4980801343917847,1.497632384300232
10,nonstationary,10.0,12.069961,9.944555,11.793407,1.8488522,0.9305374933279066,0.929879623662943,1.5549829006195068,1.7798100709915161
10,nonstationary,9.999999,15.313678,10.000258,15.227697,5.227439,0.8928055662920518,0.8741739419179487,1.3975074291229248,1.4628312587738037
10,nonstationary,9.999999,16.019867,9.98077,15.912636,5.9318657,0.7222417079429122,0.7965179825699402,1.2182005643844604,1.7927075624465942
10,nonstationary,9.999999,13.631457,9.992464,13.490781,3.4983168,0.7270689970831163,0.7521883777592335,1.434833288192749,1.4714887142181396
10,nonstationary,10.000001,10.289508,9.966249,10.172615,0.20636559,0.8083414493060656,0.8115363680485943,1.396599531173706,1.4024021625518799
10,nonstationary,9.999999,8.4584055,10.011586,8.230684,-1.7809019,0.8855484562392093,0.8591824212324445,1.15456223487854,1.3073714971542358
10,nonstationary,10.0,10.095488,9.980729,10.04299,0.062260628,0.9582295177531066,0.9583241998191054,1.7287254333496094,1.7466046810150146
10,nonstationary,10.000001,9.592475,9.985547,9.332789,-0.65275764,0.8121016052178774,0.8447343379073005,2.1372323036193848,2.4895546436309814
10,nonstationary,9.999999,11.481501,10.062499,11.380166,1.317667,0.9190207728578771,0.933470176816741,1.8018789291381836,2.0005764961242676
10,nonstationary,10.0,10.164869,10.018538,10.125872,0.10733318,0.9627928175182365,0.9612117628776836,2.5773096084594727,2.5878841876983643
10,nonstationary,10.0,13.858088,10.0282135,13.741638,3.7134247,0.9245160995046091,0.9301186545599427,1.2704055309295654,1.2998652458190918
10,nonstationary,10.0,10.345356,10.025372,9.947559,-0.077812195,0.9498034874493262,0.942851856209663,1.3440200090408325,2.0056676864624023
10,nonstationary,9.999999,8.164889,10.008974,7.457888,-2.551086,0.9228577120812465,0.9423727993454311,1.673447608947754,2.0716185569763184
10,nonstationary,9.999999,14.071306,9.587995,13.504281,3.9162865,0.8710388007430167,0.9009027439664844,1.4721227884292603,1.9445972442626953
10,nonstationary,9.999999,17.148163,10.015434,17.126667,7.1112328,0.8055424936188159,0.8591655626083656,1.1203703880310059,2.0124351978302
10,nonstationary,10.000001,8.772617,9.983412,8.279703,-1.7037086,0.9231560298986615,0.922352779866177,1.760107398033142,1.7435243129730225
10,nonstationary,10.0,12.714167,9.99899,12.530232,2.5312424,0.8293557347096374,0.8743202243691031,1.1545178890228271,1.488333821296692
10,nonstationary,9.999999,14.320059,10.047765,14.310307,4.262542,0.978571607297092,0.9811022042100943,1.7124664783477783,1.918066382408142
10,nonstationary,10.0,10.826408,9.987086,10.497438,0.51035213,0.8744996536791565,0.8817982087424592,1.476433277130127,1.7031123638153076
10,nonstationary,9.999999,13.361205,10.001589,13.16798,3.1663914,0.9091755389545964,0.9300627249285819,1.377887487411499,1.9580825567245483
10,nonstationary,9.999999,14.05723,9.991718,13.958384,3.9666653,0.926421923045278,0.9402293192648491,1.7671259641647339,1.9593887329101562
10,nonstationary,9.999999,9.341031,9.955164,8.924088,-1.0310764,0.9092154424445479,0.8982485676258738,1.8523787260055542,2.1415185928344727
10,nonstationary,10.0,14.238201,9.966717,14.07262,4.1059036,0.8736650728141626,0.8864020774059856,1.6229884624481201,1.8102613687515259
10,nonstationary,9.999999,17.108845,10.013966,17.05685,7.042885,0.978895226914429,0.9810227564987357,2.003030300140381,2.7031469345092773
10,nonstationary,10.0,11.053959,10.021071,10.991764,0.97069263,0.8969366895561902,0.9053065916932682,1.4793827533721924,1.5969769954681396
10,nonstationary,10.0,10.0480175,9.998788,9.918118,-0.08067036,0.9961292339325004,0.9936644020878282,2.590266466140747,2.7053284645080566
10,nonstationary,10.000001,16.925808,9.950858,16.84188,6.8910227,0.8374701032134939,0.8244025774842412,1.5731276273727417,2.1263954639434814
10,nonstationary,10.000001,14.34887,10.007034,14.188179,4.1811447,0.9813637828128334,0.9811864491242027,2.143548011779785,2.3102340698242188
10,nonstationary,10.0,8.976885,9.993647,8.3901415,-1.6035051,0.9069098633504143,0.8967025973476856,1.2544081211090088,1.7764685153961182
10,nonstationary,10.0,13.031196,9.990599,12.939245,2.9486465,0.8399708802588094,0.8768665748265952,1.5027583837509155,1.7852840423583984
10,nonstationary,10.0,12.962015,10.410319,12.97961,2.569291,0.8856262352888022,0.907079997603324,1.8327938318252563,2.2734572887420654
10,nonstationary,10.0,11.524586,10.037123,11.224823,1.1877003,0.9339581403445397,0.9402521042407677,1.490776538848877,1.6712983846664429
10,nonstationary,9.999999,11.765241,9.991904,11.472789,1.4808846,0.9045533906557687,0.9358712914071238,1.3182858228683472,1.702122688293457
10,nonstationary,10.000001,14.928603,10.020895,14.790131,4.7692356,0.885035677797791,0.89777615850357,1.4129072427749634,1.964607834815979
10,nonstationary,10.000001,17.670994,9.999671,17.653088,7.6534166,0.7077054761870304,0.8169975676262047,1.431599736213684,1.8162192106246948
10,nonstationary,10.0,10.110951,10.005599,9.681055,-0.32454395,0.8160275454913406,0.8353598404480616,1.340233325958252,1.8039920330047607
10,nonstationary,10.0,11.228891,10.048468,10.920745,0.87227726,0.8575573125339979,0.8558790792423235,1.6869280338287354,1.8618216514587402
10,nonstationary,10.0,10.707907,10.008768,10.413838,0.4050703,0.9662958498403844,0.9689728588619818,3.4041295051574707,3.5824434757232666
10,impulsive,9.999999,17.382532,10.006655,17.30561,7.298956,0.9435571907917747,0.9669964972727594,2.066410541534424,2.747202157974243
10,impulsive,10.0,19.564684,9.999614,19.543232,9.543618,0.9213338653425927,0.971640413893405,1.419805645942688,2.217585802078247
10,impulsive,10.000001,17.209253,10.002469,17.128586,7.1261168,0.893205550924175,0.9195157627147353,1.4360789060592651,1.9227755069732666
10,impulsive,9.999999,13.737164,10.005021,13.630451,3.62543,0.973589932662321,0.9486468297994638,1.717881202697754,2.108917713165283
10,impulsive,10.0,13.369946,9.986114,13.259057,3.2729435,0.9194100125042706,0.9467774801914098,1.9461915493011475,2.142773389816284
10,impulsive,10.0,20.399055,9.980015,20.36596,10.385944,0.9798735710604706,0.993033688192593,2.4246747493743896,2.618659496307373
10,impulsive,10.000001,14.002131,9.996048,13.898297,3.9022493,0.8379794314380508,0.9120173406972151,2.121894598007202,2.910386323928833
10,impulsive,9.999999,19.297483,9.987447,19.297768,9.310321,0.9884659511937974,0.9939235148491362,2.51314377784729,3.827366352081299
10,impulsive,9.999999,16.501785,9.995638,16.616198,6.6205597,0.7683239889173422,0.8345801837761164,1.318634271621704,2.203334093093872
10,impulsive,9.999999,17.592766,9.996941,17.521229,7.524288,0.8527158188790418,0.9326335284705458,1.8920791149139404,2.5734102725982666
10,impulsive,10.0,17.533424,9.989065,17.473446,7.4843807,0.9869138902907738,0.9921470637866865,2.9713690280914307,3.8622989654541016
10,impulsive,10.0,15.9333725,10.021183,15.840397,5.819214,0.6451407548784429,0.7272641858504485,1.1643420457839966,2.0632388591766357
10,impulsive,10.0,11.612768,10.027391,11.327215,1.2998238,0.8937957850892883,0.9100666980827722,1.8835139274597168,2.1344590187072754
10,impulsive,10.0,15.840579,10.019268,15.742774,5.723506,0.8923577278024644,0.9415307989845029,1.2741167545318604,2.2681915760040283
10,impulsive,9.999999,13.0837345,9.990744,13.02966,3.0389166,0.8998652629416506,0.916935671876687,1.459619164466858,1.5887432098388672
10,impulsive,9.999999,6.972713,10.002576,6.0660033,-3.9365726,0.7580121064748888,0.7739731762102682,1.195151925086975,1.297296166419983
10,impulsive,10.000001,14.213837,9.988357,14.198828,4.210471,0.924974729514974,0.9456873196082456,1.7370153665542603,2.2338504791259766
10,impulsive,10.0,10.293297,9.98581,9.894229,-0.091581345,0.7575866019255054,0.7542756511958741,1.5025246143341064,1.853968620300293
10,impulsive,10.0,9.579605,10.023857,9.290744,-0.7331133,0.9999882277745962,0.9874852402098944,4.554039478302002,4.013110637664795
10,impulsive,9.999999,11.378794,10.103622,11.090137,0.9865141,0.8553928375475642,0.8824834137121066,1.2163313627243042,1.958547592163086
10,impulsive,9.999999,14.248007,9.99067,14.1777115,4.1870413,0.8877763487912287,0.9194619700327695,1.4803361892700195,2.40342378616333
10,impulsive,9.999999,12.368116,10.004493,12.261036,2.2565432,0.973956484218383,0.9794547101835808,1.8410656452178955,2.143864154815674
10,impulsive,10.0,14.867798,10.016793,14.739281,4.7224874,0.7965830958200087,0.8890389326632304,1.5717487335205078,2.314114809036255
10,impulsive,10.0,8.00266,10.035935,7.2543344,-2.781601,0.9362222793482465,0.8873675977259045,1.261813759803772,1.5024075508117676
10,impulsive,9.999999,17.168331,9.982565,17.093065,7.1105003,0.8810478318015121,0.9051509384679286,1.464311122894287,2.0644893646240234
10,impulsive,10.0,14.599666,9.959351,14.569775,4.610424,0.9147741594261039,0.9416027306898805,1.5383187532424927,2.1706039905548096
10,impulsive,10.0,5.9943295,9.998055,4.8981586,-5.099897,0.8878936120204363,0.91749851543498,1.5008231401443481,2.510610818862915
10,impulsive,9.999999,14.765115,9.996024,14.982934,4.98691,0.8670482303849137,0.8330973331150623,1.4984785318374634,1.7933406829833984
10,impulsive,10.0,15.741417,9.989533,15.6777725,5.688239,0.9939036132214224,0.9917520973875265,2.9423372745513916,3.5770578384399414
10,impulsive,9.999999,19.837307,10.014767,19.794981,9.780214,0.9895250099626232,0.9893406608200851,2.1248180866241455,2.523494005203247
10,impulsive,10.000001,11.581125,9.991392,11.4057255,1.4143333,0.843556667113137,0.8679120040608037,1.791339635848999,2.512540817260742
10,impulsive,10.0,13.648511,10.007838,13.611334,3.6034956,0.8032729389349277,0.8995898236535704,1.2285423278808594,2.6557865142822266
10,impulsive,10.0,15.614622,9.652935,15.384464,5.731529,0.7775351204978341,0.8390528067295293,1.181646466255188,1.9851739406585693
10,impulsive,10.000001,16.923859,10.012611,16.839703,6.827091,0.9161123545486843,0.9100225941245658,1.6355433464050293,2.219942331314087
10,impulsive,9.999999,15.123631,9.998478,14.997587,4.9991093,0.8504292693125164,0.9022906664263288,1.2120543718338013,1.6816632747650146
10,impulsive,9.999999,12.096968,10.028602,12.078062,2.0494604,0.9565972854826393,0.9743036700568228,2.3190712928771973,2.6324586868286133
10,impulsive,10.000001,15.465426,10.006876,15.3407955,5.3339195,0.964022064114497,0.959028904877533,2.6265504360198975,2.6336240768432617
10,impulsive,10.0,16.064327,10.152145,15.995825,5.8436794,0.9485641866041729,0.957987880966972,1.962990641593933,2.7808666229248047
10,impulsive,10.0,19.889997,10.000345,19.861753,9.861408,0.8468307552253245,0.9430699854374103,1.3330330848693848,2.302574396133423
10,impulsive,9.999999,17.1585,9.99942,17.134571,7.135151,0.7787778796533041,0.8892903067774623,1.3112003803253174,2.5709311962127686
10,impulsive,10.0,11.476945,9.99274,11.398419,1.4056797,0.9855065502619401,0.9867247727632127,2.871422052383423,3.1706600189208984
10,impulsive,9.999999,11.548676,9.992048,11.500488,1.50844,0.9591096508975618,0.9657982489633409,1.6759909391403198,1.8820674419403076
10,impulsive,10.0,21.966198,10.001104,21.97505,11.973946,0.9999999999999972,0.9999516022941332,4.5180535316467285,4.511956691741943
10,impulsive,10.0,21.777475,10.005674,21.753538,11.747864,0.9995180741943926,0.9983776095116198,4.353907585144043,4.294068336486816
10,impulsive,10.0,15.9463005,6.3373904,11.981181,5.6437907,0.8470214183617476,0.8815679799447171,1.565487027168274,1.8797526359558105
10,impulsive,9.999999,12.711178,10.033421,12.612942,2.5795212,0.9811635934036812,0.984321455206039,1.5584921836853027,2.085585832595825
10,impulsive,10.0,15.336848,10.003244,15.56079,5.5575457,0.8271849528240075,0.8422434120519077,1.8192322254180908,2.259075403213501
10,impulsive,10.000001,17.259354,10.00795,17.180267,7.1723175,0.9589246503009258,0.9872386973047679,1.7450129985809326,3.2169718742370605
10,impulsive,9.999999,13.524465,9.974235,13.345102,3.3708677,0.855331254516993,0.868321519671916,1.6566298007965088,1.5736055374145508
10,impulsive,10.0,21.375158,10.01112,21.372316,11.3611965,0.9440893886826576,0.9678074558470069,1.6477526426315308,3.1007080078125
10,impulsive,10.000001,11.385579,9.958073,11.155763,1.19769,0.9354022980817159,0.9305619577161163,1.6040712594985962,1.749383568763733
10,impulsive,9.999999,8.769242,10.005095,8.15609,-1.8490047,0.9960636202300708,0.9881751700776554,2.330030679702759,3.136559247970581
10,impulsive,10.000001,15.680991,9.994378,15.594148,5.5997696,0.8103378828245127,0.8897246833168981,1.2594833374023438,1.481326699256897
10,impulsive,9.999999,14.732792,10.004461,14.612752,4.6082907,0.9295968064313623,0.9316637512852731,1.7548704147338867,2.327587127685547
10,impulsive,10.0,11.502348,9.983878,11.185425,1.2015467,0.8945791157711769,0.9251156465664192,1.4612842798233032,1.9133493900299072
10,impulsive,10.0,8.401607,9.931372,7.885124,-2.0462475,0.9413689077770435,0.9311675839351659,2.9948153495788574,3.184558153152466
10,impulsive,10.0,13.38468,10.006535,13.2056,3.1990652,0.963870417108422,0.9579897194201097,2.480531930923462,2.8139703273773193
10,impulsive,10.0,12.699352,9.989295,12.460482,2.4711866,0.8733461098279215,0.8936274690051645,1.3464661836624146,1.6602723598480225
10,impulsive,10.0,16.122559,9.991842,16.020449,6.0286064,0.9118335101107663,0.9697189612006739,1.1759250164031982,2.3037431240081787
10,impulsive,9.999999,18.299397,9.97621,18.262077,8.285868,0.9883559677006142,0.988827542903408,3.2507855892181396,3.269350528717041
10,impulsive,9.999999,14.779187,10.012073,14.656342,4.644269,0.9101116152347193,0.9503362081211401,1.5388604402542114,1.9384974241256714
10,impulsive,9.999999,10.372799,12.419319,12.870993,0.4516735,0.967784622755392,0.9727273137449449,1.3851568698883057,2.1423404216766357
10,impulsive,9.999998,17.153942,9.989584,17.069963,7.0803795,0.7390717913437966,0.822554696450501,1.1528693437576294,1.54807710647583
10,impulsive,9.999999,15.843125,10.004131,15.744915,5.7407837,0.6440109095503969,0.7992416119758893,1.1680454015731812,2.0449695587158203
10,impulsive,9.999999,13.14043,10.006846,12.935646,2.9287996,0.980300598840682,0.9738062779908433,1.645049810409546,1.977635383605957
10,impulsive,10.0,17.01514,10.006303,16.950151,6.9438486,0.7711006728993824,0.8806835121670031,1.2953815460205078,1.8099145889282227
10,impulsive,10.0,13.171512,9.98823,12.96465,2.9764204,0.9638683566230032,0.9846857094065773,1.4740443229675293,2.2636008262634277
10,impulsive,10.0,10.53279,9.978043,10.219366,0.24132347,0.7234747965153003,0.7870698753126454,1.2894076108932495,1.9678564071655273
10,impulsive,10.0,10.346097,10.002605,10.026949,0.02434349,0.9891554718033173,0.9562179640173091,3.7824084758758545,3.0063180923461914
10,impulsive,10.0,14.819306,10.001099,14.714558,4.713459,0.7568136227275947,0.8635092898562603,1.193564772605896,1.4000070095062256
10,impulsive,10.0,18.398575,10.024496,18.337505,8.313009,0.9267264246797375,0.9613629359452703,1.4570361375808716,2.4731974601745605
10,impulsive,9.999999,14.003086,9.984048,13.9551525,3.9711046,0.9464824721045474,0.9649445257108303,1.3516618013381958,2.3272879123687744
10,impulsive,10.0,12.62714,9.958374,12.550078,2.5917044,0.9131396401468536,0.9179348633552842,1.7819409370422363,2.393413782119751
10,impulsive,10.0,12.442427,9.968864,12.420859,2.451995,0.8375230619485302,0.8317398260434435,1.2529546022415161,1.777268648147583
10,impulsive,10.000001,14.342156,10.039458,14.280506,4.241048,0.9562936812503247,0.9597807080783737,2.008254289627075,3.3985371589660645
10,impulsive,10.0,9.1475315,10.053359,8.588293,-1.465066,0.9540118423068904,0.9490880532668164,2.499129056930542,2.8303987979888916
10,impulsive,10.0,14.953678,9.994173,14.814242,4.8200693,0.9038223935057021,0.9234796162514589,1.3498530387878418,2.1520791053771973
10,impulsive,10.0,14.2881155,9.993315,14.226604,4.2332897,0.9901463250258127,0.9939930513097158,3.161609411239624,3.8522679805755615
10,impulsive,9.999999,13.129989,9.991168,12.970926,2.9797583,0.897385919136807,0.9128728642967664,1.5582597255706787,2.2243764400482178
10,impulsive,9.999999,23.030983,9.985945,23.03076,13.044815,0.9890928483478426,0.9918236484100417,2.3782575130462646,3.903146982192993
10,impulsive,10.000001,19.058537,10.009127,19.00461,8.995483,0.8722462100834403,0.9510585419649591,1.2786953449249268,2.347538948059082
10,impulsive,10.0,13.550114,9.994308,13.363754,3.3694458,0.8389753610708923,0.8969458047267395,1.2874826192855835,2.017749786376953
10,impulsive,10.0,17.134605,10.00816,17.061045,7.052885,0.9037431262837424,0.9352771765710166,2.3270723819732666,3.1087536811828613
10,impulsive,9.999999,14.316836,10.009937,14.16712,4.1571827,0.9285643822368063,0.9495396698596182,1.4130325317382812,1.8803844451904297
10,impulsive,10.0,25.628681,9.997791,25.674685,15.676893,0.9906713683561039,0.9907993594276955,2.8221611976623535,3.409498929977417
10,impulsive,9.999999,11.53212,10.000654,11.339498,1.3388433,0.9403302756408186,0.9379842605048847,1.5638494491577148,1.8551654815673828
10,impulsive,9.999999,16.405968,9.984415,16.31262,6.328205,0.8631592879202166,0.8484872316056018,1.5969969034194946,2.061009407043457
10,impulsive,10.0,18.833038,10.009314,18.784426,8.775112,0.894334068753678,0.9321634341540118,1.3331493139266968,2.1402323246002197
10,impulsive,10.0,13.848805,10.001292,13.666029,3.6647367,0.8405351630453779,0.9217813221870749,1.3099896907806396,1.9234498739242554
10,impulsive,9.999999,15.506857,10.008451,15.39523,5.386779,0.8267331285517797,0.8914277586213799,1.1811476945877075,1.6861698627471924
10,impulsive,10.0,13.044247,10.029924,12.890061,2.860137,0.8734053297629185,0.877928997174977,1.7961305379867554,1.8541419506072998
10,impulsive,10.0,11.785431,10.0019655,11.489058,1.487092,0.9356428140883447,0.9187036055706552,1.3304216861724854,1.5167477130889893
10,impulsive,10.0,14.626355,10.016764,14.560392,4.5436287,0.982886470945689,0.9847188406209099,1.8184492588043213,1.871830940246582
10,impulsive,9.999999,15.175232,10.005102,15.046146,5.041044,0.8469677178345772,0.9139401000932396,1.2361292839050293,2.1919772624969482
10,impulsive,10.000001,13.261323,9.992197,13.18939,3.1971931,0.9190850326499888,0.9220985361250057,2.7381770610809326,2.81708025932312
10,impulsive,10.0,8.821266,9.993624,8.233417,-1.7602072,0.8304287761300748,0.8538541254312625,1.3097774982452393,1.7360241413116455
10,impulsive,10.0,15.841297,10.009331,15.744866,5.7355356,0.7712167502643985,0.8108080333389077,1.2071256637573242,1.4912399053573608
10,impulsive,9.999999,14.157782,9.947633,14.019595,4.0719624,0.8520405061428168,0.9229365492846515,1.1931122541427612,2.0327415466308594
15,nonstationary,14.999999,22.048992,14.9968195,22.075764,7.078944,0.9875832728886079,0.9929214673027321,2.147646427154541,3.737900972366333
15,nonstationary,14.999999,16.512157,14.999623,16.489681,1.490058,0.9558795190704235,0.9569175107275957,1.657474160194397,2.1670992374420166
15,nonstationary,14.999999,21.180193,14.995523,21.145857,6.1503334,0.9521768490992109,0.979992766101037,1.6523951292037964,2.509737968444824
15,nonstationary,15.0,15.099995,14.997175,15.077797,0.08062172,0.9773361589926666,0.9787883894752545,3.1374106407165527,3.1602656841278076
15,nonstationary,15.0,14.704115,15.014447,14.648031,-0.36641598,0.9918480135831893,0.9764145368161199,2.3192849159240723,2.319471836090088
15,nonstationary,15.0,15.670243,14.983807,15.597868,0.61406136,0.9853738255312161,0.9861014722481931,2.377023935317993,2.4359049797058105
15,nonstationary,14.999999,14.835639,14.987959,14.814703,-0.17325592,0.9790347785301596,0.9850089780962104,3.3794093132019043,3.5700523853302
15,nonstationary,15.0,15.836984,14.982528,15.774895,0.792367,0.8143999688756022,0.8301783245427978,1.5147929191589355,1.8319605588912964
15,nonstationary,15.000001,16.916498,15.002682,16.881052,1.8783703,0.9344617920967379,0.9444744207022363,1.9858884811401367,2.4303081035614014
15,nonstationary,15.0,18.84349,14.99427,18.78694,3.7926693,0.7779238521103571,0.8524896836514574,1.4041215181350708,2.082538366317749
15,nonstationary,15.0,18.275892,14.961847,18.22243,3.260582,0.9484139648543893,0.9669007926758184,1.7612895965576172,2.3309834003448486
15,nonstationary,15.0,15.958363,14.982803,15.910978,0.928175,0.7697886932281831,0.7449919385914444,2.512138843536377,2.496441602706909
15,nonstationary,15.0,11.54497,15.003529,11.229363,-3.7741652,0.9802503282738781,0.8802062812239458,2.5719523429870605,1.7592582702636719
15,nonstationary,14.999999,18.043364,14.978236,18.012817,3.0345812,0.9615428120537942,0.9617495581082915,1.8300998210906982,2.768239974975586
15,nonstationary,15.0,16.861008,14.988731,16.791882,1.8031502,0.9198606929494811,0.9363950596415923,1.6220035552978516,1.6889686584472656
15,nonstationary,15.0,5.2046437,15.001234,3.6607025,-11.340531,0.9001664014884736,0.8595126050897234,1.8389091491699219,1.3643503189086914
15,nonstationary,15.0,9.068611,15.059637,8.699225,-6.3604116,0.9430163075306893,0.8712851389936422,2.646216869354248,1.9441773891448975
15,nonstationary,15.0,12.882632,14.9572525,12.66604,-2.291212,0.95652676830507,0.8600348894074151,3.923283338546753,3.3159425258636475
15,nonstationary,15.0,12.999106,14.979658,12.803183,-2.1764755,0.9503045758729958,0.9447922512451834,2.220895290374756,2.591611862182617
15,nonstationary,14.999999,15.017809,15.040822,14.88428,-0.15654182,0.9660043746862422,0.962478285073456,2.0199100971221924,2.5909087657928467
15,nonstationary,14.999999,15.029551,15.004499,14.987415,-0.017084122,0.9400316878015617,0.9392051628730912,1.5182772874832153,1.516872763633728
15,nonstationary,14.999999,4.8441296,14.983114,3.131291,-11.851824,0.9562176593204877,0.9527467115876294,2.085860252380371,2.232048988342285
15,nonstationary,15.0,22.91159,15.003477,22.890755,7.8872776,0.9771510509836994,0.9869371992402995,1.9421091079711914,3.0369739532470703
15,nonstationary,15.0,17.35097,14.978357,17.316378,2.3380203,0.9423694215826688,0.9671640057196756,1.3169891834259033,1.9886384010314941
15,nonstationary,14.999999,8.51081,15.006603,7.8877544,-7.118849,0.7752001749306164,0.6432307943748753,1.8889567852020264,1.6706089973449707
15,nonstationary,14.999999,17.284779,15.009112,17.2389,2.2297869,0.9885621374265798,0.9882343011863456,2.4025321006774902,2.6278066635131836
15,nonstationary,15.0,0.5295871,14.99791,-8.84751,-23.84542,0.9561079964598037,0.8684619591722549,2.121809482574463,1.5064904689788818
15,nonstationary,14.999999,20.183311,14.99875,20.14271,5.14396,0.9369407467728007,0.946350687760235,2.081206798553467,2.535637140274048
15,nonstationary,15.000001,18.494081,14.9987755,18.513592,3.5148163,0.9923165182339558,0.9867115703840946,2.6668570041656494,3.424553632736206
15,nonstationary,14.999999,16.052645,14.995659,15.943991,0.94833183,0.9730950014824323,0.9696476254320506,2.4491379261016846,2.0910098552703857
15,nonstationary,15.0,8.969701,14.975351,8.377327,-6.5980244,0.9379780272265464,0.8829205273180215,2.7192530632019043,2.2057011127471924
15,nonstationary,14.999999,15.87196,14.995415,15.780816,0.78540134,0.906495455892504,0.9068602254874523,1.9575477838516235,2.30875563621521
15,nonstationary,14.999999,12.334937,15.004606,12.15323,-2.8513765,0.7811744377947538,0.8196457799191096,1.9185597896575928,1.529304027557373
15,nonstationary,14.999999,15.46898,15.000187,15.349466,0.3492794,0.9252157588223874,0.9320510483642989,1.344651699066162,1.6267811059951782
15,nonstationary,15.0,16.341234,15.014418,16.24562,1.2312031,0.9250035176782065,0.9066461983376113,1.8315489292144775,1.922306776046753
15,nonstationary,15.0,15.003727,14.999313,14.961156,-0.038157463,0.9960571291179009,0.9958318653368525,1.8161118030548096,1.8269591331481934
15,nonstationary,15.0,10.476091,14.981871,10.068661,-4.91321,0.9225334879800613,0.9043078188134002,1.4395325183868408,1.509089469909668
15,nonstationary,14.999999,16.302359,15.017723,16.27214,1.2544174,0.978889546612906,0.9689627812623802,1.580287218093872,1.9970793724060059
15,nonstationary,15.0,16.92922,15.000497,16.883022,1.8825254,0.9086244554468043,0.9208845516609198,2.416800022125244,2.5740575790405273
15,nonstationary,14.999999,15.860772,14.988935,15.751308,0.762373,0.9660630652463031,0.973349700832202,2.1455585956573486,2.3729135990142822
15,nonstationary,15.000001,17.145456,14.996844,17.10192,2.105075,0.8981021164242052,0.9205758682407383,1.635036587715149,2.2270121574401855
15,nonstationary,14.999999,15.682193,14.962809,15.563328,0.6005192,0.9803445787300457,0.9822385620043451,2.1377289295196533,2.144390106201172
15,nonstationary,15.0,16.649359,15.0266075,16.600365,1.5737572,0.9859291548917664,0.9849435023363399,2.4513607025146484,2.471897602081299
15,nonstationary,14.999999,16.265606,15.01791,16.169567,1.1516571,0.9552549459581813,0.9496839447442327,1.6517494916915894,2.0077342987060547
15,nonstationary,14.999999,16.958944,14.993155,16.87878,1.8856258,0.6896934832224507,0.7203990367527857,2.4079504013061523,2.6060848236083984
15,nonstationary,14.999999,14.941143,14.880087,14.9217415,0.041654587,0.9067473273508074,0.9163711007743881,1.6015613079071045,1.7401351928710938
15,nonstationary,15.0,7.9485903,15.026151,7.193672,-7.8324785,0.9812432843757357,0.941188770225402,1.536978006362915,1.4181694984436035
15,nonstationary,15.0,16.953312,14.9955845,17.022802,2.0272179,0.9001827052858132,0.9165517693515381,1.7687740325927734,2.0117509365081787
15,nonstationary,14.999999,19.296434,14.977731,19.317232,4.3395014,0.9626440642187024,0.9695708909845312,1.6443428993225098,2.870673894882202
15,nonstationary,15.0,6.8852954,14.991861,6.003139,-8.988722,0.8990593540251709,0.8480805274456052,1.4439144134521484,1.4294990301132202
15,nonstationary,14.999999,19.460314,14.976588,19.421051,4.444463,0.9853756682455402,0.9861134802163444,2.4381582736968994,2.9877278804779053
15,nonstationary,15.0,15.589162,14.921368,15.523766,0.6023979,0.9719437034160687,0.968370548594158,2.628633975982666,2.7803049087524414
15,nonstationary,15.0,17.429016,15.005221,17.370722,2.3655005,0.9831084807283632,0.9834399674717041,2.226194143295288,2.531846284866333
15,nonstationary,15.0,13.77467,14.993535,13.601371,-1.3921642,0.9375193396949935,0.9032926618043834,2.355710744857788,1.921504259109497
15,nonstationary,15.0,19.245083,15.013732,19.210623,4.196891,0.9683637194843282,0.9781895627624736,2.1784582138061523,2.527207612991333
15,nonstationary,15.0,17.364841,15.004471,17.287199,2.2827282,0.9214403502488525,0.9362098657471892,1.6981925964355469,2.0756821632385254
15,nonstationary,15.0,17.790321,14.984698,17.723938,2.7392397,0.9519001745091198,0.9517072838899673,2.987424612045288,3.2447376251220703
15,nonstationary,15.0,15.120983,15.000543,15.051551,0.051008224,0.9963518542246586,0.992428994287147,3.509699821472168,3.8398451805114746
15,nonstationary,15.000001,13.955779,15.028291,13.791242,-1.2370491,0.992531083522369,0.9918187509922016,3.050152063369751,2.9136924743652344
15,nonstationary,15.0,15.7544985,14.988585,15.751847,0.7632618,0.9741402197245526,0.9665994741403205,1.5657482147216797,2.2762250900268555
15,nonstationary,14.999999,20.480099,14.979712,20.461208,5.481497,0.9973795158235679,0.9964465035627669,3.2025578022003174,3.7473137378692627
15,nonstationary,15.0,14.290886,15.019125,14.12714,-0.89198494,0.9641783465595427,0.9427175463467946,1.7665801048278809,1.7286162376403809
15,nonstationary,15.0,16.373495,14.969694,16.283104,1.3134098,0.968684350832757,0.9728347175089596,2.011474609375,2.3182687759399414
15,nonstationary,15.0,13.174439,15.000149,12.960867,-2.0392818,0.9093127859783322,0.8439591014187177,1.5719258785247803,1.4869248867034912
15,nonstationary,15.0,19.406893,14.989307,19.413845,4.4245377,0.8098194701006604,0.848005111682265,1.4128690958023071,2.251647710800171
15,nonstationary,14.999999,17.00211,14.995913,16.917845,1.9219322,0.7905194022463985,0.8346164476788177,1.6298190355300903,1.710270881652832
15,nonstationary,15.0,10.9491625,14.981336,10.587078,-4.3942575,0.8628270220030525,0.8392038776747028,1.8048391342163086,1.7004117965698242
15,nonstationary,15.0,14.360224,15.006552,14.334383,-0.67216873,0.935373937181873,0.9208899607892058,1.3891912698745728,1.7510266304016113
15,nonstationary,14.999999,15.084218,14.988837,15.032,0.043162346,0.9828890333207835,0.9828187480878154,2.0706818103790283,2.091505289077759
15,nonstationary,15.0,14.132727,14.99193,14.111164,-0.8807659,0.8583345606830273,0.8731868652020423,2.889096736907959,3.105727195739746
15,nonstationary,14.999999,15.393831,15.036121,15.34716,0.31103897,0.9610290694218637,0.9642644194035342,2.3438966274261475,2.4767098426818848
15,nonstationary,15.0,14.858831,15.01093,14.809457,-0.20147324,0.9733631786728497,0.9714249933694296,3.096266984939575,3.08744215965271
15,nonstationary,15.0,15.929671,15.01607,15.920482,0.9044113,0.9535341211855342,0.9541171709832191,1.496803641319275,1.5227442979812622
15,nonstationary,15.0,11.098904,15.014433,10.790241,-4.2241917,0.980565783787345,0.9673352207286781,1.7185866832733154,2.3343679904937744
15,nonstationary,14.999999,8.851392,15.005027,8.286258,-6.718769,0.9556243319812413,0.9662189861529453,2.171370029449463,2.5763466358184814
15,nonstationary,14.999999,16.882614,14.582788,16.411549,1.8287601,0.9133263826509994,0.9335958428309796,1.796148419380188,2.2331151962280273
15,nonstationary,14.999999,20.104368,15.008741,20.121567,5.1128254,0.8735332544003171,0.8998339800092219,1.2175133228302002,2.317446708679199
15,nonstationary,15.0,11.547823,14.98866,11.274052,-3.7146082,0.9561216612623241,0.9543298259024708,2.177560806274414,2.1624319553375244
15,nonstationary,15.0,16.141064,14.999609,16.034382,1.0347729,0.8798297056059303,0.905647280818291,1.449621319770813,1.9463179111480713
15,nonstationary,15.0,17.673285,15.028116,17.667088,2.6389713,0.9912678146411281,0.9909659635832226,2.2918007373809814,2.3931453227996826
15,nonstationary,15.0,14.565085,14.991768,14.410987,-0.580781,0.9173393128890126,0.9190201820347871,1.8882322311401367,2.178232192993164
15,nonstationary,15.0,17.244802,15.000934,17.164759,2.163825,0.948031399064904,0.9594876591666175,1.7586486339569092,2.474794864654541
15,nonstationary,14.999999,17.070328,14.995363,16.998144,2.002781,0.9538211113513198,0.9568985992634808,2.1754226684570312,2.258800745010376
15,nonstationary,15.0,13.546608,14.975356,13.53303,-1.4423265,0.9524699694239461,0.9333187207579513,2.167532205581665,2.821171283721924
15,nonstationary,15.0,17.272753,14.981833,17.246174,2.2643404,0.9194688327310498,0.9225941113319982,2.132979154586792,2.4129250049591064
15,nonstationary,14.999999,18.554838,15.007898,18.521702,3.5138035,0.9924913817208948,0.9921783492762524,3.192661762237549,3.2827930450439453
15,nonstationary,15.0,15.024784,15.01198,14.948226,-0.06375408,0.9365495434899399,0.938020461267091,2.0356075763702393,2.1161372661590576
15,nonstationary,15.0,15.012335,14.999319,14.995012,-0.004306793,0.9987740394305902,0.9987402057607225,3.0986526012420654,3.0999584197998047
15,nonstationary,15.0,20.210917,14.973049,20.170578,5.197529,0.8820470996124489,0.8834914043289327,2.0611610412597656,2.651771068572998
15,nonstationary,15.000001,15.4633045,15.004216,15.346872,0.34265614,0.9865703545689387,0.9858220686164216,2.755852699279785,2.7410762310028076
15,nonstationary,15.0,13.108958,14.996441,12.941432,-2.055009,0.9550399011990607,0.9491927573004145,1.650331974029541,2.3266801834106445
15,nonstationary,14.999999,20.177017,14.994782,20.232088,5.2373056,0.8929633236480286,0.9217890866106112,1.7601507902145386,2.906000852584839
15,nonstationary,15.0,14.858828,15.411102,14.945557,-0.46554565,0.9262843598193174,0.9356102046807917,2.528012990951538,2.793144464492798
15,nonstationary,14.999999,15.307749,15.021244,15.22994,0.20869637,0.9671768652772121,0.9681826911472378,2.0215394496917725,2.115781784057617
15,nonstationary,14.999999,14.148971,14.995466,14.064813,-0.9306536,0.9523018589148229,0.9533911925163945,1.690469741821289,1.9729037284851074
15,nonstationary,15.0,17.295338,15.012255,17.223003,2.2107487,0.9346168516704709,0.9364473918429721,1.7326782941818237,2.4307539463043213
15,nonstationary,15.0,18.180536,14.999813,18.281,3.281187,0.7878125211820161,0.8571181528892632,1.7685503959655762,2.028120756149292
15,nonstationary,15.0,12.537029,15.003082,12.350969,-2.652113,0.9037474182131651,0.8972021829640553,1.8615669012069702,2.214168071746826
15,nonstationary,15.0,15.968187,15.027851,15.864415,0.83656406,0.918337501949727,0.920592779570333,2.434627056121826,2.721925735473633
15,nonstationary,15.0,16.001614,15.0049925,15.89575,0.89075756,0.9828975840741482,0.981074225463581,3.697512149810791,3.5502352714538574
15,impulsive,14.999999,18.58924,15.003877,18.530676,3.5267992,0.9622720528719031,0.9683526613650628,2.243232250213623,2.6938400268554688
15,impulsive,14.999999,19.791147,15.000065,19.88022,4.8801556,0.9566171477887485,0.9753050386790251,2.4030680656433105,1.9795749187469482
15,impulsive,15.000001,14.605921,15.001209,14.452782,-0.5484276,0.9200301736213586,0.9264776349324163,1.5991671085357666,1.8726184368133545
15,impulsive,14.999999,10.587812,15.004563,10.28379,-4.7207737,0.9814000608856405,0.9502729758512963,2.2154700756073,2.1042139530181885
15,impulsive,15.0,16.346348,14.992133,16.26686,1.2747259,0.9661244104935153,0.969596231648299,2.282628297805786,2.457033395767212
15,impulsive,14.999999,22.340296,14.98896,22.343416,7.354456,0.9906051650158312,0.9961493675552406,2.6102943420410156,2.882101535797119
15,impulsive,15.0,15.265418,14.997856,15.175099,0.17724323,0.8925157300261627,0.9342013868180971,2.5656867027282715,3.2122931480407715
15,impulsive,14.999999,21.243366,14.992982,21.368961,6.3759794,0.9911883550279639,0.9934961741627526,3.0872671604156494,4.0318989753723145
15,impulsive,15.0,17.47176,14.997568,17.471716,2.4741478,0.8254931580430571,0.8460688568849739,1.4848644733428955,2.054414987564087
15,impulsive,15.0,21.65157,14.998304,21.622028,6.623724,0.9119750406282484,0.9648057846119983,2.4877169132232666,3.0842907428741455
15,impulsive,15.0,20.807144,14.995686,20.827652,5.8319664,0.9920530035450627,0.9951878787442024,3.6062099933624268,4.077705383300781
15,impulsive,14.999999,18.113567,15.012035,18.079699,3.0676632,0.6909369630313554,0.7556413282668967,1.304023265838623,2.22627854347229
15,impulsive,15.0,14.294759,15.01554,14.132605,-0.8829355,0.9341373204500832,0.9199355921614749,2.4346859455108643,2.35555100440979
15,impulsive,15.0,18.661394,15.01094,18.64356,3.6326208,0.9449789323087403,0.9637710249807233,1.5078721046447754,2.5370864868164062
15,impulsive,14.999998,16.998089,14.994817,16.963938,1.969121,0.9221738557447613,0.9349506050464188,1.71999192237854,1.7835948467254639
15,impulsive,14.999999,5.5926423,15.002573,4.1927423,-10.809831,0.8330955081987282,0.7911048753816432,1.3956915140151978,1.2685370445251465
15,impulsive,15.0,16.900108,14.993509,16.943699,1.9501896,0.9576250638354081,0.9684250280985649,2.251192808151245,2.672390937805176
15,impulsive,14.999999,11.195172,14.986688,10.947352,-4.0393353,0.8219923749311369,0.7568541442278707,1.7172670364379883,1.9859366416931152
15,impulsive,15.0,14.077967,15.014099,13.916519,-1.09758,0.999996296800186,0.9914581035063418,4.609356880187988,4.193396091461182
15,impulsive,14.999999,15.5294895,15.060855,15.410403,0.34954834,0.9140562507135146,0.9299687174545275,1.4936469793319702,2.388300895690918
15,impulsive,15.0,18.594109,14.994794,18.545486,3.5506926,0.916829847765575,0.9508693481777685,1.9613313674926758,2.9703621864318848
15,impulsive,14.999999,13.562159,15.002574,13.533964,-1.4686098,0.9904484128047281,0.9898092544042499,2.339832305908203,2.3790700435638428
15,impulsive,14.999999,17.152826,15.011824,17.09778,2.0859566,0.87472839238271,0.9182578852010426,2.0626354217529297,2.883049964904785
15,impulsive,15.0,12.836006,15.020543,12.642181,-2.3783617,0.9710867099050041,0.9542748526847395,1.4879724979400635,1.8920252323150635
15,impulsive,14.999999,19.14467,14.990292,19.094189,4.103897,0.9192668377577214,0.930407644551689,1.773239254951477,2.2492599487304688
15,impulsive,14.999999,19.04441,14.977599,19.0391,4.0615015,0.9580638584609877,0.976784728082957,1.9741134643554688,2.770420789718628
15,impulsive,14.999999,14.936243,14.998804,14.956521,-0.04228306,0.9334604652482025,0.9437359020744974,1.8397367000579834,3.026028633117676
15,impulsive,14.999999,8.762323,14.997843,8.799537,-6.198306,0.9090081162294893,0.8723413903894214,1.8094651699066162,1.9888432025909424
15,impulsive,15.0,19.027195,14.99415,18.973238,3.9790878,0.9975231765107434,0.9945543578168158,3.6084892749786377,3.760101079940796
15,impulsive,14.999999,22.077845,15.008383,22.05182,7.043438,0.9961940858301983,0.9959470693698662,2.1741437911987305,2.7849490642547607
15,impulsive,14.999999,13.374166,14.990257,13.304129,-1.6861286,0.8992970086967573,0.9151366441635516,2.4121298789978027,3.144552707672119
15,impulsive,14.999999,19.028841,15.004758,19.138882,4.134124,0.8450190994567528,0.9098218789634969,1.402657151222229,2.645240068435669
15,impulsive,15.0,16.41586,14.649869,16.778406,2.1285372,0.8208871725442778,0.854999412191474,1.3130029439926147,2.2512433528900146
15,impulsive,15.0,15.321094,15.007141,15.193677,0.18653584,0.9453489171524019,0.9048629686519802,1.9862760305404663,2.1523616313934326
15,impulsive,14.999999,17.671154,14.999155,17.598652,2.5994968,0.9016323904748734,0.9210659183640159,1.3507106304168701,1.7556331157684326
15,impulsive,14.999999,16.139,15.0383,16.144646,1.1063461,0.9692798263602761,0.9823076479358562,2.593046188354492,2.784479856491089
15,impulsive,15.0,17.3631,15.00388,17.310202,2.306322,0.9812836331976584,0.9688295826011943,3.039599657058716,3.052290201187134
15,impulsive,15.0,17.866386,15.090905,17.797243,2.706338,0.9742985809316241,0.9729998067665898,2.6432275772094727,3.1135544776916504
15,impulsive,14.999999,22.177147,15.000208,22.1627,7.1624928,0.8930580920173032,0.9596434768323743,1.509210467338562,2.5379769802093506
15,impulsive,15.0,19.582863,14.99962,19.590214,4.5905933,0.839162196306896,0.9201203248539557,1.4943134784698486,2.616942882537842
15,impulsive,15.0,15.147303,14.995986,15.099406,0.10342026,0.9928847093069673,0.9918197033982741,3.243213176727295,3.2551283836364746
15,impulsive,14.999999,15.362493,14.99542,15.320291,0.3248701,0.978661112914028,0.9809655552549539,2.104619026184082,2.2122409343719482
15,impulsive,14.999999,25.210178,15.001117,25.214308,10.213191,0.9999999999999999,0.9999288768163165,4.521862983703613,4.521606922149658
15,impulsive,15.0,22.15759,15.004544,22.131807,7.127263,0.9998196630660142,0.9992881160894865,4.456540107727051,4.468355655670166
15,impulsive,14.999999,18.04206,11.306725,14.271336,2.964611,0.9081880578746206,0.9406955659335464,2.325550079345703,2.5529725551605225
15,impulsive,15.0,16.341309,15.019495,16.24129,1.2217941,0.9913897757594672,0.9892631763268641,2.012028932571411,2.5484611988067627
15,impulsive,15.000001,15.520382,15.002241,15.6665,0.66425896,0.8568673501887729,0.8844933743625517,2.319182872772217,2.1858508586883545
15,impulsive,15.0,17.618416,15.004487,17.5427,2.5382128,0.9804973731637242,0.98692605856322,1.9670627117156982,3.482496976852417
15,impulsive,15.0,16.792662,14.985696,16.716457,1.7307615,0.9060843467662787,0.9145571479147586,1.8251559734344482,1.8926739692687988
15,impulsive,14.999999,24.094088,15.006283,24.145054,9.138771,0.9759973811479383,0.9858281868229202,1.8391491174697876,3.380486011505127
15,impulsive,14.999999,15.578594,14.969312,15.473701,0.5043888,0.9709957349416881,0.9679330611049831,2.1483097076416016,2.6354267597198486
15,impulsive,14.999999,9.335869,15.0028715,8.816896,-6.185975,0.9980475257312449,0.9908123810924612,3.0622611045837402,3.587667465209961
15,impulsive,15.0,18.729723,14.996845,18.677689,3.6808434,0.8714911305790795,0.9309801144798264,1.461925983428955,1.6962718963623047
15,impulsive,15.0,16.789066,15.002519,16.783281,1.7807627,0.9612294349383114,0.962134399754562,2.0681443214416504,2.379556655883789
15,impulsive,14.999999,13.046676,14.991331,12.882227,-2.1091042,0.9474108546908339,0.9540971902753944,2.038360357284546,2.1383957862854004
15,impulsive,14.999999,8.632772,14.942984,8.133355,-6.8096285,0.9591998252139959,0.9427317382529732,3.4856154918670654,3.453934907913208
15,impulsive,15.0,14.304167,15.003367,14.168304,-0.835063,0.9804467817823048,0.9710487909026294,3.121056318283081,3.2626290321350098
15,impulsive,15.000001,14.7169695,14.994007,14.593335,-0.40067196,0.9324178497158082,0.9344278947361886,1.776778221130371,2.1687123775482178
15,impulsive,15.0,18.398613,14.9956045,18.421902,3.4262972,0.9546148231537421,0.985352356386363,1.2682816982269287,2.8832712173461914
15,impulsive,15.0,20.197706,14.986991,20.173126,5.1861353,0.9955947248963123,0.9956968313661864,3.476848840713501,3.666881799697876
15,impulsive,15.0,15.893934,15.008868,15.858784,0.8499155,0.951986929540416,0.9717407836000697,1.7744323015213013,2.2149291038513184
15,impulsive,14.999999,15.545776,17.417648,17.680931,0.26328278,0.9865382238254723,0.9871585510785108,1.7919036149978638,2.484471082687378
15,impulsive,14.999999,18.146145,14.994859,18.083658,3.0887995,0.8072703067801192,0.8395599176807685,1.2850751876831055,1.5063962936401367
15,impulsive,15.0,20.768959,15.002446,20.733337,5.730891,0.6952427888468767,0.7982625041525645,1.2583034038543701,2.023319721221924
15,impulsive,14.999999,16.365334,15.003911,16.264503,1.2605925,0.9901213337780101,0.9831426315743591,2.216505765914917,2.985217571258545
15,impulsive,15.0,19.513468,15.003552,19.47585,4.4722967,0.8472076232250236,0.8973066698540114,1.494640588760376,1.9829654693603516
15,impulsive,15.0,16.25058,14.992991,16.171085,1.1780939,0.9853696016245477,0.9887832084873024,2.033693790435791,2.4698257446289062
15,impulsive,14.999999,12.631273,14.988354,12.706561,-2.2817926,0.7902954084341763,0.818728652038296,1.460831642150879,2.3309166431427
15,impulsive,15.0,14.397625,15.0014305,14.472813,-0.52861786,0.9958906747767398,0.9841960557115467,3.980203866958618,3.7114169597625732
15,impulsive,15.0,17.648571,15.000891,17.577383,2.5764923,0.8240331898872646,0.8910732581028752,1.2820148468017578,1.4614739418029785
15,impulsive,15.0,21.079218,15.013929,21.046751,6.0328217,0.948091373251008,0.9630724673745825,1.6509720087051392,2.6575324535369873
15,impulsive,15.0,13.700045,14.991102,13.595544,-1.3955584,0.974482858170566,0.9750985429598248,1.6949279308319092,2.6503608226776123
15,impulsive,14.999999,17.783077,14.980531,17.715714,2.7351828,0.9451144443714309,0.9563899609990448,2.3279545307159424,3.0462334156036377
15,impulsive,14.999999,13.060703,14.976716,13.147642,-1.8290739,0.8673956034830601,0.8492778991315038,1.6291978359222412,2.386845350265503
15,impulsive,15.0,17.133839,15.028133,17.133596,2.105463,0.9752704881310789,0.9764108182753596,2.808662176132202,3.43247127532959
15,impulsive,15.0,11.845856,15.030751,11.577562,-3.453189,0.9740996732795544,0.9668194298420333,3.2443296909332275,3.3157436847686768
15,impulsive,15.0,17.048172,14.996734,16.963085,1.9663515,0.9388972987901937,0.9474353743162053,1.6588497161865234,2.596440315246582
15,impulsive,15.0,19.133614,14.99743,19.106918,4.1094885,0.996149808154453,0.9971710185130107,3.6311941146850586,4.172234535217285
15,impulsive,15.0,16.792538,14.994038,16.70315,1.7091122,0.9255391782759995,0.9397606941728175,1.7752344608306885,2.5559139251708984
15,impulsive,15.0,25.54183,14.99215,25.533333,10.5411825,0.9931177434132765,0.9941943687011674,3.2023279666900635,3.9379496574401855
15,impulsive,15.0,20.44469,15.005184,20.40592,5.400736,0.9208903828885016,0.970336843471943,1.4471067190170288,2.8907248973846436
15,impulsive,15.0,17.641142,14.997288,17.592722,2.5954342,0.9103327038624299,0.9421068616622811,1.6042859554290771,2.626021146774292
15,impulsive,15.0,22.418594,15.004887,22.396652,7.3917656,0.9404687839567375,0.9621904290908472,2.8568761348724365,3.5617644786834717
15,impulsive,14.999999,18.465416,15.0056095,18.404577,3.3989677,0.9671490445091596,0.980745500595123,1.8213167190551758,2.3828907012939453
15,impulsive,14.999999,29.528542,14.99876,29.540174,14.541414,0.9952136364795064,0.9931239105943971,3.3836376667022705,3.754932403564453
15,impulsive,15.0,17.584322,15.0014,17.54657,2.5451698,0.9700476611527433,0.9729163674247395,1.729398488998413,2.0101780891418457
15,impulsive,14.999999,18.861881,14.991306,18.807497,3.8161907,0.8954047799912411,0.8796417944863667,2.0919172763824463,2.5122101306915283
15,impulsive,15.0,20.494852,15.005262,20.468653,5.4633904,0.9377402318536684,0.9562813942028342,1.6746914386749268,2.332291603088379
15,impulsive,15.0,15.717237,15.000727,15.613363,0.61263657,0.9055116154022578,0.9406262916712818,1.539947748184204,2.3108537197113037
15,impulsive,14.999999,18.941614,15.005487,18.887922,3.8824348,0.8791318731141543,0.9198810123242421,1.3152482509613037,1.9722650051116943
15,impulsive,14.999999,15.996655,15.01643,15.888868,0.87243843,0.9075209650529491,0.9049146521198758,2.0949716567993164,2.3064169883728027
15,impulsive,14.999999,17.225931,15.001114,17.14712,2.1460056,0.9654359635965707,0.9760908957264622,1.495818853378296,2.006843090057373
15,impulsive,14.999999,17.528301,15.009499,17.630905,2.6214066,0.9910139955879691,0.9902759919152048,2.12821626663208,2.0202715396881104
15,impulsive,15.0,18.817282,15.003137,18.763428,3.760291,0.9018192103372734,0.9268147373758858,1.3830430507659912,2.04818058013916
15,impulsive,15.0,16.269896,14.995681,16.213095,1.2174139,0.9468752242530276,0.9470257183946461,3.165825605392456,3.199068307876587
15,impulsive,15.0,13.748095,14.994903,13.638193,-1.3567095,0.9057882149298251,0.9170973795930089,1.5151987075805664,1.893446922302246
15,impulsive,15.0,18.491909,15.005273,18.43124,3.4259672,0.8440142252045322,0.8651728247204106,1.4724353551864624,2.0260982513427734
15,impulsive,14.999999,17.531036,14.972107,17.527527,2.55542,0.9175584854544119,0.9569643767028252,1.348249912261963,2.6743884086608887
20,nonstationary,19.999998,22.153357,19.99825,22.270859,2.2726097,0.9926706035654951,0.9898303259961967,2.4145395755767822,3.7878072261810303
20,nonstationary,20.0,19.283508,19.999794,19.334822,-0.6649723,0.9749803899117013,0.974500331899032,2.619905710220337,2.5032176971435547
20,nonstationary,19.999998,24.7492,19.99698,24.760128,4.7631474,0.9753527560994695,0.9838935449646165,2.0222387313842773,3.0407423973083496
20,nonstationary,20.0,20.006962,19.998428,19.990023,-0.008405685,0.9918190534822398,0.9913864698409174,3.5883326530456543,3.6058402061462402
20,nonstationary,20.0,19.115873,20.008362,19.069593,-0.9387684,0.9973322496963488,0.9834146228171173,3.849365472793579,3.788072109222412
20,nonstationary,20.0,20.138418,19.991127,20.096828,0.10570145,0.993947800515518,0.9938718210430059,2.6288959980010986,2.660322427749634
20,nonstationary,20.0,17.673956,19.98874,17.758543,-2.230198,0.9925993243275278,0.9936558570262629,3.8839621543884277,3.9751439094543457
20,nonstationary,20.0,18.366875,19.990437,18.443819,-1.5466175,0.8670588358303876,0.8871138140614694,2.000171184539795,2.283641815185547
20,nonstationary,20.0,21.049177,20.001476,21.037521,1.0360451,0.9740805021234562,0.9764603385860134,2.595268487930298,2.899636745452881
20,nonstationary,19.999998,22.255983,19.996752,22.231556,2.2348042,0.8566064721707091,0.9025714344366774,1.7542589902877808,2.560581684112549
20,nonstationary,20.0,22.136927,19.979923,22.15142,2.1714973,0.9701427247184762,0.9776427046772647,2.3406031131744385,2.7750327587127686
20,nonstationary,20.0,19.537888,19.991276,19.604963,-0.38631248,0.7944179426468916,0.7703436325195591,2.9184978008270264,2.8653995990753174
20,nonstationary,20.0,13.306068,20.002205,13.111323,-6.8908815,0.9926503448054614,0.8986447065247912,3.2490856647491455,2.1844067573547363
20,nonstationary,19.999998,21.151163,19.988188,21.12989,1.1417027,0.9856559275353378,0.980711034396295,2.5598037242889404,2.987149715423584
20,nonstationary,20.0,20.278759,19.993767,20.245365,0.25159836,0.9484995950291856,0.9504958378761235,1.908400058746338,1.8366755247116089
20,nonstationary,20.0,5.530691,20.000916,4.1049356,-15.89598,0.9438913732351428,0.9011510569387664,2.5015716552734375,1.6532275676727295
20,nonstationary,20.0,9.935786,20.035938,9.737804,-10.298134,0.9764731715562457,0.9154994766087271,3.377365827560425,2.379699945449829
20,nonstationary,20.0,14.324295,19.97168,14.232192,-5.7394876,0.9814691420876541,0.8826762477674037,4.292792797088623,3.611560106277466
20,nonstationary,20.0,15.273266,19.989065,15.190647,-4.798418,0.9786815393992351,0.9660812366563725,2.8955624103546143,3.0464789867401123
20,nonstationary,19.999998,18.283493,20.02414,18.255455,-1.7686844,0.9879817207687839,0.9808599316409659,2.6185452938079834,3.0633232593536377
20,nonstationary,20.0,19.911724,20.002554,19.890377,-0.112176895,0.964101574398066,0.963483754267614,2.030160903930664,2.047481060028076
20,nonstationary,20.0,5.860013,19.991043,4.639839,-15.351204,0.9843930945791882,0.9740268021531078,2.7877888679504395,2.777872085571289
20,nonstationary,19.999998,25.234837,20.001965,25.223408,5.221443,0.9889260991688379,0.9928894466890419,2.458301067352295,3.5112547874450684
20,nonstationary,19.999998,14.2722845,19.988249,14.203123,-5.7851257,0.9749994608786978,0.9633508819558576,1.784148931503296,2.2563745975494385
20,nonstationary,20.0,11.353218,20.003748,11.145768,-8.85798,0.874534950483317,0.7708654600294957,2.4493422508239746,2.0003762245178223
20,nonstationary,20.0,22.093338,20.00519,22.066456,2.061266,0.9962503554605318,0.9957214543773679,2.905866861343384,3.144361734390259
20,nonstationary,20.0,4.875522,19.99874,3.6981013,-16.300638,0.9824267365694933,0.9234790856251807,2.6239330768585205,2.005789041519165
20,nonstationary,19.999998,23.873875,19.999298,23.858044,3.8587456,0.954141874882993,0.9615269072151361,2.6772701740264893,3.024129867553711
20,nonstationary,20.0,21.379053,19.999493,21.412037,1.4125443,0.996882761561626,0.9932625156905378,3.0036027431488037,3.4760425090789795
20,nonstationary,20.0,18.620153,19.997574,18.585783,-1.4117908,0.9898567962106486,0.9859715998057024,2.9063572883605957,2.34785532951355
20,nonstationary,20.0,18.45379,19.975927,18.468859,-1.5070686,0.9683647606895359,0.9589957246461699,3.1423392295837402,3.087247133255005
20,nonstationary,20.0,20.497337,19.997387,20.465233,0.46784592,0.963919491874978,0.9580935465506544,2.6255733966827393,3.096565008163452
20,nonstationary,19.999998,12.941789,20.002165,12.798778,-7.2033873,0.818869466093422,0.8448507297698395,2.2889513969421387,2.2754008769989014
20,nonstationary,19.999998,19.174122,20.001583,19.136292,-0.8652916,0.9647822952129151,0.9655523833229984,2.0157854557037354,2.0597336292266846
20,nonstationary,20.0,19.832783,20.00832,19.787735,-0.22058487,0.9671206589954422,0.9366445109059781,2.1327335834503174,2.3052592277526855
20,nonstationary,20.0,19.825033,19.999615,19.796577,-0.20303726,0.9987610684216633,0.9987347075050171,2.376508951187134,2.3878095149993896
20,nonstationary,20.0,11.278047,19.990114,10.951054,-9.039061,0.9596744347846073,0.9224297542225072,1.8852612972259521,1.8331849575042725
20,nonstationary,20.0,19.10564,20.010208,19.119972,-0.8902359,0.9917210072663126,0.9849405146678055,2.030390739440918,2.272409439086914
20,nonstationary,20.0,21.537167,20.000332,21.507719,1.5073872,0.9285852198471616,0.9406900811131491,2.9668378829956055,2.9077632427215576
20,nonstationary,19.999998,19.363401,19.995075,19.37898,-0.6160946,0.985772499049281,0.9862050681887811,2.7596323490142822,2.9110026359558105
20,nonstationary,20.0,19.83163,19.998234,19.862247,-0.13598633,0.9500610474002025,0.9570594352741361,2.2963595390319824,2.6991775035858154
20,nonstationary,20.0,19.68858,19.980295,19.642282,-0.3380127,0.9937878496229874,0.9925638671328542,2.861638307571411,3.0316808223724365
20,nonstationary,20.0,19.307068,20.027817,19.297668,-0.7301483,0.9934013859066226,0.9866411126155057,2.6749415397644043,2.561267375946045
20,nonstationary,19.999998,20.54918,20.010317,20.532452,0.5221348,0.9802316514009289,0.9748566951763431,2.161020040512085,2.408357620239258
20,nonstationary,19.999998,19.76082,19.996193,19.724142,-0.27205086,0.7291038072510434,0.7619840314990552,2.9138073921203613,3.038926124572754
20,nonstationary,20.0,17.555775,19.903065,17.616627,-2.286438,0.9623126247242485,0.9598388963672283,2.3009886741638184,2.45760440826416
20,nonstationary,20.0,8.605691,20.01525,7.9873714,-12.027878,0.9932186965724316,0.9582873759987578,2.1842010021209717,1.9699902534484863
20,nonstationary,19.999998,20.628288,19.995552,20.803411,0.8078594,0.9293377631970323,0.9313413720904035,2.012265682220459,3.028643846511841
20,nonstationary,20.0,21.934965,19.987919,21.994339,2.0064201,0.9850185501031331,0.9856136036100913,2.260716438293457,3.159696578979492
20,nonstationary,19.999998,7.5941763,19.996683,6.858371,-13.138312,0.9511197115094617,0.8943044607124154,1.7371383905410767,1.9013606309890747
20,nonstationary,20.0,23.535202,19.98732,23.530445,3.5431252,0.9956097402548055,0.9941865166321984,2.940539598464966,3.2679333686828613
20,nonstationary,20.0,17.736223,19.91711,18.001612,-1.9154987,0.9874342459456591,0.9854931458037307,3.1576898097991943,3.2484090328216553
20,nonstationary,20.0,20.563187,20.002958,20.52491,0.5219517,0.9901097458310762,0.9902606244723431,3.1863574981689453,3.332784414291382
20,nonstationary,20.0,16.486801,19.996504,16.407066,-3.5894375,0.9677133668174039,0.9281529420908069,2.8021464347839355,2.02744722366333
20,nonstationary,20.0,21.913374,20.007877,21.888277,1.8803997,0.9871930656717015,0.9889073271626602,2.478579521179199,2.7916903495788574
20,nonstationary,19.999998,20.613853,20.002527,20.613697,0.6111698,0.9621330370522851,0.9647544972176342,2.2581980228424072,2.6533002853393555
20,nonstationary,19.999998,21.315823,19.981377,21.266785,1.285408,0.971395425690736,0.9674194416908753,3.3739960193634033,3.4822561740875244
20,nonstationary,20.0,19.642635,20.002472,19.597275,-0.40519714,0.998388982210406,0.994252029646501,3.9128482341766357,4.096358299255371
20,nonstationary,20.0,16.5956,20.018518,16.51266,-3.5058594,0.9964465694495963,0.9955236550221542,3.5199713706970215,3.3290047645568848
20,nonstationary,20.0,17.66769,19.993689,17.792622,-2.201067,0.9906312071385799,0.9826785087961052,2.076781749725342,2.81866455078125
20,nonstationary,19.999998,24.038527,19.98926,24.07373,4.0844707,0.999192491843382,0.9983914312464436,3.3796989917755127,3.9954564571380615
20,nonstationary,19.999998,15.942353,20.011032,15.886317,-4.124715,0.9854544088819615,0.957601031503134,2.1594974994659424,2.0169119834899902
20,nonstationary,20.0,20.337055,19.9838,20.304588,0.32078743,0.9881249022695926,0.9889246220127454,2.6134097576141357,2.704281806945801
20,nonstationary,19.999998,12.9839525,20.000086,12.763692,-7.236394,0.9237607842641983,0.8557539950302323,1.9417259693145752,1.59284245967865
20,nonstationary,20.0,20.822887,19.994102,20.856956,0.862854,0.8781434138285337,0.8621513054013463,1.8549714088439941,2.4189770221710205
20,nonstationary,19.999998,19.003271,19.997849,18.949234,-1.0486145,0.8493650955329832,0.8798758587566795,2.1421597003936768,2.410829782485962
20,nonstationary,20.0,16.278233,19.989807,16.200027,-3.7897797,0.9076999972304377,0.8997592019959263,2.2704625129699707,2.2419590950012207
20,nonstationary,20.0,19.797348,20.00372,19.761028,-0.24269104,0.9605793017657436,0.9557915428528742,1.8922975063323975,2.319739818572998
20,nonstationary,20.0,19.8242,19.993393,19.79846,-0.19493294,0.9933514769544621,0.9932071097158881,2.556853771209717,2.5619254112243652
20,nonstationary,20.0,18.751917,19.99552,19.019878,-0.97564125,0.8874637370726219,0.8868392384695379,3.5820391178131104,3.5630762577056885
20,nonstationary,19.999998,19.627596,20.021255,19.599035,-0.42222023,0.9838284462835672,0.9824505306586211,3.026881217956543,3.0709877014160156
20,nonstationary,20.0,19.596746,20.006647,19.55868,-0.44796753,0.9805149683736143,0.9787489408174316,3.34838604927063,3.3359766006469727
20,nonstationary,19.999998,20.052052,20.009235,20.055735,0.046499252,0.9713983107177525,0.9714219519032086,1.8558073043823242,1.8633315563201904
20,nonstationary,20.0,9.649519,20.008276,9.164036,-10.84424,0.9927710114935289,0.9717027678961279,2.200406789779663,2.4114153385162354
20,nonstationary,20.0,13.810041,20.002806,13.834109,-6.1686964,0.9766067389522579,0.9841149443347461,2.7889301776885986,3.1427555084228516
20,nonstationary,20.0,20.030174,19.57986,19.57914,-0.0007209778,0.9531328163247876,0.9556161511567756,2.217512845993042,2.290466785430908
20,nonstationary,20.0,22.309122,20.004976,22.375626,2.3706493,0.9173204745725826,0.9349461208600359,1.310131549835205,3.1316580772399902
20,nonstationary,20.0,15.617819,19.99161,15.680435,-4.3111744,0.9761304280687629,0.9752164092361189,2.6746015548706055,2.649869918823242
20,nonstationary,20.0,17.471182,19.99996,17.402271,-2.5976887,0.9209398766703799,0.9260290608083732,1.9352549314498901,2.4346487522125244
20,nonstationary,20.0,21.160982,20.017048,21.150185,1.1331367,0.9969254097420476,0.9961613042806896,2.753365993499756,2.7516028881073
20,nonstationary,20.0,18.854519,19.9944,18.799917,-1.1944828,0.9495843278644193,0.9462135032718058,2.5865190029144287,2.709155321121216
20,nonstationary,20.0,20.81816,20.000565,20.795567,0.795002,0.9738512966488804,0.978601687616806,2.2996013164520264,2.888545274734497
20,nonstationary,20.0,20.96096,19.99741,20.926142,0.9287319,0.9739022742844698,0.9734102502739209,2.6562721729278564,2.6107401847839355
20,nonstationary,20.0,21.536839,19.98669,21.63908,1.6523895,0.9753809368781394,0.9705381373165806,2.4353830814361572,3.298460006713867
20,nonstationary,20.0,19.496563,19.990322,19.482367,-0.50795555,0.9482648886497399,0.951800985248931,2.8012826442718506,2.8333301544189453
20,nonstationary,19.999998,21.25435,20.004486,21.237022,1.2325363,0.997487447381585,0.9973944523813251,3.9115383625030518,3.955434799194336
20,nonstationary,20.0,19.407421,20.006865,19.358685,-0.64818,0.9647307076143778,0.9628483425388681,2.668548107147217,2.7538769245147705
20,nonstationary,20.0,19.9626,19.999619,19.952103,-0.04751587,0.9995991587714536,0.9995841744905942,3.4820871353149414,3.4810585975646973
20,nonstationary,20.0,23.111174,19.985504,23.092926,3.1074219,0.9260707702146357,0.9192988858943618,2.581798553466797,2.9914252758026123
20,nonstationary,20.0,14.294959,20.002632,14.130601,-5.872031,0.9910839559699656,0.9827895356383336,3.2981560230255127,3.0064845085144043
20,nonstationary,19.999998,16.683176,19.998013,16.650724,-3.3472881,0.9808966287112727,0.9731981261094516,2.25846266746521,2.8969411849975586
20,nonstationary,20.0,23.605574,19.997135,23.73112,3.733984,0.943074004016499,0.9477848930238997,2.1726391315460205,3.0705759525299072
20,nonstationary,20.0,17.688877,20.411545,17.819632,-2.5919132,0.9556189081988545,0.9564491647702974,3.2285642623901367,3.3688578605651855
20,nonstationary,20.0,19.810291,20.012304,19.785942,-0.22636223,0.9871197162010588,0.9872044834594456,2.692871570587158,2.7179982662200928
20,nonstationary,19.999998,17.753765,19.99747,17.817966,-2.1795044,0.9794860638334384,0.9798909485269908,2.3423361778259277,2.479863166809082
20,nonstationary,20.0,18.776768,20.007393,18.736275,-1.2711182,0.9576690380523357,0.9573483214897505,2.0941920280456543,2.788116455078125
20,nonstationary,20.0,18.97856,19.999893,19.045122,-0.95477104,0.8630613749752448,0.8903691827179179,2.2116312980651855,2.320406675338745
20,nonstationary,20.0,15.78841,20.001667,15.816015,-4.185652,0.9575671014894859,0.9455421130535412,2.676600933074951,2.797719955444336
20,nonstationary,20.0,20.649174,20.016235,20.613693,0.5974579,0.9599907169874028,0.9617872516786463,3.4931788444519043,3.5908472537994385
20,nonstationary,20.0,18.803526,20.002869,18.870295,-1.1325741,0.9928336676339933,0.9848590145541575,3.9988598823547363,3.699615001678467
20,impulsive,19.999998,21.126572,20.002316,21.09555,1.093235,0.9770906595261862,0.9796120702044004,2.564971685409546,3.101820707321167
20,impulsive,20.0,18.98165,20.00032,19.132807,-0.86751366,0.9815961528372512,0.9849598708059153,2.911062002182007,2.2040035724639893
20,impulsive,20.0,16.122684,20.0005,16.018398,-3.9821014,0.9407293705303154,0.9402331387732206,1.8678481578826904,2.0639309883117676
20,impulsive,19.999998,13.129,20.004307,13.094178,-6.9101286,0.9896174014499204,0.9640880808814328,2.6513450145721436,2.646246910095215
20,impulsive,20.0,19.675589,19.995516,19.631254,-0.36426163,0.9882944920686896,0.9879358856140101,2.768388509750366,2.7884926795959473
20,impulsive,20.0,21.544804,19.993986,21.619663,1.6256771,0.9960220814501337,0.9953989668517046,2.6610281467437744,2.969825506210327
20,impulsive,20.0,15.461522,19.998875,15.343788,-4.6550865,0.9356290858246988,0.9485557510596011,3.1831603050231934,3.4221668243408203
20,impulsive,20.0,20.318594,19.996094,20.589977,0.5938835,0.9935608948904341,0.9898546113122063,3.3043413162231445,3.903973340988159
20,impulsive,20.0,19.415247,19.998652,19.430136,-0.5685158,0.8749963931518152,0.8635655688680405,1.6409094333648682,2.2753400802612305
20,impulsive,20.0,25.125181,19.999071,25.15249,5.1534195,0.9481683382330792,0.9823117623180164,3.139707088470459,3.770637273788452
20,impulsive,20.0,26.051226,19.999407,26.057476,6.058069,0.9948306551732916,0.998458118457698,4.012811660766602,4.337045192718506
20,impulsive,20.0,20.55688,20.006887,20.5387,0.53181267,0.7395548354197559,0.7819136788918168,1.641869068145752,2.411318302154541
20,impulsive,20.0,16.663445,20.008867,16.608982,-3.3998852,0.9670846663211583,0.9419203913431232,3.17006778717041,2.8281168937683105
20,impulsive,20.0,21.306925,20.006254,21.348955,1.342701,0.9761629769793391,0.9815821795910713,1.9580986499786377,2.679971933364868
20,impulsive,19.999998,20.387619,19.997108,20.364664,0.36755562,0.9391095768935545,0.9444201846752224,2.5377182960510254,2.460742235183716
20,impulsive,20.0,5.531765,20.002571,4.106735,-15.895836,0.8948688198882083,0.8441359905815775,1.7635440826416016,1.4638006687164307
20,impulsive,20.0,19.629696,19.996407,19.6914,-0.30500603,0.979835295090407,0.9844318578276416,2.7179887294769287,3.123167037963867
20,impulsive,20.0,11.152581,19.987183,10.935331,-9.051851,0.881332110215739,0.7855110130396674,2.05271053314209,1.956078290939331
20,impulsive,20.0,16.314634,20.008606,16.308443,-3.700163,0.9999988329959044,0.9936732540326334,4.6336493492126465,4.263645648956299
20,impulsive,19.999998,18.201147,20.036713,18.260612,-1.7761002,0.9514547891443603,0.9528267039858017,1.9979023933410645,2.992910146713257
20,impulsive,20.0,18.276236,19.997114,18.224663,-1.7724514,0.9448212688084509,0.9603876399969585,2.4416096210479736,3.2999634742736816
20,impulsive,19.999998,14.9082,20.001495,14.991183,-5.010312,0.996896459160155,0.9957875749943478,2.7600901126861572,2.7036240100860596
20,impulsive,19.999998,19.329441,20.009026,19.302656,-0.7063694,0.936665585832588,0.9447121141337312,2.7533035278320312,3.2731077671051025
20,impulsive,20.0,14.062975,20.011875,13.945251,-6.0666237,0.9870391815922673,0.9652393604870166,1.8288195133209229,2.0877068042755127
20,impulsive,19.999998,21.197327,19.994635,21.164875,1.1702404,0.9527628324854568,0.9593052146764466,2.2374889850616455,2.68996524810791
20,impulsive,20.0,22.420595,19.987846,22.453403,2.465557,0.9829331306859279,0.985997117434748,2.6124589443206787,3.123199939727783
20,impulsive,19.999998,17.99224,19.999226,18.134048,-1.8651772,0.9634017745549471,0.9693151590495441,2.193218946456909,3.5374295711517334
20,impulsive,19.999998,14.362474,19.998863,14.604119,-5.394744,0.9423419504392135,0.938416489108038,2.2273130416870117,2.4905476570129395
20,impulsive,19.999998,21.634235,19.996746,21.626652,1.6299057,0.999082984190899,0.9940999186712297,3.929797649383545,3.8876099586486816
20,impulsive,19.999998,23.13702,20.004795,23.116955,3.1121597,0.9987902391793471,0.9985978973064504,2.403855562210083,4.162871837615967
20,impulsive,20.0,13.851448,19.98962,13.8206625,-6.1689577,0.9373250590341313,0.9428578411689831,3.117072105407715,3.5751731395721436
20,impulsive,19.999998,22.653906,20.003025,22.651024,2.6479988,0.8879665702897783,0.9079391956958637,1.7358546257019043,2.4024312496185303
20,impulsive,20.0,4.8645287,19.648148,3.3329248,-16.315224,0.8609636928625422,0.816057123597699,1.5039695501327515,2.1084682941436768
20,impulsive,20.0,16.935171,20.004065,16.869493,-3.134571,0.9725418844462397,0.9290049468665342,2.36675763130188,2.4580276012420654
20,impulsive,20.0,21.459858,19.999537,21.42951,1.4299736,0.9437403876275724,0.9523236505504716,1.6277315616607666,2.1891932487487793
20,impulsive,20.0,20.081758,20.043747,20.093494,0.049747467,0.9792272027451192,0.9872476131805087,2.8146536350250244,2.948225498199463
20,impulsive,20.0,21.22545,20.002193,21.222162,1.2199688,0.9927250849008779,0.9840664775502154,3.4531795978546143,3.5554471015930176
20,impulsive,20.000002,20.178246,20.056278,20.169199,0.11292076,0.9891248499571234,0.9881490488539222,3.4588654041290283,3.506300926208496
20,impulsive,19.999998,23.665693,20.00013,23.65344,3.6533108,0.9322431169781557,0.9697903984303652,1.8717589378356934,2.5779294967651367
20,impulsive,20.0,21.36424,19.999735,21.339857,1.3401222,0.8919803682449251,0.9242390229529601,1.9626635313034058,2.4787895679473877
20,impulsive,20.0,19.688446,19.997812,19.653866,-0.34394646,0.9969803753238271,0.9958024593903921,3.4607646465301514,3.461754083633423
20,impulsive,19.999998,19.983576,19.997313,19.956032,-0.041280746,0.991231684239226,0.9914140518823236,2.5901925563812256,2.606187105178833
20,impulsive,20.0,25.77222,20.001125,25.769527,5.768402,0.9999999999999999,0.9997633417774199,4.527889251708984,4.500396251678467
20,impulsive,20.0,24.924442,20.00391,24.911888,4.907978,0.9999387398780842,0.9995804876703657,4.58721399307251,4.590469837188721
20,impulsive,20.0,20.423166,16.289433,16.692472,0.40303993,0.9540233059432923,0.9599982411513026,2.948988914489746,3.015974998474121
20,impulsive,20.0,20.000874,20.011656,19.963305,-0.048351288,0.9966847664401134,0.993304341723905,3.054997682571411,3.377835988998413
20,impulsive,20.0,15.992986,20.001677,16.246296,-3.7553806,0.882951420959069,0.907475757032228,2.7584681510925293,2.676330089569092
20,impulsive,20.0,21.738546,20.00254,21.723127,1.7205868,0.992698944199368,0.9949232564616582,2.644929885864258,3.785475730895996
20,impulsive,20.0,19.98582,19.992134,19.946991,-0.045143127,0.9477557899942658,0.9480868067127393,2.5350544452667236,2.5919840335845947
20,impulsive,19.999998,26.845112,20.003563,26.904993,6.90143,0.9914202348697955,0.993100178500602,2.17109751701355,3.631056308746338
20,impulsive,19.999998,11.385515,19.975626,11.11636,-8.859266,0.9886701449051247,0.9422355740312762,2.982529640197754,2.6158552169799805
20,impulsive,20.0,12.981577,20.001621,12.871999,-7.1296225,0.9991538818383302,0.9964957491644614,3.810655117034912,4.153313159942627
20,impulsive,20.0,21.25298,19.998234,21.222221,1.2239876,0.916509010587549,0.9432490033156555,1.8402438163757324,2.0754289627075195
20,impulsive,20.0,16.550295,20.001423,16.558258,-3.4431648,0.9823005184832883,0.9724186601044295,2.607180118560791,3.170631170272827
20,impulsive,20.0,18.28156,19.99552,18.404415,-1.5911045,0.9746131136559903,0.9771587983375908,2.6371304988861084,3.0287253856658936
20,impulsive,20.0,8.846832,19.94951,8.373916,-11.575595,0.9747925663050988,0.9535809481692803,3.813554525375366,3.5841190814971924
20,impulsive,19.999998,14.58911,20.001587,14.478322,-5.523265,0.9900143287221661,0.9752831618518293,3.6327052116394043,3.4981396198272705
20,impulsive,20.0,15.965584,19.996658,15.899657,-4.097001,0.9692035376489575,0.964095817372311,2.5326554775238037,2.6187400817871094
20,impulsive,20.0,18.94772,19.997719,19.035084,-0.96263504,0.9798904807604425,0.9924369575034795,1.5362776517868042,3.4161670207977295
20,impulsive,19.999998,22.099993,19.993048,22.083267,2.0902195,0.9986667981309695,0.9986160984869135,3.779574155807495,4.285600185394287
20,impulsive,20.0,20.07552,20.007067,20.11348,0.10641289,0.9802606403199633,0.9853549674380179,2.251694917678833,2.7083890438079834
20,impulsive,19.999998,18.719788,22.41671,19.999765,-2.4169445,0.995152845970351,0.993418412982462,2.4598255157470703,3.123281478881836
20,impulsive,19.999998,21.288149,19.997824,21.258179,1.260355,0.8628751940581513,0.8740622508821537,1.4611849784851074,1.6629369258880615
20,impulsive,19.999998,24.323341,20.0015,24.310474,4.308975,0.7575735503227558,0.8250835966361499,1.4414141178131104,2.2795207500457764
20,impulsive,19.999998,18.665565,20.002262,18.6105,-1.3917618,0.9949029407165882,0.9940416962333042,2.9500014781951904,3.453871250152588
20,impulsive,20.0,22.681238,20.002007,22.658083,2.6560764,0.904472102241763,0.9270311974678622,1.83271062374115,2.3394978046417236
20,impulsive,20.0,19.901554,19.99567,19.864407,-0.13126373,0.9944946375572516,0.993838559248761,2.8554723262786865,3.046388864517212
20,impulsive,20.0,14.237212,19.994148,14.488857,-5.505291,0.8410978172392722,0.850977701245771,1.8525686264038086,2.5534470081329346
20,impulsive,20.0,13.615845,20.000767,13.588552,-6.4122143,0.9986911731835236,0.9804561989986316,4.089837074279785,3.455091953277588
20,impulsive,20.0,20.995129,20.000772,20.96149,0.96071815,0.8851568853485389,0.9028865062299873,1.459233283996582,1.606844425201416
20,impulsive,20.0,23.247826,20.007982,23.228615,3.2206326,0.9632446687216294,0.9672514411298091,1.9862679243087769,2.5945932865142822
20,impulsive,20.0,11.204798,19.995068,10.882787,-9.112281,0.9891349282286117,0.9819557949846331,2.27683424949646,2.7537269592285156
20,impulsive,20.0,16.95953,19.992966,16.923775,-3.069191,0.9671889528316103,0.9711295018890356,2.8443171977996826,3.264481544494629
20,impulsive,20.0,7.884226,19.981127,7.188059,-12.793068,0.894928681349697,0.811005656616172,2.380500316619873,2.205033540725708
20,impulsive,20.0,19.165817,20.021755,19.22319,-0.7985649,0.9883089374621439,0.9862811274500357,3.4468939304351807,3.5936756134033203
20,impulsive,19.999998,15.838237,20.018015,15.795859,-4.2221556,0.986181868311248,0.9764306398541578,3.768056869506836,3.5546939373016357
20,impulsive,20.0,18.365784,19.998173,18.306381,-1.6917915,0.96281351685015,0.9578446560353359,2.2765979766845703,2.5034077167510986
20,impulsive,20.0,21.90078,19.999744,21.889153,1.8894081,0.9988421978535662,0.9989990473541717,4.013188362121582,4.321197032928467
20,impulsive,19.999998,20.08747,19.995651,20.044748,0.04909706,0.9478939280329333,0.956345727597345,2.3114426136016846,2.9732582569122314
20,impulsive,20.0,28.174114,19.99564,28.169277,8.173637,0.9967431581603977,0.9969548122293755,3.9229445457458496,4.103883266448975
20,impulsive,20.0,21.558477,20.002964,21.529575,1.5266113,0.9556286640451648,0.9813263962388075,1.8272361755371094,3.243476390838623
20,impulsive,20.0,20.073593,19.998964,20.136711,0.13774681,0.9546482164847929,0.966634075910009,2.3188326358795166,3.0716233253479004
20,impulsive,19.999998,25.34929,20.003044,25.33693,5.333885,0.9686607977070775,0.9747068419896586,3.3013079166412354,3.781423330307007
20,impulsive,19.999998,21.566483,20.003176,21.536678,1.5335026,0.9873664037284627,0.9913088685310413,2.421736240386963,2.712883234024048
20,impulsive,20.0,29.770613,19.999306,29.768879,9.769573,0.9981572926004724,0.9952266433968989,3.768514633178711,3.781236171722412
20,impulsive,19.999998,20.663445,20.00182,20.65091,0.6490898,0.9878229832397893,0.988527299371425,2.045619249343872,2.1789443492889404
20,impulsive,19.999998,21.131533,19.995176,21.098202,1.1030254,0.9241838163838477,0.9100903885940854,2.6451268196105957,2.844144821166992
20,impulsive,20.0,21.052225,20.00298,21.092093,1.0891132,0.9701528653355943,0.9768192007172337,2.0597639083862305,2.8028671741485596
20,impulsive,20.0,17.441544,20.00041,17.391502,-2.6089077,0.9486009056198597,0.9633943550633911,1.7941970825195312,2.7443172931671143
20,impulsive,20.0,23.890717,20.003822,23.87463,3.8708076,0.9141584236782108,0.9427681152001971,1.651989221572876,2.742258071899414
20,impulsive,19.999998,19.865763,20.008831,19.82529,-0.18354034,0.9336705365205528,0.9475534145377763,2.6360316276550293,2.886622428894043
20,impulsive,20.0,21.103916,20.000637,21.072304,1.0716667,0.9832407532592364,0.9866380961673639,1.8311116695404053,2.4719109535217285
20,impulsive,20.0,18.764744,20.005413,19.083673,-0.9217396,0.9955343521245383,0.9919514666390505,2.3159825801849365,2.057495355606079
20,impulsive,20.0,18.566465,20.002033,18.512033,-1.4899998,0.9481412121529322,0.9564655689101164,1.6794512271881104,2.250258445739746
20,impulsive,20.0,20.656448,19.99764,20.621048,0.62340736,0.9733734934638038,0.9733061523215059,3.5367414951324463,3.534128189086914
20,impulsive,20.0,17.468527,19.99562,17.608936,-2.3866844,0.9524284398693529,0.9556958830597563,1.9509154558181763,2.593583345413208
20,impulsive,20.0,20.691238,20.00299,20.654434,0.6514435,0.9066015421694711,0.9073662972089531,1.7612018585205078,2.3180313110351562
20,impulsive,19.999998,20.399942,19.98584,20.441597,0.45575714,0.9588654031730542,0.9748946882278722,1.7044966220855713,3.0335164070129395
